generation,best_fitness,mean_fitness,worst_fitness,std_fitness,n_hospitals_large,n_hospitals_small,time_simulation,time_offspring,n_population,did_random_restart
0,0.13651767017006203,0.14401907090695176,0.15089681385857667,0.0038412148249869593,35,110,6.541181325912476,0.0004892349243164062,10,False
1,0.13651767017006203,0.1440190709069518,0.15089681385857667,0.0038412148249869593,35,110,0.0007777214050292969,0.00013518333435058594,10,False
2,0.13651767017006203,0.1440190709069518,0.15089681385857667,0.0038412148249869593,35,110,0.0005428791046142578,0.00010895729064941406,10,False
3,0.13651767017006203,0.1440190709069518,0.15089681385857667,0.0038412148249869593,35,110,0.0005555152893066406,7.867813110351562e-05,10,False
4,0.13651767017006203,0.1440190709069518,0.15089681385857667,0.0038412148249869593,35,110,0.0004763603210449219,5.91278076171875e-05,10,False
5,0.13651767017006203,0.1440190709069518,0.15089681385857667,0.0038412148249869593,35,110,0.00044035911560058594,5.1021575927734375e-05,10,False
6,0.13651767017006203,0.1440190709069518,0.15089681385857667,0.0038412148249869593,35,110,0.0004391670227050781,4.982948303222656e-05,10,False
7,0.13651767017006203,0.1440190709069518,0.15089681385857667,0.0038412148249869593,35,110,0.0004391670227050781,5.0067901611328125e-05,10,False
8,0.13651767017006203,0.1440190709069518,0.15089681385857667,0.0038412148249869593,35,110,0.0004525184631347656,4.9591064453125e-05,10,False
9,0.13651767017006203,0.1440190709069518,0.15089681385857667,0.0038412148249869593,35,110,0.0019376277923583984,5.936622619628906e-05,10,False
10,0.13651767017006203,0.1440190709069518,0.15089681385857667,0.0038412148249869593,35,110,0.0004343986511230469,6.29425048828125e-05,10,False
11,0.13651767017006203,0.1440190709069518,0.15089681385857667,0.0038412148249869593,35,110,0.00047850608825683594,4.887580871582031e-05,10,False
12,0.13651767017006203,0.1440190709069518,0.15089681385857667,0.0038412148249869593,35,110,0.0007174015045166016,6.747245788574219e-05,10,False
13,0.13651767017006203,0.1440190709069518,0.15089681385857667,0.0038412148249869593,35,110,0.000484466552734375,8.320808410644531e-05,10,False
14,0.13651767017006203,0.1440190709069518,0.15089681385857667,0.0038412148249869593,35,110,0.00040721893310546875,6.866455078125e-05,10,False
15,0.13651767017006203,0.1440190709069518,0.15089681385857667,0.0038412148249869593,35,110,0.0004391670227050781,5.0067901611328125e-05,10,False
16,0.13651767017006203,0.1440190709069518,0.15089681385857667,0.0038412148249869593,35,110,0.00040149688720703125,4.38690185546875e-05,10,False
17,0.13651767017006203,0.1440190709069518,0.15089681385857667,0.0038412148249869593,35,110,0.00039649009704589844,4.267692565917969e-05,10,False
18,0.13651767017006203,0.1440190709069518,0.15089681385857667,0.0038412148249869593,35,110,0.000499725341796875,4.6253204345703125e-05,10,False
19,0.13651767017006203,0.1440190709069518,0.15089681385857667,0.0038412148249869593,35,110,0.0004794597625732422,5.841255187988281e-05,10,False
20,0.13651767017006203,0.1440190709069518,0.15089681385857667,0.0038412148249869593,35,110,0.0004832744598388672,5.698204040527344e-05,10,False
21,0.13651767017006203,0.1440190709069518,0.15089681385857667,0.0038412148249869593,35,110,0.0004987716674804688,6.031990051269531e-05,10,False
22,0.13651767017006203,0.1440190709069518,0.15089681385857667,0.0038412148249869593,35,110,0.0004878044128417969,5.9604644775390625e-05,10,False
23,0.13651767017006203,0.1440190709069518,0.15089681385857667,0.0038412148249869593,35,110,0.0005056858062744141,5.841255187988281e-05,10,False
24,0.13651767017006203,0.1440190709069518,0.15089681385857667,0.0038412148249869593,35,110,0.0004973411560058594,6.079673767089844e-05,10,False
25,0.13651767017006203,0.1440190709069518,0.15089681385857667,0.0038412148249869593,35,110,0.0005140304565429688,6.29425048828125e-05,10,False
26,0.13651767017006203,0.1440190709069518,0.15089681385857667,0.0038412148249869593,35,110,0.0005152225494384766,6.413459777832031e-05,10,False
27,0.13651767017006203,0.1440190709069518,0.15089681385857667,0.0038412148249869593,35,110,0.0005757808685302734,7.367134094238281e-05,10,False
28,0.13651767017006203,0.1440190709069518,0.15089681385857667,0.0038412148249869593,35,110,0.0006160736083984375,8.082389831542969e-05,10,False
29,0.13651767017006203,0.1440190709069518,0.15089681385857667,0.0038412148249869593,35,110,0.0008106231689453125,8.106231689453125e-05,10,False
30,0.13651767017006203,0.1440190709069518,0.15089681385857667,0.0038412148249869593,35,110,0.0007088184356689453,8.559226989746094e-05,10,False
31,0.13651767017006203,0.1440190709069518,0.15089681385857667,0.0038412148249869593,35,110,0.00044417381286621094,5.817413330078125e-05,10,False
32,0.13651767017006203,0.1440190709069518,0.15089681385857667,0.0038412148249869593,35,110,0.0004203319549560547,4.76837158203125e-05,10,False
33,0.13651767017006203,0.1440190709069518,0.15089681385857667,0.0038412148249869593,35,110,0.0004203319549560547,4.744529724121094e-05,10,False
34,0.13651767017006203,0.1440190709069518,0.15089681385857667,0.0038412148249869593,35,110,0.0004203319549560547,4.506111145019531e-05,10,False
35,0.13651767017006203,0.1440190709069518,0.15089681385857667,0.0038412148249869593,35,110,0.0003991127014160156,4.506111145019531e-05,10,False
36,0.13651767017006203,0.1440190709069518,0.15089681385857667,0.0038412148249869593,35,110,0.00040721893310546875,4.5299530029296875e-05,10,False
37,0.13651767017006203,0.1440190709069518,0.15089681385857667,0.0038412148249869593,35,110,0.00045228004455566406,4.506111145019531e-05,10,False
38,0.13651767017006203,0.1440190709069518,0.15089681385857667,0.0038412148249869593,35,110,0.00046896934509277344,6.079673767089844e-05,10,False
39,0.13651767017006203,0.1440190709069518,0.15089681385857667,0.0038412148249869593,35,110,0.0004749298095703125,5.698204040527344e-05,10,False
40,0.13651767017006203,0.1440190709069518,0.15089681385857667,0.0038412148249869593,35,110,0.0004999637603759766,5.435943603515625e-05,10,False
41,0.13651767017006203,0.1440190709069518,0.15089681385857667,0.0038412148249869593,35,110,0.0005044937133789062,6.198883056640625e-05,10,False
42,0.13651767017006203,0.1440190709069518,0.15089681385857667,0.0038412148249869593,35,110,0.0004913806915283203,7.486343383789062e-05,10,False
43,0.13651767017006203,0.1440190709069518,0.15089681385857667,0.0038412148249869593,35,110,0.0004925727844238281,5.841255187988281e-05,10,False
44,0.13651767017006203,0.1440190709069518,0.15089681385857667,0.0038412148249869593,35,110,0.0005674362182617188,5.9604644775390625e-05,10,False
45,0.13651767017006203,0.1440190709069518,0.15089681385857667,0.0038412148249869593,35,110,0.0006282329559326172,7.343292236328125e-05,10,False
46,0.13651767017006203,0.1440190709069518,0.15089681385857667,0.0038412148249869593,35,110,0.0006089210510253906,5.936622619628906e-05,10,False
47,0.13651767017006203,0.1440190709069518,0.15089681385857667,0.0038412148249869593,35,110,0.0010142326354980469,5.6743621826171875e-05,10,False
48,0.13651767017006203,0.1440190709069518,0.15089681385857667,0.0038412148249869593,35,110,0.000431060791015625,5.602836608886719e-05,10,False
49,0.13651767017006203,0.1440190709069518,0.15089681385857667,0.0038412148249869593,35,110,0.0003955364227294922,4.744529724121094e-05,10,False
50,0.13651767017006203,0.1440190709069518,0.15089681385857667,0.0038412148249869593,35,110,0.00040841102600097656,4.506111145019531e-05,10,False
51,0.13651767017006203,0.1440190709069518,0.15089681385857667,0.0038412148249869593,35,110,0.00043129920959472656,4.9591064453125e-05,10,False
52,0.13651767017006203,0.1440190709069518,0.15089681385857667,0.0038412148249869593,35,110,0.00042629241943359375,4.5299530029296875e-05,10,False
53,0.13651767017006203,0.1440190709069518,0.15089681385857667,0.0038412148249869593,35,110,0.0004012584686279297,4.792213439941406e-05,10,False
54,0.13651767017006203,0.1440190709069518,0.15089681385857667,0.0038412148249869593,35,110,0.0004665851593017578,4.887580871582031e-05,10,False
55,0.13651767017006203,0.1440190709069518,0.15089681385857667,0.0038412148249869593,35,110,0.00039768218994140625,4.744529724121094e-05,10,False
56,0.13651767017006203,0.1440190709069518,0.15089681385857667,0.0038412148249869593,35,110,0.0004000663757324219,4.410743713378906e-05,10,False
57,0.13651767017006203,0.1440190709069518,0.15089681385857667,0.0038412148249869593,35,110,0.00041222572326660156,4.601478576660156e-05,10,False
58,0.13651767017006203,0.1440190709069518,0.15089681385857667,0.0038412148249869593,35,110,0.0004191398620605469,4.410743713378906e-05,10,False
59,0.13651767017006203,0.1440190709069518,0.15089681385857667,0.0038412148249869593,35,110,0.0004048347473144531,5.602836608886719e-05,10,False
60,0.13651767017006203,0.1440190709069518,0.15089681385857667,0.0038412148249869593,35,110,0.0005152225494384766,5.0067901611328125e-05,10,False
61,0.13651767017006203,0.1440190709069518,0.15089681385857667,0.0038412148249869593,35,110,0.0004558563232421875,5.936622619628906e-05,10,False
62,0.13651767017006203,0.1440190709069518,0.15089681385857667,0.0038412148249869593,35,110,0.00045943260192871094,6.413459777832031e-05,10,False
63,0.13651767017006203,0.1440190709069518,0.15089681385857667,0.0038412148249869593,35,110,0.0004985332489013672,6.29425048828125e-05,10,False
64,0.13651767017006203,0.1440190709069518,0.15089681385857667,0.0038412148249869593,35,110,0.0005166530609130859,6.031990051269531e-05,10,False
65,0.13651767017006203,0.1440190709069518,0.15089681385857667,0.0038412148249869593,35,110,0.000553131103515625,6.794929504394531e-05,10,False
66,0.13651767017006203,0.1440190709069518,0.15089681385857667,0.0038412148249869593,35,110,0.0004901885986328125,6.437301635742188e-05,10,False
67,0.13651767017006203,0.1440190709069518,0.15089681385857667,0.0038412148249869593,35,110,0.0005095005035400391,5.793571472167969e-05,10,False
68,0.13651767017006203,0.1440190709069518,0.15089681385857667,0.0038412148249869593,35,110,0.0005211830139160156,6.175041198730469e-05,10,False
69,0.13651767017006203,0.1440190709069518,0.15089681385857667,0.0038412148249869593,35,110,0.0005900859832763672,6.413459777832031e-05,10,False
70,0.13651767017006203,0.1440190709069518,0.15089681385857667,0.0038412148249869593,35,110,0.0005247592926025391,7.033348083496094e-05,10,False
71,0.13651767017006203,0.1440190709069518,0.15089681385857667,0.0038412148249869593,35,110,0.0005166530609130859,5.078315734863281e-05,10,False
72,0.13651767017006203,0.1440190709069518,0.15089681385857667,0.0038412148249869593,35,110,0.00045228004455566406,7.987022399902344e-05,10,False
73,0.13651767017006203,0.1440190709069518,0.15089681385857667,0.0038412148249869593,35,110,0.0004024505615234375,4.7206878662109375e-05,10,False
74,0.13651767017006203,0.1440190709069518,0.15089681385857667,0.0038412148249869593,35,110,0.0005056858062744141,7.009506225585938e-05,10,False
75,0.13651767017006203,0.1440190709069518,0.15089681385857667,0.0038412148249869593,35,110,0.0004892349243164062,5.1021575927734375e-05,10,False
76,0.13651767017006203,0.1440190709069518,0.15089681385857667,0.0038412148249869593,35,110,0.0003974437713623047,4.553794860839844e-05,10,False
77,0.13651767017006203,0.1440190709069518,0.15089681385857667,0.0038412148249869593,35,110,0.0004050731658935547,4.744529724121094e-05,10,False
78,0.13651767017006203,0.1440190709069518,0.15089681385857667,0.0038412148249869593,35,110,0.0005085468292236328,4.2438507080078125e-05,10,False
79,0.13651767017006203,0.1440190709069518,0.15089681385857667,0.0038412148249869593,35,110,0.00037860870361328125,4.291534423828125e-05,10,False
80,0.13651767017006203,0.1440190709069518,0.15089681385857667,0.0038412148249869593,35,110,0.0003914833068847656,4.315376281738281e-05,10,False
81,0.13651767017006203,0.1440190709069518,0.15089681385857667,0.0038412148249869593,35,110,0.0004069805145263672,4.5299530029296875e-05,10,False
82,0.13651767017006203,0.1440190709069518,0.15089681385857667,0.0038412148249869593,35,110,0.00040602684020996094,4.506111145019531e-05,10,False
83,0.13651767017006203,0.1440190709069518,0.15089681385857667,0.0038412148249869593,35,110,0.0004036426544189453,4.0531158447265625e-05,10,False
84,0.13651767017006203,0.1440190709069518,0.15089681385857667,0.0038412148249869593,35,110,0.0004951953887939453,4.863739013671875e-05,10,False
85,0.13651767017006203,0.1440190709069518,0.15089681385857667,0.0038412148249869593,35,110,0.00048089027404785156,6.0558319091796875e-05,10,False
86,0.13651767017006203,0.1440190709069518,0.15089681385857667,0.0038412148249869593,35,110,0.0004949569702148438,5.602836608886719e-05,10,False
87,0.13651767017006203,0.1440190709069518,0.15089681385857667,0.0038412148249869593,35,110,0.0005116462707519531,6.437301635742188e-05,10,False
88,0.13651767017006203,0.1440190709069518,0.15089681385857667,0.0038412148249869593,35,110,0.0005617141723632812,7.343292236328125e-05,10,False
89,0.13651767017006203,0.1440190709069518,0.15089681385857667,0.0038412148249869593,35,110,0.0005199909210205078,7.62939453125e-05,10,False
90,0.13651767017006203,0.1440190709069518,0.15089681385857667,0.0038412148249869593,35,110,0.0004665851593017578,6.0558319091796875e-05,10,False
91,0.13651767017006203,0.1440190709069518,0.15089681385857667,0.0038412148249869593,35,110,0.0005617141723632812,6.0558319091796875e-05,10,False
92,0.13651767017006203,0.1440190709069518,0.15089681385857667,0.0038412148249869593,35,110,0.0005176067352294922,6.532669067382812e-05,10,False
93,0.13651767017006203,0.1440190709069518,0.15089681385857667,0.0038412148249869593,35,110,0.0004534721374511719,5.245208740234375e-05,10,False
94,0.13651767017006203,0.1440190709069518,0.15089681385857667,0.0038412148249869593,35,110,0.0005106925964355469,5.340576171875e-05,10,False
95,0.13651767017006203,0.1440190709069518,0.15089681385857667,0.0038412148249869593,35,110,0.0004191398620605469,4.982948303222656e-05,10,False
96,0.13651767017006203,0.1440190709069518,0.15089681385857667,0.0038412148249869593,35,110,0.0004203319549560547,5.078315734863281e-05,10,False
97,0.13651767017006203,0.1440190709069518,0.15089681385857667,0.0038412148249869593,35,110,0.0004277229309082031,4.601478576660156e-05,10,False
98,0.13651767017006203,0.1440190709069518,0.15089681385857667,0.0038412148249869593,35,110,0.0005116462707519531,6.556510925292969e-05,10,False
99,0.13651767017006203,0.1440190709069518,0.15089681385857667,0.0038412148249869593,35,110,0.0003848075866699219,4.38690185546875e-05,10,False
100,0.13651767017006203,0.1440190709069518,0.15089681385857667,0.0038412148249869593,35,110,0.00041413307189941406,4.410743713378906e-05,10,False
101,0.13651767017006203,0.1440190709069518,0.15089681385857667,0.0038412148249869593,35,110,0.000377655029296875,4.506111145019531e-05,10,False
102,0.13651767017006203,0.1440190709069518,0.15089681385857667,0.0038412148249869593,35,110,0.00038123130798339844,6.175041198730469e-05,10,False
103,0.13651767017006203,0.1440190709069518,0.15089681385857667,0.0038412148249869593,35,110,0.00039076805114746094,4.172325134277344e-05,10,False
104,0.13651767017006203,0.1440190709069518,0.15089681385857667,0.0038412148249869593,35,110,0.0008299350738525391,6.771087646484375e-05,10,False
105,0.13651767017006203,0.1440190709069518,0.15089681385857667,0.0038412148249869593,35,110,0.0004928112030029297,0.00011968612670898438,10,False
106,0.13651767017006203,0.1440190709069518,0.15089681385857667,0.0038412148249869593,35,110,0.0004487037658691406,5.364418029785156e-05,10,False
107,0.13651767017006203,0.1440190709069518,0.15089681385857667,0.0038412148249869593,35,110,0.0005652904510498047,4.7206878662109375e-05,10,False
108,0.13651767017006203,0.1440190709069518,0.15089681385857667,0.0038412148249869593,35,110,0.00047707557678222656,5.841255187988281e-05,10,False
109,0.13651767017006203,0.1440190709069518,0.15089681385857667,0.0038412148249869593,35,110,0.0005049705505371094,6.4849853515625e-05,10,False
110,0.13651767017006203,0.1440190709069518,0.15089681385857667,0.0038412148249869593,35,110,0.000518798828125,7.843971252441406e-05,10,False
111,0.13651767017006203,0.1440190709069518,0.15089681385857667,0.0038412148249869593,35,110,0.0005817413330078125,6.890296936035156e-05,10,False
112,0.13651767017006203,0.1440190709069518,0.15089681385857667,0.0038412148249869593,35,110,0.0006151199340820312,7.128715515136719e-05,10,False
113,0.13651767017006203,0.1440190709069518,0.15089681385857667,0.0038412148249869593,35,110,0.0005424022674560547,6.556510925292969e-05,10,False
114,0.13651767017006203,0.1440190709069518,0.15089681385857667,0.0038412148249869593,35,110,0.0005841255187988281,6.270408630371094e-05,10,False
115,0.13651767017006203,0.1440190709069518,0.15089681385857667,0.0038412148249869593,35,110,0.0006246566772460938,8.511543273925781e-05,10,False
116,0.13651767017006203,0.1440190709069518,0.15089681385857667,0.0038412148249869593,35,110,0.0005271434783935547,6.771087646484375e-05,10,False
117,0.13651767017006203,0.1440190709069518,0.15089681385857667,0.0038412148249869593,35,110,0.0004477500915527344,4.744529724121094e-05,10,False
118,0.13651767017006203,0.1440190709069518,0.15089681385857667,0.0038412148249869593,35,110,0.0004000663757324219,4.601478576660156e-05,10,False
119,0.13651767017006203,0.1440190709069518,0.15089681385857667,0.0038412148249869593,35,110,0.00046181678771972656,4.649162292480469e-05,10,False
120,0.13651767017006203,0.1440190709069518,0.15089681385857667,0.0038412148249869593,35,110,0.0004048347473144531,6.198883056640625e-05,10,False
121,0.13651767017006203,0.1440190709069518,0.15089681385857667,0.0038412148249869593,35,110,0.00038361549377441406,4.506111145019531e-05,10,False
122,0.13651767017006203,0.1440190709069518,0.15089681385857667,0.0038412148249869593,35,110,0.0008857250213623047,5.340576171875e-05,10,False
123,0.13651767017006203,0.1440190709069518,0.15089681385857667,0.0038412148249869593,35,110,0.0004451274871826172,5.364418029785156e-05,10,False
124,0.13651767017006203,0.1440190709069518,0.15089681385857667,0.0038412148249869593,35,110,0.00042629241943359375,5.698204040527344e-05,10,False
125,0.13651767017006203,0.1440190709069518,0.15089681385857667,0.0038412148249869593,35,110,0.0004012584686279297,4.410743713378906e-05,10,False
126,0.13651767017006203,0.1440190709069518,0.15089681385857667,0.0038412148249869593,35,110,0.0004177093505859375,4.410743713378906e-05,10,False
127,0.13651767017006203,0.1440190709069518,0.15089681385857667,0.0038412148249869593,35,110,0.0005221366882324219,6.103515625e-05,10,False
128,0.13651767017006203,0.1440190709069518,0.15089681385857667,0.0038412148249869593,35,110,0.0005044937133789062,6.29425048828125e-05,10,False
129,0.13651767017006203,0.1440190709069518,0.15089681385857667,0.0038412148249869593,35,110,0.0005438327789306641,6.628036499023438e-05,10,False
130,0.13651767017006203,0.1440190709069518,0.15089681385857667,0.0038412148249869593,35,110,0.0005342960357666016,6.175041198730469e-05,10,False
131,0.13651767017006203,0.1440190709069518,0.15089681385857667,0.0038412148249869593,35,110,0.0005059242248535156,5.6743621826171875e-05,10,False
132,0.13651767017006203,0.1440190709069518,0.15089681385857667,0.0038412148249869593,35,110,0.000499725341796875,6.175041198730469e-05,10,False
133,0.13651767017006203,0.1440190709069518,0.15089681385857667,0.0038412148249869593,35,110,0.0005617141723632812,5.7220458984375e-05,10,False
134,0.13651767017006203,0.1440190709069518,0.15089681385857667,0.0038412148249869593,35,110,0.0005960464477539062,7.2479248046875e-05,10,False
135,0.13651767017006203,0.1440190709069518,0.15089681385857667,0.0038412148249869593,35,110,0.00044155120849609375,5.221366882324219e-05,10,False
136,0.13651767017006203,0.1440190709069518,0.15089681385857667,0.0038412148249869593,35,110,0.00039887428283691406,5.4836273193359375e-05,10,False
137,0.13651767017006203,0.1440190709069518,0.15089681385857667,0.0038412148249869593,35,110,0.0004725456237792969,4.38690185546875e-05,10,False
138,0.13651767017006203,0.1440190709069518,0.15089681385857667,0.0038412148249869593,35,110,0.000431060791015625,5.459785461425781e-05,10,False
139,0.13651767017006203,0.1440190709069518,0.15089681385857667,0.0038412148249869593,35,110,0.0004429817199707031,5.221366882324219e-05,10,False
140,0.13651767017006203,0.1440190709069518,0.15089681385857667,0.0038412148249869593,35,110,0.00045228004455566406,5.221366882324219e-05,10,False
141,0.13651767017006203,0.1440190709069518,0.15089681385857667,0.0038412148249869593,35,110,0.00045228004455566406,5.602836608886719e-05,10,False
142,0.13651767017006203,0.1440190709069518,0.15089681385857667,0.0038412148249869593,35,110,0.0004761219024658203,5.5789947509765625e-05,10,False
143,0.13651767017006203,0.1440190709069518,0.15089681385857667,0.0038412148249869593,35,110,0.0004677772521972656,5.221366882324219e-05,10,False
144,0.13651767017006203,0.1440190709069518,0.15089681385857667,0.0038412148249869593,35,110,0.0004513263702392578,5.555152893066406e-05,10,False
145,0.13651767017006203,0.1440190709069518,0.15089681385857667,0.0038412148249869593,35,110,0.0004737377166748047,5.459785461425781e-05,10,False
146,0.13651767017006203,0.1440190709069518,0.15089681385857667,0.0038412148249869593,35,110,0.0005080699920654297,6.532669067382812e-05,10,False
147,0.13651767017006203,0.1440190709069518,0.15089681385857667,0.0038412148249869593,35,110,0.0004949569702148438,5.817413330078125e-05,10,False
148,0.13651767017006203,0.1440190709069518,0.15089681385857667,0.0038412148249869593,35,110,0.00047135353088378906,0.0001766681671142578,10,False
149,0.13651767017006203,0.1440190709069518,0.15089681385857667,0.0038412148249869593,35,110,0.000408172607421875,4.76837158203125e-05,10,False
150,0.13651767017006203,0.1440190709069518,0.15089681385857667,0.0038412148249869593,35,110,0.000392913818359375,4.267692565917969e-05,10,False
151,0.13651767017006203,0.1440190709069518,0.15089681385857667,0.0038412148249869593,35,110,0.00042629241943359375,5.936622619628906e-05,10,False
152,0.13651767017006203,0.1440190709069518,0.15089681385857667,0.0038412148249869593,35,110,0.000408172607421875,4.76837158203125e-05,10,False
153,0.13651767017006203,0.1440190709069518,0.15089681385857667,0.0038412148249869593,35,110,0.00039315223693847656,4.506111145019531e-05,10,False
154,0.13651767017006203,0.1440190709069518,0.15089681385857667,0.0038412148249869593,35,110,0.00042510032653808594,4.601478576660156e-05,10,False
155,0.13651767017006203,0.1440190709069518,0.15089681385857667,0.0038412148249869593,35,110,0.0004000663757324219,4.267692565917969e-05,10,False
156,0.13651767017006203,0.1440190709069518,0.15089681385857667,0.0038412148249869593,35,110,0.0004487037658691406,4.5299530029296875e-05,10,False
157,0.13651767017006203,0.1440190709069518,0.15089681385857667,0.0038412148249869593,35,110,0.00041675567626953125,4.744529724121094e-05,10,False
158,0.13651767017006203,0.1440190709069518,0.15089681385857667,0.0038412148249869593,35,110,0.0004429817199707031,4.839897155761719e-05,10,False
159,0.13651767017006203,0.1440190709069518,0.15089681385857667,0.0038412148249869593,35,110,0.0004334449768066406,5.221366882324219e-05,10,False
160,0.13651767017006203,0.1440190709069518,0.15089681385857667,0.0038412148249869593,35,110,0.00039768218994140625,4.267692565917969e-05,10,False
161,0.13651767017006203,0.1440190709069518,0.15089681385857667,0.0038412148249869593,35,110,0.0004451274871826172,4.553794860839844e-05,10,False
162,0.13651767017006203,0.1440190709069518,0.15089681385857667,0.0038412148249869593,35,110,0.0005092620849609375,6.29425048828125e-05,10,False
163,0.13651767017006203,0.1440190709069518,0.15089681385857667,0.0038412148249869593,35,110,0.0004763603210449219,5.53131103515625e-05,10,False
164,0.13651767017006203,0.1440190709069518,0.15089681385857667,0.0038412148249869593,35,110,0.0004570484161376953,5.7220458984375e-05,10,False
165,0.13651767017006203,0.1440190709069518,0.15089681385857667,0.0038412148249869593,35,110,0.0004761219024658203,6.0558319091796875e-05,10,False
166,0.13651767017006203,0.1440190709069518,0.15089681385857667,0.0038412148249869593,35,110,0.0004680156707763672,6.008148193359375e-05,10,False
167,0.13651767017006203,0.1440190709069518,0.15089681385857667,0.0038412148249869593,35,110,0.0004749298095703125,5.936622619628906e-05,10,False
168,0.13651767017006203,0.1440190709069518,0.15089681385857667,0.0038412148249869593,35,110,0.00048351287841796875,5.6743621826171875e-05,10,False
169,0.13651767017006203,0.1440190709069518,0.15089681385857667,0.0038412148249869593,35,110,0.0005235671997070312,5.5789947509765625e-05,10,False
170,0.13651767017006203,0.1440190709069518,0.15089681385857667,0.0038412148249869593,35,110,0.0005698204040527344,6.914138793945312e-05,10,False
171,0.13651767017006203,0.1440190709069518,0.15089681385857667,0.0038412148249869593,35,110,0.0005342960357666016,5.7220458984375e-05,10,False
172,0.13651767017006203,0.1440190709069518,0.15089681385857667,0.0038412148249869593,35,110,0.0004584789276123047,5.1021575927734375e-05,10,False
173,0.13651767017006203,0.1440190709069518,0.15089681385857667,0.0038412148249869593,35,110,0.0009045600891113281,5.0067901611328125e-05,10,False
174,0.13651767017006203,0.1440190709069518,0.15089681385857667,0.0038412148249869593,35,110,0.0004596710205078125,6.628036499023438e-05,10,False
175,0.13651767017006203,0.1440190709069518,0.15089681385857667,0.0038412148249869593,35,110,0.00048351287841796875,4.482269287109375e-05,10,False
176,0.13651767017006203,0.1440190709069518,0.15089681385857667,0.0038412148249869593,35,110,0.0003883838653564453,4.506111145019531e-05,10,False
177,0.13651767017006203,0.1440190709069518,0.15089681385857667,0.0038412148249869593,35,110,0.00041675567626953125,4.76837158203125e-05,10,False
178,0.13651767017006203,0.1440190709069518,0.15089681385857667,0.0038412148249869593,35,110,0.0004036426544189453,4.291534423828125e-05,10,False
179,0.13651767017006203,0.1440190709069518,0.15089681385857667,0.0038412148249869593,35,110,0.0004146099090576172,4.2438507080078125e-05,10,False
180,0.13651767017006203,0.1440190709069518,0.15089681385857667,0.0038412148249869593,35,110,0.0004856586456298828,4.744529724121094e-05,10,False
181,0.13651767017006203,0.1440190709069518,0.15089681385857667,0.0038412148249869593,35,110,0.00047850608825683594,5.936622619628906e-05,10,False
182,0.13651767017006203,0.1440190709069518,0.15089681385857667,0.0038412148249869593,35,110,0.0006008148193359375,6.0558319091796875e-05,10,False
183,0.13651767017006203,0.1440190709069518,0.15089681385857667,0.0038412148249869593,35,110,0.0004963874816894531,6.031990051269531e-05,10,False
184,0.13651767017006203,0.1440190709069518,0.15089681385857667,0.0038412148249869593,35,110,0.0005197525024414062,6.175041198730469e-05,10,False
185,0.13651767017006203,0.1440190709069518,0.15089681385857667,0.0038412148249869593,35,110,0.0005295276641845703,7.128715515136719e-05,10,False
186,0.13651767017006203,0.1440190709069518,0.15089681385857667,0.0038412148249869593,35,110,0.0005140304565429688,5.936622619628906e-05,10,False
187,0.13651767017006203,0.1440190709069518,0.15089681385857667,0.0038412148249869593,35,110,0.0005736351013183594,6.270408630371094e-05,10,False
188,0.13651767017006203,0.1440190709069518,0.15089681385857667,0.0038412148249869593,35,110,0.0005152225494384766,6.270408630371094e-05,10,False
189,0.13651767017006203,0.1440190709069518,0.15089681385857667,0.0038412148249869593,35,110,0.0004286766052246094,4.982948303222656e-05,10,False
190,0.13651767017006203,0.1440190709069518,0.15089681385857667,0.0038412148249869593,35,110,0.0004191398620605469,4.7206878662109375e-05,10,False
191,0.13651767017006203,0.1440190709069518,0.15089681385857667,0.0038412148249869593,35,110,0.0004024505615234375,4.506111145019531e-05,10,False
192,0.13651767017006203,0.1440190709069518,0.15089681385857667,0.0038412148249869593,35,110,0.0004057884216308594,4.5299530029296875e-05,10,False
193,0.13651767017006203,0.1440190709069518,0.15089681385857667,0.0038412148249869593,35,110,0.000484466552734375,4.6253204345703125e-05,10,False
194,0.13651767017006203,0.1440190709069518,0.15089681385857667,0.0038412148249869593,35,110,0.00042366981506347656,4.5299530029296875e-05,10,False
195,0.13651767017006203,0.1440190709069518,0.15089681385857667,0.0038412148249869593,35,110,0.00045943260192871094,4.267692565917969e-05,10,False
196,0.13651767017006203,0.1440190709069518,0.15089681385857667,0.0038412148249869593,35,110,0.0004096031188964844,4.410743713378906e-05,10,False
197,0.13651767017006203,0.1440190709069518,0.15089681385857667,0.0038412148249869593,35,110,0.0007588863372802734,4.506111145019531e-05,10,False
198,0.13651767017006203,0.1440190709069518,0.15089681385857667,0.0038412148249869593,35,110,0.00042629241943359375,4.863739013671875e-05,10,False
199,0.13651767017006203,0.1440190709069518,0.15089681385857667,0.0038412148249869593,35,110,0.00039887428283691406,4.410743713378906e-05,10,False
200,0.13651767017006203,0.1440190709069518,0.15089681385857667,0.0038412148249869593,35,110,0.0003883838653564453,6.985664367675781e-05,10,False
201,0.13651767017006203,0.1440190709069518,0.15089681385857667,0.0038412148249869593,35,110,0.0004987716674804688,4.363059997558594e-05,10,False
202,0.13651767017006203,0.1440190709069518,0.15089681385857667,0.0038412148249869593,35,110,0.00040602684020996094,4.267692565917969e-05,10,False
203,0.13651767017006203,0.1440190709069518,0.15089681385857667,0.0038412148249869593,35,110,0.0004119873046875,4.1484832763671875e-05,10,False
204,0.13651767017006203,0.1440190709069518,0.15089681385857667,0.0038412148249869593,35,110,0.0004107952117919922,4.267692565917969e-05,10,False
205,0.13651767017006203,0.1440190709069518,0.15089681385857667,0.0038412148249869593,35,110,0.0005035400390625,4.506111145019531e-05,10,False
206,0.13651767017006203,0.1440190709069518,0.15089681385857667,0.0038412148249869593,35,110,0.0004639625549316406,5.3882598876953125e-05,10,False
207,0.13651767017006203,0.1440190709069518,0.15089681385857667,0.0038412148249869593,35,110,0.0004749298095703125,5.6743621826171875e-05,10,False
208,0.13651767017006203,0.1440190709069518,0.15089681385857667,0.0038412148249869593,35,110,0.0005211830139160156,5.936622619628906e-05,10,False
209,0.13651767017006203,0.1440190709069518,0.15089681385857667,0.0038412148249869593,35,110,0.0005891323089599609,6.747245788574219e-05,10,False
210,0.13651767017006203,0.1440190709069518,0.15089681385857667,0.0038412148249869593,35,110,0.0005273818969726562,6.508827209472656e-05,10,False
211,0.13651767017006203,0.1440190709069518,0.15089681385857667,0.0038412148249869593,35,110,0.0005364418029785156,6.318092346191406e-05,10,False
212,0.13651767017006203,0.1440190709069518,0.15089681385857667,0.0038412148249869593,35,110,0.0005590915679931641,6.532669067382812e-05,10,False
213,0.13651767017006203,0.1440190709069518,0.15089681385857667,0.0038412148249869593,35,110,0.0005733966827392578,7.128715515136719e-05,10,False
214,0.13651767017006203,0.1440190709069518,0.15089681385857667,0.0038412148249869593,35,110,0.0005068778991699219,6.532669067382812e-05,10,False
215,0.13651767017006203,0.1440190709069518,0.15089681385857667,0.0038412148249869593,35,110,0.00044035911560058594,0.00025773048400878906,10,False
216,0.13651767017006203,0.1440190709069518,0.15089681385857667,0.0038412148249869593,35,110,0.00043702125549316406,4.7206878662109375e-05,10,False
217,0.13651767017006203,0.1440190709069518,0.15089681385857667,0.0038412148249869593,35,110,0.000431060791015625,4.38690185546875e-05,10,False
218,0.13651767017006203,0.1440190709069518,0.15089681385857667,0.0038412148249869593,35,110,0.0003809928894042969,5.698204040527344e-05,10,False
219,0.13651767017006203,0.1440190709069518,0.15089681385857667,0.0038412148249869593,35,110,0.00039196014404296875,4.38690185546875e-05,10,False
220,0.13651767017006203,0.1440190709069518,0.15089681385857667,0.0038412148249869593,35,110,0.0004036426544189453,4.410743713378906e-05,10,False
221,0.13651767017006203,0.1440190709069518,0.15089681385857667,0.0038412148249869593,35,110,0.0005557537078857422,4.506111145019531e-05,10,False
222,0.13651767017006203,0.1440190709069518,0.15089681385857667,0.0038412148249869593,35,110,0.00039196014404296875,4.839897155761719e-05,10,False
223,0.13651767017006203,0.1440190709069518,0.15089681385857667,0.0038412148249869593,35,110,0.00038123130798339844,5.459785461425781e-05,10,False
224,0.13651767017006203,0.1440190709069518,0.15089681385857667,0.0038412148249869593,35,110,0.0004119873046875,4.267692565917969e-05,10,False
225,0.13651767017006203,0.1440190709069518,0.15089681385857667,0.0038412148249869593,35,110,0.0004000663757324219,4.744529724121094e-05,10,False
226,0.13651767017006203,0.1440190709069518,0.15089681385857667,0.0038412148249869593,35,110,0.0003883838653564453,4.1484832763671875e-05,10,False
227,0.13651767017006203,0.1440190709069518,0.15089681385857667,0.0038412148249869593,35,110,0.000392913818359375,4.267692565917969e-05,10,False
228,0.13651767017006203,0.1440190709069518,0.15089681385857667,0.0038412148249869593,35,110,0.000415802001953125,4.100799560546875e-05,10,False
229,0.13651767017006203,0.1440190709069518,0.15089681385857667,0.0038412148249869593,35,110,0.0003955364227294922,4.029273986816406e-05,10,False
230,0.13651767017006203,0.1440190709069518,0.15089681385857667,0.0038412148249869593,35,110,0.00045228004455566406,4.982948303222656e-05,10,False
231,0.13651767017006203,0.1440190709069518,0.15089681385857667,0.0038412148249869593,35,110,0.00046539306640625,5.459785461425781e-05,10,False
232,0.13651767017006203,0.1440190709069518,0.15089681385857667,0.0038412148249869593,35,110,0.00045108795166015625,5.459785461425781e-05,10,False
233,0.13651767017006203,0.1440190709069518,0.15089681385857667,0.0038412148249869593,35,110,0.0004699230194091797,6.198883056640625e-05,10,False
234,0.13651767017006203,0.1440190709069518,0.15089681385857667,0.0038412148249869593,35,110,0.0005104541778564453,6.0558319091796875e-05,10,False
235,0.13651767017006203,0.1440190709069518,0.15089681385857667,0.0038412148249869593,35,110,0.0005152225494384766,6.771087646484375e-05,10,False
236,0.13651767017006203,0.1440190709069518,0.15089681385857667,0.0038412148249869593,35,110,0.00046753883361816406,5.984306335449219e-05,10,False
237,0.13651767017006203,0.1440190709069518,0.15089681385857667,0.0038412148249869593,35,110,0.0006802082061767578,5.602836608886719e-05,10,False
238,0.13651767017006203,0.1440190709069518,0.15089681385857667,0.0038412148249869593,35,110,0.0005295276641845703,6.890296936035156e-05,10,False
239,0.13651767017006203,0.1440190709069518,0.15089681385857667,0.0038412148249869593,35,110,0.0005331039428710938,5.841255187988281e-05,10,False
240,0.13651767017006203,0.1440190709069518,0.15089681385857667,0.0038412148249869593,35,110,0.0004405975341796875,5.221366882324219e-05,10,False
241,0.13651767017006203,0.1440190709069518,0.15089681385857667,0.0038412148249869593,35,110,0.0004296302795410156,4.410743713378906e-05,10,False
242,0.13651767017006203,0.1440190709069518,0.15089681385857667,0.0038412148249869593,35,110,0.0004036426544189453,4.506111145019531e-05,10,False
243,0.13651767017006203,0.1440190709069518,0.15089681385857667,0.0038412148249869593,35,110,0.0004355907440185547,4.5299530029296875e-05,10,False
244,0.13651767017006203,0.1440190709069518,0.15089681385857667,0.0038412148249869593,35,110,0.0004000663757324219,4.38690185546875e-05,10,False
245,0.13651767017006203,0.1440190709069518,0.15089681385857667,0.0038412148249869593,35,110,0.000377655029296875,4.267692565917969e-05,10,False
246,0.13651767017006203,0.1440190709069518,0.15089681385857667,0.0038412148249869593,35,110,0.0004057884216308594,4.291534423828125e-05,10,False
247,0.13651767017006203,0.1440190709069518,0.15089681385857667,0.0038412148249869593,35,110,0.0005507469177246094,4.291534423828125e-05,10,False
248,0.13651767017006203,0.1440190709069518,0.15089681385857667,0.0038412148249869593,35,110,0.00039315223693847656,4.7206878662109375e-05,10,False
249,0.13651767017006203,0.1440190709069518,0.15089681385857667,0.0038412148249869593,35,110,0.000537872314453125,4.267692565917969e-05,10,False
250,0.13651767017006203,0.1440190709069518,0.15089681385857667,0.0038412148249869593,35,110,0.00043463706970214844,4.2438507080078125e-05,10,False
251,0.13651767017006203,0.1440190709069518,0.15089681385857667,0.0038412148249869593,35,110,0.00038242340087890625,5.5789947509765625e-05,10,False
252,0.13651767017006203,0.1440190709069518,0.15089681385857667,0.0038412148249869593,35,110,0.000396728515625,4.267692565917969e-05,10,False
253,0.13651767017006203,0.1440190709069518,0.15089681385857667,0.0038412148249869593,35,110,0.0004000663757324219,4.410743713378906e-05,10,False
254,0.13651767017006203,0.1440190709069518,0.15089681385857667,0.0038412148249869593,35,110,0.0003991127014160156,4.2438507080078125e-05,10,False
255,0.13651767017006203,0.1440190709069518,0.15089681385857667,0.0038412148249869593,35,110,0.00047397613525390625,5.1021575927734375e-05,10,False
256,0.13651767017006203,0.1440190709069518,0.15089681385857667,0.0038412148249869593,35,110,0.00046539306640625,5.698204040527344e-05,10,False
257,0.13651767017006203,0.1440190709069518,0.15089681385857667,0.0038412148249869593,35,110,0.0004487037658691406,5.7220458984375e-05,10,False
258,0.13651767017006203,0.1440190709069518,0.15089681385857667,0.0038412148249869593,35,110,0.0004725456237792969,5.698204040527344e-05,10,False
259,0.13651767017006203,0.1440190709069518,0.15089681385857667,0.0038412148249869593,35,110,0.0005414485931396484,0.0002231597900390625,10,False
260,0.13651767017006203,0.1440190709069518,0.15089681385857667,0.0038412148249869593,35,110,0.0006151199340820312,6.532669067382812e-05,10,False
261,0.13651767017006203,0.1440190709069518,0.15089681385857667,0.0038412148249869593,35,110,0.0005497932434082031,6.651878356933594e-05,10,False
262,0.13651767017006203,0.1440190709069518,0.15089681385857667,0.0038412148249869593,35,110,0.0005152225494384766,6.413459777832031e-05,10,False
263,0.13651767017006203,0.1440190709069518,0.15089681385857667,0.0038412148249869593,35,110,0.0005521774291992188,6.508827209472656e-05,10,False
264,0.13651767017006203,0.1440190709069518,0.15089681385857667,0.0038412148249869593,35,110,0.0006396770477294922,7.987022399902344e-05,10,False
265,0.13651767017006203,0.1440190709069518,0.15089681385857667,0.0038412148249869593,35,110,0.0005567073822021484,6.890296936035156e-05,10,False
266,0.13651767017006203,0.1440190709069518,0.15089681385857667,0.0038412148249869593,35,110,0.00075531005859375,5.888938903808594e-05,10,False
267,0.13651767017006203,0.1440190709069518,0.15089681385857667,0.0038412148249869593,35,110,0.0004775524139404297,5.078315734863281e-05,10,False
268,0.13651767017006203,0.1440190709069518,0.15089681385857667,0.0038412148249869593,35,110,0.00043702125549316406,4.9591064453125e-05,10,False
269,0.13651767017006203,0.1440190709069518,0.15089681385857667,0.0038412148249869593,35,110,0.0004489421844482422,4.506111145019531e-05,10,False
270,0.13651767017006203,0.1440190709069518,0.15089681385857667,0.0038412148249869593,35,110,0.00041413307189941406,4.4345855712890625e-05,10,False
271,0.13651767017006203,0.1440190709069518,0.15089681385857667,0.0038412148249869593,35,110,0.0005784034729003906,6.389617919921875e-05,10,False
272,0.13651767017006203,0.1440190709069518,0.15089681385857667,0.0038412148249869593,35,110,0.0006139278411865234,4.649162292480469e-05,10,False
273,0.13651767017006203,0.1440190709069518,0.15089681385857667,0.0038412148249869593,35,110,0.0004475116729736328,4.5299530029296875e-05,10,False
274,0.13651767017006203,0.1440190709069518,0.15089681385857667,0.0038412148249869593,35,110,0.0004203319549560547,4.6253204345703125e-05,10,False
275,0.13651767017006203,0.1440190709069518,0.15089681385857667,0.0038412148249869593,35,110,0.0003917217254638672,4.410743713378906e-05,10,False
276,0.13651767017006203,0.1440190709069518,0.15089681385857667,0.0038412148249869593,35,110,0.00043201446533203125,4.1961669921875e-05,10,False
277,0.13651767017006203,0.1440190709069518,0.15089681385857667,0.0038412148249869593,35,110,0.00040602684020996094,4.5299530029296875e-05,10,False
278,0.13651767017006203,0.1440190709069518,0.15089681385857667,0.0038412148249869593,35,110,0.0005140304565429688,6.651878356933594e-05,10,False
279,0.13651767017006203,0.1440190709069518,0.15089681385857667,0.0038412148249869593,35,110,0.0004856586456298828,6.270408630371094e-05,10,False
280,0.13651767017006203,0.1440190709069518,0.15089681385857667,0.0038412148249869593,35,110,0.0005829334259033203,5.602836608886719e-05,10,False
281,0.13651767017006203,0.1440190709069518,0.15089681385857667,0.0038412148249869593,35,110,0.0005328655242919922,6.29425048828125e-05,10,False
282,0.13651767017006203,0.1440190709069518,0.15089681385857667,0.0038412148249869593,35,110,0.0004963874816894531,6.031990051269531e-05,10,False
283,0.13651767017006203,0.1440190709069518,0.15089681385857667,0.0038412148249869593,35,110,0.0005366802215576172,5.698204040527344e-05,10,False
284,0.13651767017006203,0.1440190709069518,0.15089681385857667,0.0038412148249869593,35,110,0.0004999637603759766,5.698204040527344e-05,10,False
285,0.13651767017006203,0.1440190709069518,0.15089681385857667,0.0038412148249869593,35,110,0.0005083084106445312,5.698204040527344e-05,10,False
286,0.13651767017006203,0.1440190709069518,0.15089681385857667,0.0038412148249869593,35,110,0.000751495361328125,6.532669067382812e-05,10,False
287,0.13651767017006203,0.1440190709069518,0.15089681385857667,0.0038412148249869593,35,110,0.0005438327789306641,8.392333984375e-05,10,False
288,0.13651767017006203,0.1440190709069518,0.15089681385857667,0.0038412148249869593,35,110,0.0004558563232421875,5.221366882324219e-05,10,False
289,0.13651767017006203,0.1440190709069518,0.15089681385857667,0.0038412148249869593,35,110,0.00044536590576171875,4.744529724121094e-05,10,False
290,0.13651767017006203,0.1440190709069518,0.15089681385857667,0.0038412148249869593,35,110,0.00040721893310546875,4.649162292480469e-05,10,False
291,0.13651767017006203,0.1440190709069518,0.15089681385857667,0.0038412148249869593,35,110,0.00042057037353515625,4.3392181396484375e-05,10,False
292,0.13651767017006203,0.1440190709069518,0.15089681385857667,0.0038412148249869593,35,110,0.0004096031188964844,4.267692565917969e-05,10,False
293,0.13651767017006203,0.1440190709069518,0.15089681385857667,0.0038412148249869593,35,110,0.0004343986511230469,4.887580871582031e-05,10,False
294,0.13651767017006203,0.1440190709069518,0.15089681385857667,0.0038412148249869593,35,110,0.0005092620849609375,4.172325134277344e-05,10,False
295,0.13651767017006203,0.1440190709069518,0.15089681385857667,0.0038412148249869593,35,110,0.000392913818359375,7.367134094238281e-05,10,False
296,0.13651767017006203,0.1440190709069518,0.15089681385857667,0.0038412148249869593,35,110,0.00037169456481933594,4.863739013671875e-05,10,False
297,0.13651767017006203,0.1440190709069518,0.15089681385857667,0.0038412148249869593,35,110,0.00043582916259765625,4.00543212890625e-05,10,False
298,0.13651767017006203,0.1440190709069518,0.15089681385857667,0.0038412148249869593,35,110,0.0003752708435058594,4.2438507080078125e-05,10,False
299,0.13651767017006203,0.1440190709069518,0.15089681385857667,0.0038412148249869593,35,110,0.0003955364227294922,4.1484832763671875e-05,10,False
300,0.13651767017006203,0.1440190709069518,0.15089681385857667,0.0038412148249869593,35,110,0.00042128562927246094,4.410743713378906e-05,10,False
301,0.13651767017006203,0.1440190709069518,0.15089681385857667,0.0038412148249869593,35,110,0.0004096031188964844,4.363059997558594e-05,10,False
302,0.13651767017006203,0.1440190709069518,0.15089681385857667,0.0038412148249869593,35,110,0.000392913818359375,4.291534423828125e-05,10,False
303,0.13651767017006203,0.1440190709069518,0.15089681385857667,0.0038412148249869593,35,110,0.00040459632873535156,5.7220458984375e-05,10,False
304,0.13651767017006203,0.1440190709069518,0.15089681385857667,0.0038412148249869593,35,110,0.0005142688751220703,4.506111145019531e-05,10,False
305,0.13651767017006203,0.1440190709069518,0.15089681385857667,0.0038412148249869593,35,110,0.00043582916259765625,5.245208740234375e-05,10,False
306,0.13651767017006203,0.1440190709069518,0.15089681385857667,0.0038412148249869593,35,110,0.0005116462707519531,5.221366882324219e-05,10,False
307,0.13651767017006203,0.1440190709069518,0.15089681385857667,0.0038412148249869593,35,110,0.0005829334259033203,6.079673767089844e-05,10,False
308,0.13651767017006203,0.1440190709069518,0.15089681385857667,0.0038412148249869593,35,110,0.0004382133483886719,5.459785461425781e-05,10,False
309,0.13651767017006203,0.1440190709069518,0.15089681385857667,0.0038412148249869593,35,110,0.00043463706970214844,5.1021575927734375e-05,10,False
310,0.13651767017006203,0.1440190709069518,0.15089681385857667,0.0038412148249869593,35,110,0.0004668235778808594,5.53131103515625e-05,10,False
311,0.13651767017006203,0.1440190709069518,0.15089681385857667,0.0038412148249869593,35,110,0.0004558563232421875,5.340576171875e-05,10,False
312,0.13651767017006203,0.1440190709069518,0.15089681385857667,0.0038412148249869593,35,110,0.0005197525024414062,5.745887756347656e-05,10,False
313,0.13651767017006203,0.1440190709069518,0.15089681385857667,0.0038412148249869593,35,110,0.0005023479461669922,5.6743621826171875e-05,10,False
314,0.13651767017006203,0.1440190709069518,0.15089681385857667,0.0038412148249869593,35,110,0.00048351287841796875,5.6743621826171875e-05,10,False
315,0.13651767017006203,0.1440190709069518,0.15089681385857667,0.0038412148249869593,35,110,0.0004856586456298828,5.5789947509765625e-05,10,False
316,0.13651767017006203,0.1440190709069518,0.15089681385857667,0.0038412148249869593,35,110,0.0004794597625732422,5.4836273193359375e-05,10,False
317,0.13651767017006203,0.1440190709069518,0.15089681385857667,0.0038412148249869593,35,110,0.0005426406860351562,6.532669067382812e-05,10,False
318,0.13651767017006203,0.1440190709069518,0.15089681385857667,0.0038412148249869593,35,110,0.0008573532104492188,6.628036499023438e-05,10,False
319,0.13651767017006203,0.1440190709069518,0.15089681385857667,0.0038412148249869593,35,110,0.0007765293121337891,7.224082946777344e-05,10,False
320,0.13651767017006203,0.1440190709069518,0.15089681385857667,0.0038412148249869593,35,110,0.0005702972412109375,6.246566772460938e-05,10,False
321,0.13651767017006203,0.1440190709069518,0.15089681385857667,0.0038412148249869593,35,110,0.0004570484161376953,8.678436279296875e-05,10,False
322,0.13651767017006203,0.1440190709069518,0.15089681385857667,0.0038412148249869593,35,110,0.00039768218994140625,4.6253204345703125e-05,10,False
323,0.13651767017006203,0.1440190709069518,0.15089681385857667,0.0038412148249869593,35,110,0.0004096031188964844,4.410743713378906e-05,10,False
324,0.13651767017006203,0.1440190709069518,0.15089681385857667,0.0038412148249869593,35,110,0.00039649009704589844,4.506111145019531e-05,10,False
325,0.13651767017006203,0.1440190709069518,0.15089681385857667,0.0038412148249869593,35,110,0.00041556358337402344,4.506111145019531e-05,10,False
326,0.13651767017006203,0.1440190709069518,0.15089681385857667,0.0038412148249869593,35,110,0.00039649009704589844,4.38690185546875e-05,10,False
327,0.13651767017006203,0.1440190709069518,0.15089681385857667,0.0038412148249869593,35,110,0.0004000663757324219,4.5299530029296875e-05,10,False
328,0.13651767017006203,0.1440190709069518,0.15089681385857667,0.0038412148249869593,35,110,0.00041794776916503906,4.506111145019531e-05,10,False
329,0.13651767017006203,0.1440190709069518,0.15089681385857667,0.0038412148249869593,35,110,0.0004260540008544922,4.410743713378906e-05,10,False
330,0.13651767017006203,0.1440190709069518,0.15089681385857667,0.0038412148249869593,35,110,0.0004734992980957031,4.649162292480469e-05,10,False
331,0.13651767017006203,0.1440190709069518,0.15089681385857667,0.0038412148249869593,35,110,0.0004191398620605469,4.38690185546875e-05,10,False
332,0.13651767017006203,0.1440190709069518,0.15089681385857667,0.0038412148249869593,35,110,0.00038814544677734375,4.267692565917969e-05,10,False
333,0.13651767017006203,0.1440190709069518,0.15089681385857667,0.0038412148249869593,35,110,0.0005474090576171875,4.291534423828125e-05,10,False
334,0.13651767017006203,0.1440190709069518,0.15089681385857667,0.0038412148249869593,35,110,0.0005009174346923828,6.175041198730469e-05,10,False
335,0.13651767017006203,0.1440190709069518,0.15089681385857667,0.0038412148249869593,35,110,0.0004572868347167969,5.221366882324219e-05,10,False
336,0.13651767017006203,0.1440190709069518,0.15089681385857667,0.0038412148249869593,35,110,0.0004794597625732422,5.4836273193359375e-05,10,False
337,0.13651767017006203,0.1440190709069518,0.15089681385857667,0.0038412148249869593,35,110,0.0004639625549316406,5.841255187988281e-05,10,False
338,0.13651767017006203,0.1440190709069518,0.15089681385857667,0.0038412148249869593,35,110,0.00046181678771972656,5.459785461425781e-05,10,False
339,0.13651767017006203,0.1440190709069518,0.15089681385857667,0.0038412148249869593,35,110,0.00048661231994628906,5.269050598144531e-05,10,False
340,0.13651767017006203,0.1440190709069518,0.15089681385857667,0.0038412148249869593,35,110,0.0005471706390380859,5.602836608886719e-05,10,False
341,0.13651767017006203,0.1440190709069518,0.15089681385857667,0.0038412148249869593,35,110,0.0005166530609130859,7.605552673339844e-05,10,False
342,0.13651767017006203,0.1440190709069518,0.15089681385857667,0.0038412148249869593,35,110,0.0005402565002441406,7.128715515136719e-05,10,False
343,0.13651767017006203,0.1440190709069518,0.15089681385857667,0.0038412148249869593,35,110,0.0007312297821044922,7.724761962890625e-05,10,False
344,0.13651767017006203,0.1440190709069518,0.15089681385857667,0.0038412148249869593,35,110,0.0005152225494384766,8.082389831542969e-05,10,False
345,0.13651767017006203,0.1440190709069518,0.15089681385857667,0.0038412148249869593,35,110,0.0005462169647216797,7.724761962890625e-05,10,False
346,0.13651767017006203,0.1440190709069518,0.15089681385857667,0.0038412148249869593,35,110,0.0006530284881591797,0.00013899803161621094,10,False
347,0.13651767017006203,0.1440190709069518,0.15089681385857667,0.0038412148249869593,35,110,0.0007197856903076172,7.963180541992188e-05,10,False
348,0.13651767017006203,0.1440190709069518,0.15089681385857667,0.0038412148249869593,35,110,0.0004711151123046875,7.510185241699219e-05,10,False
349,0.13651767017006203,0.1440190709069518,0.15089681385857667,0.0038412148249869593,35,110,0.00048422813415527344,7.367134094238281e-05,10,False
350,0.13651767017006203,0.1440190709069518,0.15089681385857667,0.0038412148249869593,35,110,0.0004794597625732422,6.556510925292969e-05,10,False
351,0.13651767017006203,0.1440190709069518,0.15089681385857667,0.0038412148249869593,35,110,0.0004870891571044922,6.747245788574219e-05,10,False
352,0.13651767017006203,0.1440190709069518,0.15089681385857667,0.0038412148249869593,35,110,0.0004951953887939453,7.343292236328125e-05,10,False
353,0.13651767017006203,0.1440190709069518,0.15089681385857667,0.0038412148249869593,35,110,0.0006186962127685547,8.559226989746094e-05,10,False
354,0.13651767017006203,0.1440190709069518,0.15089681385857667,0.0038412148249869593,35,110,0.0005235671997070312,7.724761962890625e-05,10,False
355,0.13651767017006203,0.1440190709069518,0.15089681385857667,0.0038412148249869593,35,110,0.0005996227264404297,7.152557373046875e-05,10,False
356,0.13651767017006203,0.1440190709069518,0.15089681385857667,0.0038412148249869593,35,110,0.0005080699920654297,6.985664367675781e-05,10,False
357,0.13651767017006203,0.1440190709069518,0.15089681385857667,0.0038412148249869593,35,110,0.0004951953887939453,6.866455078125e-05,10,False
358,0.13651767017006203,0.1440190709069518,0.15089681385857667,0.0038412148249869593,35,110,0.0005471706390380859,6.794929504394531e-05,10,False
359,0.13651767017006203,0.1440190709069518,0.15089681385857667,0.0038412148249869593,35,110,0.0005176067352294922,7.104873657226562e-05,10,False
360,0.13651767017006203,0.1440190709069518,0.15089681385857667,0.0038412148249869593,35,110,0.0005474090576171875,7.2479248046875e-05,10,False
361,0.13651767017006203,0.1440190709069518,0.15089681385857667,0.0038412148249869593,35,110,0.0006055831909179688,7.343292236328125e-05,10,False
362,0.13651767017006203,0.1440190709069518,0.15089681385857667,0.0038412148249869593,35,110,0.0007030963897705078,0.00010180473327636719,10,False
363,0.13651767017006203,0.1440190709069518,0.15089681385857667,0.0038412148249869593,35,110,0.0005743503570556641,6.699562072753906e-05,10,False
364,0.13651767017006203,0.1440190709069518,0.15089681385857667,0.0038412148249869593,35,110,0.0005009174346923828,7.605552673339844e-05,10,False
365,0.13651767017006203,0.1440190709069518,0.15089681385857667,0.0038412148249869593,35,110,0.0004298686981201172,5.698204040527344e-05,10,False
366,0.13651767017006203,0.1440190709069518,0.15089681385857667,0.0038412148249869593,35,110,0.00048422813415527344,4.887580871582031e-05,10,False
367,0.13651767017006203,0.1440190709069518,0.15089681385857667,0.0038412148249869593,35,110,0.0004487037658691406,4.76837158203125e-05,10,False
368,0.13651767017006203,0.1440190709069518,0.15089681385857667,0.0038412148249869593,35,110,0.0005283355712890625,6.175041198730469e-05,10,False
369,0.13651767017006203,0.1440190709069518,0.15089681385857667,0.0038412148249869593,35,110,0.00045228004455566406,5.4836273193359375e-05,10,False
370,0.13651767017006203,0.1440190709069518,0.15089681385857667,0.0038412148249869593,35,110,0.0004146099090576172,5.078315734863281e-05,10,False
371,0.13651767017006203,0.1440190709069518,0.15089681385857667,0.0038412148249869593,35,110,0.0004322528839111328,4.5299530029296875e-05,10,False
372,0.13651767017006203,0.1440190709069518,0.15089681385857667,0.0038412148249869593,35,110,0.0004189014434814453,4.9114227294921875e-05,10,False
373,0.13651767017006203,0.1440190709069518,0.15089681385857667,0.0038412148249869593,35,110,0.0003979206085205078,4.7206878662109375e-05,10,False
374,0.13651767017006203,0.1440190709069518,0.15089681385857667,0.0038412148249869593,35,110,0.000446319580078125,4.863739013671875e-05,10,False
375,0.13651767017006203,0.1440190709069518,0.15089681385857667,0.0038412148249869593,35,110,0.00043702125549316406,4.863739013671875e-05,10,False
376,0.13651767017006203,0.1440190709069518,0.15089681385857667,0.0038412148249869593,35,110,0.00048089027404785156,6.29425048828125e-05,10,False
377,0.13651767017006203,0.1440190709069518,0.15089681385857667,0.0038412148249869593,35,110,0.0005044937133789062,5.817413330078125e-05,10,False
378,0.13651767017006203,0.1440190709069518,0.15089681385857667,0.0038412148249869593,35,110,0.0004642009735107422,5.698204040527344e-05,10,False
379,0.13651767017006203,0.1440190709069518,0.15089681385857667,0.0038412148249869593,35,110,0.0004639625549316406,7.271766662597656e-05,10,False
380,0.13651767017006203,0.1440190709069518,0.15089681385857667,0.0038412148249869593,35,110,0.0005369186401367188,6.031990051269531e-05,10,False
381,0.13651767017006203,0.1440190709069518,0.15089681385857667,0.0038412148249869593,35,110,0.000484466552734375,6.175041198730469e-05,10,False
382,0.13651767017006203,0.1440190709069518,0.15089681385857667,0.0038412148249869593,35,110,0.00048470497131347656,5.888938903808594e-05,10,False
383,0.13651767017006203,0.1440190709069518,0.15089681385857667,0.0038412148249869593,35,110,0.0005700588226318359,5.817413330078125e-05,10,False
384,0.13651767017006203,0.1440190709069518,0.15089681385857667,0.0038412148249869593,35,110,0.0006697177886962891,6.29425048828125e-05,10,False
385,0.13651767017006203,0.1440190709069518,0.15089681385857667,0.0038412148249869593,35,110,0.0005936622619628906,6.413459777832031e-05,10,False
386,0.13651767017006203,0.1440190709069518,0.15089681385857667,0.0038412148249869593,35,110,0.0004284381866455078,5.221366882324219e-05,10,False
387,0.13651767017006203,0.1440190709069518,0.15089681385857667,0.0038412148249869593,35,110,0.00043201446533203125,7.510185241699219e-05,10,False
388,0.13651767017006203,0.1440190709069518,0.15089681385857667,0.0038412148249869593,35,110,0.0005924701690673828,5.936622619628906e-05,10,False
389,0.13651767017006203,0.1440190709069518,0.15089681385857667,0.0038412148249869593,35,110,0.00044274330139160156,5.364418029785156e-05,10,False
390,0.13651767017006203,0.1440190709069518,0.15089681385857667,0.0038412148249869593,35,110,0.00043082237243652344,4.9114227294921875e-05,10,False
391,0.13651767017006203,0.1440190709069518,0.15089681385857667,0.0038412148249869593,35,110,0.00044274330139160156,4.5299530029296875e-05,10,False
392,0.13651767017006203,0.1440190709069518,0.15089681385857667,0.0038412148249869593,35,110,0.0004143714904785156,4.5299530029296875e-05,10,False
393,0.13651767017006203,0.1440190709069518,0.15089681385857667,0.0038412148249869593,35,110,0.000392913818359375,5.459785461425781e-05,10,False
394,0.13651767017006203,0.1440190709069518,0.15089681385857667,0.0038412148249869593,35,110,0.0004215240478515625,4.506111145019531e-05,10,False
395,0.13651767017006203,0.1440190709069518,0.15089681385857667,0.0038412148249869593,35,110,0.0004036426544189453,4.6253204345703125e-05,10,False
396,0.13651767017006203,0.1440190709069518,0.15089681385857667,0.0038412148249869593,35,110,0.0004286766052246094,4.5299530029296875e-05,10,False
397,0.13651767017006203,0.1440190709069518,0.15089681385857667,0.0038412148249869593,35,110,0.0005056858062744141,6.556510925292969e-05,10,False
398,0.13651767017006203,0.1440190709069518,0.15089681385857667,0.0038412148249869593,35,110,0.0004892349243164062,5.936622619628906e-05,10,False
399,0.13651767017006203,0.1440190709069518,0.15089681385857667,0.0038412148249869593,35,110,0.00048089027404785156,5.5789947509765625e-05,10,False
400,0.13651767017006203,0.1440190709069518,0.15089681385857667,0.0038412148249869593,35,110,0.0005047321319580078,5.555152893066406e-05,10,False
401,0.13651767017006203,0.1440190709069518,0.15089681385857667,0.0038412148249869593,35,110,0.0005068778991699219,6.175041198730469e-05,10,False
402,0.13651767017006203,0.1440190709069518,0.15089681385857667,0.0038412148249869593,35,110,0.0005307197570800781,7.724761962890625e-05,10,False
403,0.13651767017006203,0.1440190709069518,0.15089681385857667,0.0038412148249869593,35,110,0.0004937648773193359,6.67572021484375e-05,10,False
404,0.13651767017006203,0.1440190709069518,0.15089681385857667,0.0038412148249869593,35,110,0.0005164146423339844,6.29425048828125e-05,10,False
405,0.13651767017006203,0.1440190709069518,0.15089681385857667,0.0038412148249869593,35,110,0.0005652904510498047,5.91278076171875e-05,10,False
406,0.13651767017006203,0.1440190709069518,0.15089681385857667,0.0038412148249869593,35,110,0.0004680156707763672,5.555152893066406e-05,10,False
407,0.13651767017006203,0.1440190709069518,0.15089681385857667,0.0038412148249869593,35,110,0.00045108795166015625,4.887580871582031e-05,10,False
408,0.13651767017006203,0.1440190709069518,0.15089681385857667,0.0038412148249869593,35,110,0.0004191398620605469,4.744529724121094e-05,10,False
409,0.13651767017006203,0.1440190709069518,0.15089681385857667,0.0038412148249869593,35,110,0.0004036426544189453,4.76837158203125e-05,10,False
410,0.13651767017006203,0.1440190709069518,0.15089681385857667,0.0038412148249869593,35,110,0.0004200935363769531,4.5299530029296875e-05,10,False
411,0.13651767017006203,0.1440190709069518,0.15089681385857667,0.0038412148249869593,35,110,0.0003833770751953125,4.267692565917969e-05,10,False
412,0.13651767017006203,0.1440190709069518,0.15089681385857667,0.0038412148249869593,35,110,0.0004069805145263672,4.553794860839844e-05,10,False
413,0.13651767017006203,0.1440190709069518,0.15089681385857667,0.0038412148249869593,35,110,0.0003943443298339844,4.38690185546875e-05,10,False
414,0.13651767017006203,0.1440190709069518,0.15089681385857667,0.0038412148249869593,35,110,0.0006327629089355469,4.410743713378906e-05,10,False
415,0.13651767017006203,0.1440190709069518,0.15089681385857667,0.0038412148249869593,35,110,0.0004892349243164062,5.316734313964844e-05,10,False
416,0.13651767017006203,0.1440190709069518,0.15089681385857667,0.0038412148249869593,35,110,0.0004024505615234375,5.125999450683594e-05,10,False
417,0.13651767017006203,0.1440190709069518,0.15089681385857667,0.0038412148249869593,35,110,0.00039196014404296875,5.459785461425781e-05,10,False
418,0.13651767017006203,0.1440190709069518,0.15089681385857667,0.0038412148249869593,35,110,0.0004215240478515625,4.38690185546875e-05,10,False
419,0.13651767017006203,0.1440190709069518,0.15089681385857667,0.0038412148249869593,35,110,0.0004131793975830078,4.267692565917969e-05,10,False
420,0.13651767017006203,0.1440190709069518,0.15089681385857667,0.0038412148249869593,35,110,0.000415802001953125,4.2438507080078125e-05,10,False
421,0.13651767017006203,0.1440190709069518,0.15089681385857667,0.0038412148249869593,35,110,0.0004928112030029297,4.863739013671875e-05,10,False
422,0.13651767017006203,0.1440190709069518,0.15089681385857667,0.0038412148249869593,35,110,0.0006816387176513672,7.128715515136719e-05,10,False
423,0.13651767017006203,0.1440190709069518,0.15089681385857667,0.0038412148249869593,35,110,0.0004949569702148438,5.7220458984375e-05,10,False
424,0.13651767017006203,0.1440190709069518,0.15089681385857667,0.0038412148249869593,35,110,0.0005140304565429688,6.198883056640625e-05,10,False
425,0.13651767017006203,0.1440190709069518,0.15089681385857667,0.0038412148249869593,35,110,0.0005354881286621094,6.532669067382812e-05,10,False
426,0.13651767017006203,0.1440190709069518,0.15089681385857667,0.0038412148249869593,35,110,0.0005450248718261719,6.771087646484375e-05,10,False
427,0.13651767017006203,0.1440190709069518,0.15089681385857667,0.0038412148249869593,35,110,0.0004878044128417969,7.390975952148438e-05,10,False
428,0.13651767017006203,0.1440190709069518,0.15089681385857667,0.0038412148249869593,35,110,0.000484466552734375,5.698204040527344e-05,10,False
429,0.13651767017006203,0.1440190709069518,0.15089681385857667,0.0038412148249869593,35,110,0.0005190372467041016,5.817413330078125e-05,10,False
430,0.13651767017006203,0.1440190709069518,0.15089681385857667,0.0038412148249869593,35,110,0.0004975795745849609,6.175041198730469e-05,10,False
431,0.13651767017006203,0.1440190709069518,0.15089681385857667,0.0038412148249869593,35,110,0.0004715919494628906,5.1021575927734375e-05,10,False
432,0.13651767017006203,0.1440190709069518,0.15089681385857667,0.0038412148249869593,35,110,0.00041675567626953125,4.863739013671875e-05,10,False
433,0.13651767017006203,0.1440190709069518,0.15089681385857667,0.0038412148249869593,35,110,0.00041556358337402344,4.6253204345703125e-05,10,False
434,0.13651767017006203,0.1440190709069518,0.15089681385857667,0.0038412148249869593,35,110,0.00041675567626953125,4.6253204345703125e-05,10,False
435,0.13651767017006203,0.1440190709069518,0.15089681385857667,0.0038412148249869593,35,110,0.0004334449768066406,4.6253204345703125e-05,10,False
436,0.13651767017006203,0.1440190709069518,0.15089681385857667,0.0038412148249869593,35,110,0.0004096031188964844,4.506111145019531e-05,10,False
437,0.13651767017006203,0.1440190709069518,0.15089681385857667,0.0038412148249869593,35,110,0.00040340423583984375,4.5299530029296875e-05,10,False
438,0.13651767017006203,0.1440190709069518,0.15089681385857667,0.0038412148249869593,35,110,0.00047850608825683594,6.794929504394531e-05,10,False
439,0.13651767017006203,0.1440190709069518,0.15089681385857667,0.0038412148249869593,35,110,0.0004546642303466797,4.744529724121094e-05,10,False
440,0.13651767017006203,0.1440190709069518,0.15089681385857667,0.0038412148249869593,35,110,0.0004215240478515625,4.744529724121094e-05,10,False
441,0.13651767017006203,0.1440190709069518,0.15089681385857667,0.0038412148249869593,35,110,0.00039386749267578125,4.792213439941406e-05,10,False
442,0.13651767017006203,0.1440190709069518,0.15089681385857667,0.0038412148249869593,35,110,0.0003943443298339844,4.267692565917969e-05,10,False
443,0.13651767017006203,0.1440190709069518,0.15089681385857667,0.0038412148249869593,35,110,0.0003941059112548828,4.5299530029296875e-05,10,False
444,0.13651767017006203,0.1440190709069518,0.15089681385857667,0.0038412148249869593,35,110,0.0004200935363769531,4.4345855712890625e-05,10,False
445,0.13651767017006203,0.1440190709069518,0.15089681385857667,0.0038412148249869593,35,110,0.00040149688720703125,4.1484832763671875e-05,10,False
446,0.13651767017006203,0.1440190709069518,0.15089681385857667,0.0038412148249869593,35,110,0.0004878044128417969,4.1961669921875e-05,10,False
447,0.13651767017006203,0.1440190709069518,0.15089681385857667,0.0038412148249869593,35,110,0.00046443939208984375,5.817413330078125e-05,10,False
448,0.13651767017006203,0.1440190709069518,0.15089681385857667,0.0038412148249869593,35,110,0.00047135353088378906,5.817413330078125e-05,10,False
449,0.13651767017006203,0.1440190709069518,0.15089681385857667,0.0038412148249869593,35,110,0.0004961490631103516,6.103515625e-05,10,False
450,0.13651767017006203,0.1440190709069518,0.15089681385857667,0.0038412148249869593,35,110,0.0005080699920654297,5.9604644775390625e-05,10,False
451,0.13651767017006203,0.1440190709069518,0.15089681385857667,0.0038412148249869593,35,110,0.0005841255187988281,7.2479248046875e-05,10,False
452,0.13651767017006203,0.1440190709069518,0.15089681385857667,0.0038412148249869593,35,110,0.0005316734313964844,6.413459777832031e-05,10,False
453,0.13651767017006203,0.1440190709069518,0.15089681385857667,0.0038412148249869593,35,110,0.0005674362182617188,6.413459777832031e-05,10,False
454,0.13651767017006203,0.1440190709069518,0.15089681385857667,0.0038412148249869593,35,110,0.0005106925964355469,7.724761962890625e-05,10,False
455,0.13651767017006203,0.1440190709069518,0.15089681385857667,0.0038412148249869593,35,110,0.0005698204040527344,5.984306335449219e-05,10,False
456,0.13651767017006203,0.1440190709069518,0.15089681385857667,0.0038412148249869593,35,110,0.0005571842193603516,5.435943603515625e-05,10,False
457,0.13651767017006203,0.1440190709069518,0.15089681385857667,0.0038412148249869593,35,110,0.0004832744598388672,5.698204040527344e-05,10,False
458,0.13651767017006203,0.1440190709069518,0.15089681385857667,0.0038412148249869593,35,110,0.0004677772521972656,4.863739013671875e-05,10,False
459,0.13651767017006203,0.1440190709069518,0.15089681385857667,0.0038412148249869593,35,110,0.0004715919494628906,4.6253204345703125e-05,10,False
460,0.13651767017006203,0.1440190709069518,0.15089681385857667,0.0038412148249869593,35,110,0.0004737377166748047,4.744529724121094e-05,10,False
461,0.13651767017006203,0.1440190709069518,0.15089681385857667,0.0038412148249869593,35,110,0.0004260540008544922,4.291534423828125e-05,10,False
462,0.13651767017006203,0.1440190709069518,0.15089681385857667,0.0038412148249869593,35,110,0.00047969818115234375,6.0558319091796875e-05,10,False
463,0.13651767017006203,0.1440190709069518,0.15089681385857667,0.0038412148249869593,35,110,0.0003917217254638672,4.6253204345703125e-05,10,False
464,0.13651767017006203,0.1440190709069518,0.15089681385857667,0.0038412148249869593,35,110,0.0005033016204833984,4.5299530029296875e-05,10,False
465,0.13651767017006203,0.1440190709069518,0.15089681385857667,0.0038412148249869593,35,110,0.0004012584686279297,4.5299530029296875e-05,10,False
466,0.13651767017006203,0.1440190709069518,0.15089681385857667,0.0038412148249869593,35,110,0.00037407875061035156,4.9591064453125e-05,10,False
467,0.13651767017006203,0.1440190709069518,0.15089681385857667,0.0038412148249869593,35,110,0.0003726482391357422,4.315376281738281e-05,10,False
468,0.13651767017006203,0.1440190709069518,0.15089681385857667,0.0038412148249869593,35,110,0.00038123130798339844,4.00543212890625e-05,10,False
469,0.13651767017006203,0.1440190709069518,0.15089681385857667,0.0038412148249869593,35,110,0.000392913818359375,4.267692565917969e-05,10,False
470,0.13651767017006203,0.1440190709069518,0.15089681385857667,0.0038412148249869593,35,110,0.0003883838653564453,4.38690185546875e-05,10,False
471,0.13651767017006203,0.1440190709069518,0.15089681385857667,0.0038412148249869593,35,110,0.0004050731658935547,4.6253204345703125e-05,10,False
472,0.13651767017006203,0.1440190709069518,0.15089681385857667,0.0038412148249869593,35,110,0.00037860870361328125,4.291534423828125e-05,10,False
473,0.13651767017006203,0.1440190709069518,0.15089681385857667,0.0038412148249869593,35,110,0.0005257129669189453,4.1961669921875e-05,10,False
474,0.13651767017006203,0.1440190709069518,0.15089681385857667,0.0038412148249869593,35,110,0.00039196014404296875,4.506111145019531e-05,10,False
475,0.13651767017006203,0.1440190709069518,0.15089681385857667,0.0038412148249869593,35,110,0.0004248619079589844,5.0067901611328125e-05,10,False
476,0.13651767017006203,0.1440190709069518,0.15089681385857667,0.0038412148249869593,35,110,0.0004761219024658203,4.506111145019531e-05,10,False
477,0.13651767017006203,0.1440190709069518,0.15089681385857667,0.0038412148249869593,35,110,0.00042510032653808594,4.76837158203125e-05,10,False
478,0.13651767017006203,0.1440190709069518,0.15089681385857667,0.0038412148249869593,35,110,0.00040721893310546875,5.936622619628906e-05,10,False
479,0.13651767017006203,0.1440190709069518,0.15089681385857667,0.0038412148249869593,35,110,0.00042724609375,4.410743713378906e-05,10,False
480,0.13651767017006203,0.1440190709069518,0.15089681385857667,0.0038412148249869593,35,110,0.00040721893310546875,4.38690185546875e-05,10,False
481,0.13651767017006203,0.1440190709069518,0.15089681385857667,0.0038412148249869593,35,110,0.0004036426544189453,4.291534423828125e-05,10,False
482,0.13651767017006203,0.1440190709069518,0.15089681385857667,0.0038412148249869593,35,110,0.0003943443298339844,4.124641418457031e-05,10,False
483,0.13651767017006203,0.1440190709069518,0.15089681385857667,0.0038412148249869593,35,110,0.00046181678771972656,4.029273986816406e-05,10,False
484,0.13651767017006203,0.1440190709069518,0.15089681385857667,0.0038412148249869593,35,110,0.00046443939208984375,5.6743621826171875e-05,10,False
485,0.13651767017006203,0.1440190709069518,0.15089681385857667,0.0038412148249869593,35,110,0.00045371055603027344,5.459785461425781e-05,10,False
486,0.13651767017006203,0.1440190709069518,0.15089681385857667,0.0038412148249869593,35,110,0.0005791187286376953,5.5789947509765625e-05,10,False
487,0.13651767017006203,0.1440190709069518,0.15089681385857667,0.0038412148249869593,35,110,0.0004820823669433594,5.698204040527344e-05,10,False
488,0.13651767017006203,0.1440190709069518,0.15089681385857667,0.0038412148249869593,35,110,0.0004773139953613281,5.698204040527344e-05,10,False
489,0.13651767017006203,0.1440190709069518,0.15089681385857667,0.0038412148249869593,35,110,0.0004999637603759766,6.031990051269531e-05,10,False
490,0.13651767017006203,0.1440190709069518,0.15089681385857667,0.0038412148249869593,35,110,0.0004949569702148438,6.318092346191406e-05,10,False
491,0.13651767017006203,0.1440190709069518,0.15089681385857667,0.0038412148249869593,35,110,0.0005259513854980469,6.29425048828125e-05,10,False
492,0.13651767017006203,0.1440190709069518,0.15089681385857667,0.0038412148249869593,35,110,0.0005426406860351562,6.151199340820312e-05,10,False
493,0.13651767017006203,0.1440190709069518,0.15089681385857667,0.0038412148249869593,35,110,0.00046896934509277344,5.221366882324219e-05,10,False
494,0.13651767017006203,0.1440190709069518,0.15089681385857667,0.0038412148249869593,35,110,0.00046062469482421875,4.982948303222656e-05,10,False
495,0.13651767017006203,0.1440190709069518,0.15089681385857667,0.0038412148249869593,35,110,0.00044155120849609375,5.030632019042969e-05,10,False
496,0.13651767017006203,0.1440190709069518,0.15089681385857667,0.0038412148249869593,35,110,0.00045108795166015625,4.887580871582031e-05,10,False
497,0.13651767017006203,0.1440190709069518,0.15089681385857667,0.0038412148249869593,35,110,0.000644683837890625,4.744529724121094e-05,10,False
498,0.13651767017006203,0.1440190709069518,0.15089681385857667,0.0038412148249869593,35,110,0.0005047321319580078,4.863739013671875e-05,10,False
499,0.13651767017006203,0.1440190709069518,0.15089681385857667,0.0038412148249869593,35,110,0.0005130767822265625,6.270408630371094e-05,10,False
500,0.13651767017006203,0.1440190709069518,0.15089681385857667,0.0038412148249869593,35,110,0.0005486011505126953,7.224082946777344e-05,10,False
501,0.13651767017006203,0.1440190709069518,0.15089681385857667,0.0038412148249869593,35,110,0.0005545616149902344,7.581710815429688e-05,10,False
502,0.13651767017006203,0.1440190709069518,0.15089681385857667,0.0038412148249869593,35,110,0.0005328655242919922,6.341934204101562e-05,10,False
503,0.13651767017006203,0.1440190709069518,0.15089681385857667,0.0038412148249869593,35,110,0.0005023479461669922,5.91278076171875e-05,10,False
504,0.13651767017006203,0.1440190709069518,0.15089681385857667,0.0038412148249869593,35,110,0.0004949569702148438,6.198883056640625e-05,10,False
505,0.13651767017006203,0.1440190709069518,0.15089681385857667,0.0038412148249869593,35,110,0.0004949569702148438,7.033348083496094e-05,10,False
506,0.13651767017006203,0.1440190709069518,0.15089681385857667,0.0038412148249869593,35,110,0.0005495548248291016,6.890296936035156e-05,10,False
507,0.13651767017006203,0.1440190709069518,0.15089681385857667,0.0038412148249869593,35,110,0.0006732940673828125,6.175041198730469e-05,10,False
508,0.13651767017006203,0.1440190709069518,0.15089681385857667,0.0038412148249869593,35,110,0.00043702125549316406,5.1021575927734375e-05,10,False
509,0.13651767017006203,0.1440190709069518,0.15089681385857667,0.0038412148249869593,35,110,0.0004153251647949219,4.887580871582031e-05,10,False
510,0.13651767017006203,0.1440190709069518,0.15089681385857667,0.0038412148249869593,35,110,0.0004284381866455078,4.649162292480469e-05,10,False
511,0.13651767017006203,0.1440190709069518,0.15089681385857667,0.0038412148249869593,35,110,0.0004181861877441406,4.839897155761719e-05,10,False
512,0.13651767017006203,0.1440190709069518,0.15089681385857667,0.0038412148249869593,35,110,0.0004904270172119141,6.651878356933594e-05,10,False
513,0.13651767017006203,0.1440190709069518,0.15089681385857667,0.0038412148249869593,35,110,0.00043845176696777344,4.839897155761719e-05,10,False
514,0.13651767017006203,0.1440190709069518,0.15089681385857667,0.0038412148249869593,35,110,0.0004334449768066406,4.863739013671875e-05,10,False
515,0.13651767017006203,0.1440190709069518,0.15089681385857667,0.0038412148249869593,35,110,0.0004582405090332031,4.5299530029296875e-05,10,False
516,0.13651767017006203,0.1440190709069518,0.15089681385857667,0.0038412148249869593,35,110,0.00042748451232910156,5.1021575927734375e-05,10,False
517,0.13651767017006203,0.1440190709069518,0.15089681385857667,0.0038412148249869593,35,110,0.0004394054412841797,5.555152893066406e-05,10,False
518,0.13651767017006203,0.1440190709069518,0.15089681385857667,0.0038412148249869593,35,110,0.0004715919494628906,5.1021575927734375e-05,10,False
519,0.13651767017006203,0.1440190709069518,0.15089681385857667,0.0038412148249869593,35,110,0.00043582916259765625,4.363059997558594e-05,10,False
520,0.13651767017006203,0.1440190709069518,0.15089681385857667,0.0038412148249869593,35,110,0.0004036426544189453,4.506111145019531e-05,10,False
521,0.13651767017006203,0.1440190709069518,0.15089681385857667,0.0038412148249869593,35,110,0.0005235671997070312,4.744529724121094e-05,10,False
522,0.13651767017006203,0.1440190709069518,0.15089681385857667,0.0038412148249869593,35,110,0.00048065185546875,5.9604644775390625e-05,10,False
523,0.13651767017006203,0.1440190709069518,0.15089681385857667,0.0038412148249869593,35,110,0.0004951953887939453,5.6743621826171875e-05,10,False
524,0.13651767017006203,0.1440190709069518,0.15089681385857667,0.0038412148249869593,35,110,0.0005257129669189453,5.984306335449219e-05,10,False
525,0.13651767017006203,0.1440190709069518,0.15089681385857667,0.0038412148249869593,35,110,0.0005640983581542969,6.29425048828125e-05,10,False
526,0.13651767017006203,0.1440190709069518,0.15089681385857667,0.0038412148249869593,35,110,0.0005059242248535156,6.151199340820312e-05,10,False
527,0.13651767017006203,0.1440190709069518,0.15089681385857667,0.0038412148249869593,35,110,0.0005009174346923828,5.9604644775390625e-05,10,False
528,0.13651767017006203,0.1440190709069518,0.15089681385857667,0.0038412148249869593,35,110,0.0004963874816894531,7.700920104980469e-05,10,False
529,0.13651767017006203,0.1440190709069518,0.15089681385857667,0.0038412148249869593,35,110,0.0006625652313232422,6.532669067382812e-05,10,False
530,0.13651767017006203,0.1440190709069518,0.15089681385857667,0.0038412148249869593,35,110,0.0005829334259033203,6.771087646484375e-05,10,False
531,0.13651767017006203,0.1440190709069518,0.15089681385857667,0.0038412148249869593,35,110,0.0004961490631103516,7.271766662597656e-05,10,False
532,0.13651767017006203,0.1440190709069518,0.15089681385857667,0.0038412148249869593,35,110,0.00045013427734375,5.6743621826171875e-05,10,False
533,0.13651767017006203,0.1440190709069518,0.15089681385857667,0.0038412148249869593,35,110,0.0004324913024902344,5.173683166503906e-05,10,False
534,0.13651767017006203,0.1440190709069518,0.15089681385857667,0.0038412148249869593,35,110,0.0004146099090576172,5.078315734863281e-05,10,False
535,0.13651767017006203,0.1440190709069518,0.15089681385857667,0.0038412148249869593,35,110,0.0004096031188964844,5.078315734863281e-05,10,False
536,0.13651767017006203,0.1440190709069518,0.15089681385857667,0.0038412148249869593,35,110,0.0006246566772460938,5.1021575927734375e-05,10,False
537,0.13651767017006203,0.1440190709069518,0.15089681385857667,0.0038412148249869593,35,110,0.0004367828369140625,5.14984130859375e-05,10,False
538,0.13651767017006203,0.1440190709069518,0.15089681385857667,0.0038412148249869593,35,110,0.00044417381286621094,4.7206878662109375e-05,10,False
539,0.13651767017006203,0.1440190709069518,0.15089681385857667,0.0038412148249869593,35,110,0.0004215240478515625,5.1021575927734375e-05,10,False
540,0.13651767017006203,0.1440190709069518,0.15089681385857667,0.0038412148249869593,35,110,0.0004010200500488281,4.553794860839844e-05,10,False
541,0.13651767017006203,0.1440190709069518,0.15089681385857667,0.0038412148249869593,35,110,0.0004355907440185547,5.245208740234375e-05,10,False
542,0.13651767017006203,0.1440190709069518,0.15089681385857667,0.0038412148249869593,35,110,0.0004496574401855469,5.030632019042969e-05,10,False
543,0.13651767017006203,0.1440190709069518,0.15089681385857667,0.0038412148249869593,35,110,0.0004525184631347656,4.744529724121094e-05,10,False
544,0.13651767017006203,0.1440190709069518,0.15089681385857667,0.0038412148249869593,35,110,0.0005221366882324219,6.461143493652344e-05,10,False
545,0.13651767017006203,0.1440190709069518,0.15089681385857667,0.0038412148249869593,35,110,0.0004928112030029297,6.031990051269531e-05,10,False
546,0.13651767017006203,0.1440190709069518,0.15089681385857667,0.0038412148249869593,35,110,0.0004298686981201172,5.91278076171875e-05,10,False
547,0.13651767017006203,0.1440190709069518,0.15089681385857667,0.0038412148249869593,35,110,0.0005533695220947266,8.511543273925781e-05,10,False
548,0.13651767017006203,0.1440190709069518,0.15089681385857667,0.0038412148249869593,35,110,0.0006339550018310547,7.462501525878906e-05,10,False
549,0.13651767017006203,0.1440190709069518,0.15089681385857667,0.0038412148249869593,35,110,0.0006067752838134766,7.724761962890625e-05,10,False
550,0.13651767017006203,0.1440190709069518,0.15089681385857667,0.0038412148249869593,35,110,0.0006766319274902344,8.082389831542969e-05,10,False
551,0.13651767017006203,0.1440190709069518,0.15089681385857667,0.0038412148249869593,35,110,0.0008051395416259766,7.724761962890625e-05,10,False
552,0.13651767017006203,0.1440190709069518,0.15089681385857667,0.0038412148249869593,35,110,0.0006682872772216797,9.989738464355469e-05,10,False
553,0.13651767017006203,0.1440190709069518,0.15089681385857667,0.0038412148249869593,35,110,0.0005190372467041016,7.462501525878906e-05,10,False
554,0.13651767017006203,0.1440190709069518,0.15089681385857667,0.0038412148249869593,35,110,0.00045228004455566406,6.29425048828125e-05,10,False
555,0.13651767017006203,0.1440190709069518,0.15089681385857667,0.0038412148249869593,35,110,0.0004355907440185547,6.318092346191406e-05,10,False
556,0.13651767017006203,0.1440190709069518,0.15089681385857667,0.0038412148249869593,35,110,0.0004856586456298828,5.221366882324219e-05,10,False
557,0.13651767017006203,0.1440190709069518,0.15089681385857667,0.0038412148249869593,35,110,0.0004513263702392578,5.91278076171875e-05,10,False
558,0.13651767017006203,0.1440190709069518,0.15089681385857667,0.0038412148249869593,35,110,0.0006008148193359375,5.555152893066406e-05,10,False
559,0.13651767017006203,0.1440190709069518,0.15089681385857667,0.0038412148249869593,35,110,0.00043082237243652344,5.817413330078125e-05,10,False
560,0.13651767017006203,0.1440190709069518,0.15089681385857667,0.0038412148249869593,35,110,0.0004191398620605469,5.6743621826171875e-05,10,False
561,0.13651767017006203,0.1440190709069518,0.15089681385857667,0.0038412148249869593,35,110,0.0004334449768066406,8.869171142578125e-05,10,False
562,0.13651767017006203,0.1440190709069518,0.15089681385857667,0.0038412148249869593,35,110,0.0005509853363037109,5.316734313964844e-05,10,False
563,0.13651767017006203,0.1440190709069518,0.15089681385857667,0.0038412148249869593,35,110,0.00041794776916503906,5.459785461425781e-05,10,False
564,0.13651767017006203,0.1440190709069518,0.15089681385857667,0.0038412148249869593,35,110,0.00044536590576171875,4.982948303222656e-05,10,False
565,0.13651767017006203,0.1440190709069518,0.15089681385857667,0.0038412148249869593,35,110,0.00044035911560058594,5.602836608886719e-05,10,False
566,0.13651767017006203,0.1440190709069518,0.15089681385857667,0.0038412148249869593,35,110,0.00043201446533203125,5.364418029785156e-05,10,False
567,0.13651767017006203,0.1440190709069518,0.15089681385857667,0.0038412148249869593,35,110,0.00048804283142089844,5.1975250244140625e-05,10,False
568,0.13651767017006203,0.1440190709069518,0.15089681385857667,0.0038412148249869593,35,110,0.00048089027404785156,5.555152893066406e-05,10,False
569,0.13651767017006203,0.1440190709069518,0.15089681385857667,0.0038412148249869593,35,110,0.0004642009735107422,5.340576171875e-05,10,False
570,0.13651767017006203,0.1440190709069518,0.15089681385857667,0.0038412148249869593,35,110,0.0004761219024658203,5.698204040527344e-05,10,False
571,0.13651767017006203,0.1440190709069518,0.15089681385857667,0.0038412148249869593,35,110,0.0005199909210205078,6.079673767089844e-05,10,False
572,0.13651767017006203,0.1440190709069518,0.15089681385857667,0.0038412148249869593,35,110,0.0008597373962402344,6.532669067382812e-05,10,False
573,0.13651767017006203,0.1440190709069518,0.15089681385857667,0.0038412148249869593,35,110,0.0005793571472167969,6.890296936035156e-05,10,False
574,0.13651767017006203,0.1440190709069518,0.15089681385857667,0.0038412148249869593,35,110,0.0005915164947509766,6.008148193359375e-05,10,False
575,0.13651767017006203,0.1440190709069518,0.15089681385857667,0.0038412148249869593,35,110,0.0005557537078857422,7.700920104980469e-05,10,False
576,0.13651767017006203,0.1440190709069518,0.15089681385857667,0.0038412148249869593,35,110,0.0005617141723632812,5.698204040527344e-05,10,False
577,0.13651767017006203,0.1440190709069518,0.15089681385857667,0.0038412148249869593,35,110,0.0004749298095703125,6.079673767089844e-05,10,False
578,0.13651767017006203,0.1440190709069518,0.15089681385857667,0.0038412148249869593,35,110,0.0006661415100097656,4.744529724121094e-05,10,False
579,0.13651767017006203,0.1440190709069518,0.15089681385857667,0.0038412148249869593,35,110,0.0004107952117919922,4.744529724121094e-05,10,False
580,0.13651767017006203,0.1440190709069518,0.15089681385857667,0.0038412148249869593,35,110,0.00039696693420410156,4.458427429199219e-05,10,False
581,0.13651767017006203,0.1440190709069518,0.15089681385857667,0.0038412148249869593,35,110,0.0005235671997070312,4.482269287109375e-05,10,False
582,0.13651767017006203,0.1440190709069518,0.15089681385857667,0.0038412148249869593,35,110,0.0004203319549560547,5.1021575927734375e-05,10,False
583,0.13651767017006203,0.1440190709069518,0.15089681385857667,0.0038412148249869593,35,110,0.0004000663757324219,4.267692565917969e-05,10,False
584,0.13651767017006203,0.1440190709069518,0.15089681385857667,0.0038412148249869593,35,110,0.00045228004455566406,4.291534423828125e-05,10,False
585,0.13651767017006203,0.1440190709069518,0.15089681385857667,0.0038412148249869593,35,110,0.00039887428283691406,4.267692565917969e-05,10,False
586,0.13651767017006203,0.1440190709069518,0.15089681385857667,0.0038412148249869593,35,110,0.0004105567932128906,4.0531158447265625e-05,10,False
587,0.13651767017006203,0.1440190709069518,0.15089681385857667,0.0038412148249869593,35,110,0.0003764629364013672,4.124641418457031e-05,10,False
588,0.13651767017006203,0.1440190709069518,0.15089681385857667,0.0038412148249869593,35,110,0.0005283355712890625,4.1484832763671875e-05,10,False
589,0.13651767017006203,0.1440190709069518,0.15089681385857667,0.0038412148249869593,35,110,0.00040459632873535156,4.1961669921875e-05,10,False
590,0.13651767017006203,0.1440190709069518,0.15089681385857667,0.0038412148249869593,35,110,0.00039649009704589844,4.1961669921875e-05,10,False
591,0.13651767017006203,0.1440190709069518,0.15089681385857667,0.0038412148249869593,35,110,0.0005342960357666016,4.267692565917969e-05,10,False
592,0.13651767017006203,0.1440190709069518,0.15089681385857667,0.0038412148249869593,35,110,0.0004489421844482422,5.1975250244140625e-05,10,False
593,0.13651767017006203,0.1440190709069518,0.15089681385857667,0.0038412148249869593,35,110,0.0004630088806152344,5.555152893066406e-05,10,False
594,0.13651767017006203,0.1440190709069518,0.15089681385857667,0.0038412148249869593,35,110,0.0005047321319580078,6.0558319091796875e-05,10,False
595,0.13651767017006203,0.1440190709069518,0.15089681385857667,0.0038412148249869593,35,110,0.0005784034729003906,6.389617919921875e-05,10,False
596,0.13651767017006203,0.1440190709069518,0.15089681385857667,0.0038412148249869593,35,110,0.0005068778991699219,6.508827209472656e-05,10,False
597,0.13651767017006203,0.1440190709069518,0.15089681385857667,0.0038412148249869593,35,110,0.0004999637603759766,6.29425048828125e-05,10,False
598,0.13651767017006203,0.1440190709069518,0.15089681385857667,0.0038412148249869593,35,110,0.0004987716674804688,6.270408630371094e-05,10,False
599,0.13651767017006203,0.1440190709069518,0.15089681385857667,0.0038412148249869593,35,110,0.0005285739898681641,6.747245788574219e-05,10,False
600,0.13651767017006203,0.1440190709069518,0.15089681385857667,0.0038412148249869593,35,110,0.0004925727844238281,6.079673767089844e-05,10,False
601,0.13651767017006203,0.1440190709069518,0.15089681385857667,0.0038412148249869593,35,110,0.0004296302795410156,5.7220458984375e-05,10,False
602,0.13651767017006203,0.1440190709069518,0.15089681385857667,0.0038412148249869593,35,110,0.00043582916259765625,4.506111145019531e-05,10,False
603,0.13651767017006203,0.1440190709069518,0.15089681385857667,0.0038412148249869593,35,110,0.0004000663757324219,4.744529724121094e-05,10,False
604,0.13651767017006203,0.1440190709069518,0.15089681385857667,0.0038412148249869593,35,110,0.0004107952117919922,5.936622619628906e-05,10,False
605,0.13651767017006203,0.1440190709069518,0.15089681385857667,0.0038412148249869593,35,110,0.0003917217254638672,4.506111145019531e-05,10,False
606,0.13651767017006203,0.1440190709069518,0.15089681385857667,0.0038412148249869593,35,110,0.00039649009704589844,4.506111145019531e-05,10,False
607,0.13651767017006203,0.1440190709069518,0.15089681385857667,0.0038412148249869593,35,110,0.00044274330139160156,6.532669067382812e-05,10,False
608,0.13651767017006203,0.1440190709069518,0.15089681385857667,0.0038412148249869593,35,110,0.0004153251647949219,4.291534423828125e-05,10,False
609,0.13651767017006203,0.1440190709069518,0.15089681385857667,0.0038412148249869593,35,110,0.00038933753967285156,4.673004150390625e-05,10,False
610,0.13651767017006203,0.1440190709069518,0.15089681385857667,0.0038412148249869593,35,110,0.0003955364227294922,4.9591064453125e-05,10,False
611,0.13651767017006203,0.1440190709069518,0.15089681385857667,0.0038412148249869593,35,110,0.00039196014404296875,4.2438507080078125e-05,10,False
612,0.13651767017006203,0.1440190709069518,0.15089681385857667,0.0038412148249869593,35,110,0.0005197525024414062,4.172325134277344e-05,10,False
613,0.13651767017006203,0.1440190709069518,0.15089681385857667,0.0038412148249869593,35,110,0.000408172607421875,4.4345855712890625e-05,10,False
614,0.13651767017006203,0.1440190709069518,0.15089681385857667,0.0038412148249869593,35,110,0.00039649009704589844,5.125999450683594e-05,10,False
615,0.13651767017006203,0.1440190709069518,0.15089681385857667,0.0038412148249869593,35,110,0.0004963874816894531,4.6253204345703125e-05,10,False
616,0.13651767017006203,0.1440190709069518,0.15089681385857667,0.0038412148249869593,35,110,0.0004534721374511719,5.602836608886719e-05,10,False
617,0.13651767017006203,0.1440190709069518,0.15089681385857667,0.0038412148249869593,35,110,0.00045108795166015625,6.747245788574219e-05,10,False
618,0.13651767017006203,0.1440190709069518,0.15089681385857667,0.0038412148249869593,35,110,0.0004940032958984375,6.0558319091796875e-05,10,False
619,0.13651767017006203,0.1440190709069518,0.15089681385857667,0.0038412148249869593,35,110,0.0005342960357666016,6.29425048828125e-05,10,False
620,0.13651767017006203,0.1440190709069518,0.15089681385857667,0.0038412148249869593,35,110,0.0005328655242919922,6.937980651855469e-05,10,False
621,0.13651767017006203,0.1440190709069518,0.15089681385857667,0.0038412148249869593,35,110,0.0004999637603759766,0.000102996826171875,10,False
622,0.13651767017006203,0.1440190709069518,0.15089681385857667,0.0038412148249869593,35,110,0.0005035400390625,6.127357482910156e-05,10,False
623,0.13651767017006203,0.1440190709069518,0.15089681385857667,0.0038412148249869593,35,110,0.0005059242248535156,5.793571472167969e-05,10,False
624,0.13651767017006203,0.1440190709069518,0.15089681385857667,0.0038412148249869593,35,110,0.0006387233734130859,6.771087646484375e-05,10,False
625,0.13651767017006203,0.1440190709069518,0.15089681385857667,0.0038412148249869593,35,110,0.0005850791931152344,7.271766662597656e-05,10,False
626,0.13651767017006203,0.1440190709069518,0.15089681385857667,0.0038412148249869593,35,110,0.00043582916259765625,5.1021575927734375e-05,10,False
627,0.13651767017006203,0.1440190709069518,0.15089681385857667,0.0038412148249869593,35,110,0.0004181861877441406,5.173683166503906e-05,10,False
628,0.13651767017006203,0.1440190709069518,0.15089681385857667,0.0038412148249869593,35,110,0.00040268898010253906,4.601478576660156e-05,10,False
629,0.13651767017006203,0.1440190709069518,0.15089681385857667,0.0038412148249869593,35,110,0.0004143714904785156,4.267692565917969e-05,10,False
630,0.13651767017006203,0.1440190709069518,0.15089681385857667,0.0038412148249869593,35,110,0.0004096031188964844,4.267692565917969e-05,10,False
631,0.13651767017006203,0.1440190709069518,0.15089681385857667,0.0038412148249869593,35,110,0.0006041526794433594,4.5299530029296875e-05,10,False
632,0.13651767017006203,0.1440190709069518,0.15089681385857667,0.0038412148249869593,35,110,0.00044536590576171875,4.863739013671875e-05,10,False
633,0.13651767017006203,0.1440190709069518,0.15089681385857667,0.0038412148249869593,35,110,0.0003788471221923828,4.38690185546875e-05,10,False
634,0.13651767017006203,0.1440190709069518,0.15089681385857667,0.0038412148249869593,35,110,0.00043082237243652344,4.267692565917969e-05,10,False
635,0.13651767017006203,0.1440190709069518,0.15089681385857667,0.0038412148249869593,35,110,0.00038695335388183594,4.4345855712890625e-05,10,False
636,0.13651767017006203,0.1440190709069518,0.15089681385857667,0.0038412148249869593,35,110,0.00038695335388183594,4.410743713378906e-05,10,False
637,0.13651767017006203,0.1440190709069518,0.15089681385857667,0.0038412148249869593,35,110,0.0004000663757324219,4.38690185546875e-05,10,False
638,0.13651767017006203,0.1440190709069518,0.15089681385857667,0.0038412148249869593,35,110,0.0003788471221923828,4.267692565917969e-05,10,False
639,0.13651767017006203,0.1440190709069518,0.15089681385857667,0.0038412148249869593,35,110,0.0004069805145263672,4.4345855712890625e-05,10,False
640,0.13651767017006203,0.1440190709069518,0.15089681385857667,0.0038412148249869593,35,110,0.0004050731658935547,4.100799560546875e-05,10,False
641,0.13651767017006203,0.1440190709069518,0.15089681385857667,0.0038412148249869593,35,110,0.0004878044128417969,5.4836273193359375e-05,10,False
642,0.13651767017006203,0.1440190709069518,0.15089681385857667,0.0038412148249869593,35,110,0.00047397613525390625,5.459785461425781e-05,10,False
643,0.13651767017006203,0.1440190709069518,0.15089681385857667,0.0038412148249869593,35,110,0.00046181678771972656,6.079673767089844e-05,10,False
644,0.13651767017006203,0.1440190709069518,0.15089681385857667,0.0038412148249869593,35,110,0.0005116462707519531,5.602836608886719e-05,10,False
645,0.13651767017006203,0.1440190709069518,0.15089681385857667,0.0038412148249869593,35,110,0.0005354881286621094,5.91278076171875e-05,10,False
646,0.13651767017006203,0.1440190709069518,0.15089681385857667,0.0038412148249869593,35,110,0.000553131103515625,6.437301635742188e-05,10,False
647,0.13651767017006203,0.1440190709069518,0.15089681385857667,0.0038412148249869593,35,110,0.0011234283447265625,5.91278076171875e-05,10,False
648,0.13651767017006203,0.1440190709069518,0.15089681385857667,0.0038412148249869593,35,110,0.0006017684936523438,6.794929504394531e-05,10,False
649,0.13651767017006203,0.1440190709069518,0.15089681385857667,0.0038412148249869593,35,110,0.0005438327789306641,5.435943603515625e-05,10,False
650,0.13651767017006203,0.1440190709069518,0.15089681385857667,0.0038412148249869593,35,110,0.0004856586456298828,5.221366882324219e-05,10,False
651,0.13651767017006203,0.1440190709069518,0.15089681385857667,0.0038412148249869593,35,110,0.00047850608825683594,5.6743621826171875e-05,10,False
652,0.13651767017006203,0.1440190709069518,0.15089681385857667,0.0038412148249869593,35,110,0.0005331039428710938,5.1021575927734375e-05,10,False
653,0.13651767017006203,0.1440190709069518,0.15089681385857667,0.0038412148249869593,35,110,0.00043082237243652344,4.5299530029296875e-05,10,False
654,0.13651767017006203,0.1440190709069518,0.15089681385857667,0.0038412148249869593,35,110,0.0004146099090576172,4.482269287109375e-05,10,False
655,0.13651767017006203,0.1440190709069518,0.15089681385857667,0.0038412148249869593,35,110,0.00040030479431152344,4.506111145019531e-05,10,False
656,0.13651767017006203,0.1440190709069518,0.15089681385857667,0.0038412148249869593,35,110,0.00046563148498535156,6.985664367675781e-05,10,False
657,0.13651767017006203,0.1440190709069518,0.15089681385857667,0.0038412148249869593,35,110,0.0004227161407470703,4.6253204345703125e-05,10,False
658,0.13651767017006203,0.1440190709069518,0.15089681385857667,0.0038412148249869593,35,110,0.00039196014404296875,4.506111145019531e-05,10,False
659,0.13651767017006203,0.1440190709069518,0.15089681385857667,0.0038412148249869593,35,110,0.00043320655822753906,4.5299530029296875e-05,10,False
660,0.13651767017006203,0.1440190709069518,0.15089681385857667,0.0038412148249869593,35,110,0.00039649009704589844,4.291534423828125e-05,10,False
661,0.13651767017006203,0.1440190709069518,0.15089681385857667,0.0038412148249869593,35,110,0.00039076805114746094,4.220008850097656e-05,10,False
662,0.13651767017006203,0.1440190709069518,0.15089681385857667,0.0038412148249869593,35,110,0.0004086494445800781,4.124641418457031e-05,10,False
663,0.13651767017006203,0.1440190709069518,0.15089681385857667,0.0038412148249869593,35,110,0.0004189014434814453,4.291534423828125e-05,10,False
664,0.13651767017006203,0.1440190709069518,0.15089681385857667,0.0038412148249869593,35,110,0.0004343986511230469,4.410743713378906e-05,10,False
665,0.13651767017006203,0.1440190709069518,0.15089681385857667,0.0038412148249869593,35,110,0.0004000663757324219,4.506111145019531e-05,10,False
666,0.13651767017006203,0.1440190709069518,0.15089681385857667,0.0038412148249869593,35,110,0.0004878044128417969,6.198883056640625e-05,10,False
667,0.13651767017006203,0.1440190709069518,0.15089681385857667,0.0038412148249869593,35,110,0.0004715919494628906,5.555152893066406e-05,10,False
668,0.13651767017006203,0.1440190709069518,0.15089681385857667,0.0038412148249869593,35,110,0.0004699230194091797,5.4836273193359375e-05,10,False
669,0.13651767017006203,0.1440190709069518,0.15089681385857667,0.0038412148249869593,35,110,0.0004925727844238281,5.817413330078125e-05,10,False
670,0.13651767017006203,0.1440190709069518,0.15089681385857667,0.0038412148249869593,35,110,0.0005364418029785156,6.079673767089844e-05,10,False
671,0.13651767017006203,0.1440190709069518,0.15089681385857667,0.0038412148249869593,35,110,0.00048804283142089844,6.29425048828125e-05,10,False
672,0.13651767017006203,0.1440190709069518,0.15089681385857667,0.0038412148249869593,35,110,0.0004749298095703125,6.0558319091796875e-05,10,False
673,0.13651767017006203,0.1440190709069518,0.15089681385857667,0.0038412148249869593,35,110,0.0004775524139404297,6.4849853515625e-05,10,False
674,0.13651767017006203,0.1440190709069518,0.15089681385857667,0.0038412148249869593,35,110,0.0007255077362060547,6.532669067382812e-05,10,False
675,0.13651767017006203,0.1440190709069518,0.15089681385857667,0.0038412148249869593,35,110,0.0006079673767089844,5.817413330078125e-05,10,False
676,0.13651767017006203,0.1440190709069518,0.15089681385857667,0.0038412148249869593,35,110,0.00046443939208984375,5.078315734863281e-05,10,False
677,0.13651767017006203,0.1440190709069518,0.15089681385857667,0.0038412148249869593,35,110,0.00047969818115234375,5.6743621826171875e-05,10,False
678,0.13651767017006203,0.1440190709069518,0.15089681385857667,0.0038412148249869593,35,110,0.00042176246643066406,4.7206878662109375e-05,10,False
679,0.13651767017006203,0.1440190709069518,0.15089681385857667,0.0038412148249869593,35,110,0.0003952980041503906,4.649162292480469e-05,10,False
680,0.13651767017006203,0.1440190709069518,0.15089681385857667,0.0038412148249869593,35,110,0.0003941059112548828,5.817413330078125e-05,10,False
681,0.13651767017006203,0.1440190709069518,0.15089681385857667,0.0038412148249869593,35,110,0.0005390644073486328,4.744529724121094e-05,10,False
682,0.13651767017006203,0.1440190709069518,0.15089681385857667,0.0038412148249869593,35,110,0.00042748451232910156,4.6253204345703125e-05,10,False
683,0.13651767017006203,0.1440190709069518,0.15089681385857667,0.0038412148249869593,35,110,0.00042366981506347656,4.5299530029296875e-05,10,False
684,0.13651767017006203,0.1440190709069518,0.15089681385857667,0.0038412148249869593,35,110,0.00041675567626953125,4.267692565917969e-05,10,False
685,0.13651767017006203,0.1440190709069518,0.15089681385857667,0.0038412148249869593,35,110,0.00039768218994140625,4.887580871582031e-05,10,False
686,0.13651767017006203,0.1440190709069518,0.15089681385857667,0.0038412148249869593,35,110,0.0004038810729980469,4.363059997558594e-05,10,False
687,0.13651767017006203,0.1440190709069518,0.15089681385857667,0.0038412148249869593,35,110,0.0003952980041503906,4.410743713378906e-05,10,False
688,0.13651767017006203,0.1440190709069518,0.15089681385857667,0.0038412148249869593,35,110,0.00040602684020996094,4.00543212890625e-05,10,False
689,0.13651767017006203,0.1440190709069518,0.15089681385857667,0.0038412148249869593,35,110,0.0004096031188964844,4.744529724121094e-05,10,False
690,0.13651767017006203,0.1440190709069518,0.15089681385857667,0.0038412148249869593,35,110,0.00042629241943359375,4.5299530029296875e-05,10,False
691,0.13651767017006203,0.1440190709069518,0.15089681385857667,0.0038412148249869593,35,110,0.0005095005035400391,6.031990051269531e-05,10,False
692,0.13651767017006203,0.1440190709069518,0.15089681385857667,0.0038412148249869593,35,110,0.00045680999755859375,5.269050598144531e-05,10,False
693,0.13651767017006203,0.1440190709069518,0.15089681385857667,0.0038412148249869593,35,110,0.0006124973297119141,5.817413330078125e-05,10,False
694,0.13651767017006203,0.1440190709069518,0.15089681385857667,0.0038412148249869593,35,110,0.0005414485931396484,6.151199340820312e-05,10,False
695,0.13651767017006203,0.1440190709069518,0.15089681385857667,0.0038412148249869593,35,110,0.0005154609680175781,6.365776062011719e-05,10,False
696,0.13651767017006203,0.1440190709069518,0.15089681385857667,0.0038412148249869593,35,110,0.00048470497131347656,6.246566772460938e-05,10,False
697,0.13651767017006203,0.1440190709069518,0.15089681385857667,0.0038412148249869593,35,110,0.00047397613525390625,6.031990051269531e-05,10,False
698,0.13651767017006203,0.1440190709069518,0.15089681385857667,0.0038412148249869593,35,110,0.0005352497100830078,5.745887756347656e-05,10,False
699,0.13651767017006203,0.1440190709069518,0.15089681385857667,0.0038412148249869593,35,110,0.0005865097045898438,6.031990051269531e-05,10,False
700,0.13651767017006203,0.1440190709069518,0.15089681385857667,0.0038412148249869593,35,110,0.000484466552734375,6.198883056640625e-05,10,False
701,0.13651767017006203,0.1440190709069518,0.15089681385857667,0.0038412148249869593,35,110,0.0004248619079589844,7.748603820800781e-05,10,False
702,0.13651767017006203,0.1440190709069518,0.15089681385857667,0.0038412148249869593,35,110,0.0004546642303466797,4.506111145019531e-05,10,False
703,0.13651767017006203,0.1440190709069518,0.15089681385857667,0.0038412148249869593,35,110,0.0004048347473144531,4.5299530029296875e-05,10,False
704,0.13651767017006203,0.1440190709069518,0.15089681385857667,0.0038412148249869593,35,110,0.0004203319549560547,4.649162292480469e-05,10,False
705,0.13651767017006203,0.1440190709069518,0.15089681385857667,0.0038412148249869593,35,110,0.0003917217254638672,4.38690185546875e-05,10,False
706,0.13651767017006203,0.1440190709069518,0.15089681385857667,0.0038412148249869593,35,110,0.00043702125549316406,4.863739013671875e-05,10,False
707,0.13651767017006203,0.1440190709069518,0.15089681385857667,0.0038412148249869593,35,110,0.00041937828063964844,4.6253204345703125e-05,10,False
708,0.13651767017006203,0.1440190709069518,0.15089681385857667,0.0038412148249869593,35,110,0.00041222572326660156,4.506111145019531e-05,10,False
709,0.13651767017006203,0.1440190709069518,0.15089681385857667,0.0038412148249869593,35,110,0.00042748451232910156,4.267692565917969e-05,10,False
710,0.13651767017006203,0.1440190709069518,0.15089681385857667,0.0038412148249869593,35,110,0.0003750324249267578,4.38690185546875e-05,10,False
711,0.13651767017006203,0.1440190709069518,0.15089681385857667,0.0038412148249869593,35,110,0.0003714561462402344,5.3882598876953125e-05,10,False
712,0.13651767017006203,0.1440190709069518,0.15089681385857667,0.0038412148249869593,35,110,0.0003859996795654297,4.2438507080078125e-05,10,False
713,0.13651767017006203,0.1440190709069518,0.15089681385857667,0.0038412148249869593,35,110,0.000392913818359375,4.291534423828125e-05,10,False
714,0.13651767017006203,0.1440190709069518,0.15089681385857667,0.0038412148249869593,35,110,0.0004069805145263672,4.291534423828125e-05,10,False
715,0.13651767017006203,0.1440190709069518,0.15089681385857667,0.0038412148249869593,35,110,0.00040841102600097656,4.76837158203125e-05,10,False
716,0.13651767017006203,0.1440190709069518,0.15089681385857667,0.0038412148249869593,35,110,0.0004324913024902344,4.220008850097656e-05,10,False
717,0.13651767017006203,0.1440190709069518,0.15089681385857667,0.0038412148249869593,35,110,0.0004143714904785156,4.5299530029296875e-05,10,False
718,0.13651767017006203,0.1440190709069518,0.15089681385857667,0.0038412148249869593,35,110,0.000415802001953125,0.00017881393432617188,10,False
719,0.13651767017006203,0.1440190709069518,0.15089681385857667,0.0038412148249869593,35,110,0.00043320655822753906,4.792213439941406e-05,10,False
720,0.13651767017006203,0.1440190709069518,0.15089681385857667,0.0038412148249869593,35,110,0.0004665851593017578,4.982948303222656e-05,10,False
721,0.13651767017006203,0.1440190709069518,0.15089681385857667,0.0038412148249869593,35,110,0.0005459785461425781,6.67572021484375e-05,10,False
722,0.13651767017006203,0.1440190709069518,0.15089681385857667,0.0038412148249869593,35,110,0.0007359981536865234,5.4836273193359375e-05,10,False
723,0.13651767017006203,0.1440190709069518,0.15089681385857667,0.0038412148249869593,35,110,0.0005047321319580078,6.031990051269531e-05,10,False
724,0.13651767017006203,0.1440190709069518,0.15089681385857667,0.0038412148249869593,35,110,0.000514984130859375,6.079673767089844e-05,10,False
725,0.13651767017006203,0.1440190709069518,0.15089681385857667,0.0038412148249869593,35,110,0.0005009174346923828,6.175041198730469e-05,10,False
726,0.13651767017006203,0.1440190709069518,0.15089681385857667,0.0038412148249869593,35,110,0.0004951953887939453,0.00022530555725097656,10,False
727,0.13651767017006203,0.1440190709069518,0.15089681385857667,0.0038412148249869593,35,110,0.0005095005035400391,6.031990051269531e-05,10,False
728,0.13651767017006203,0.1440190709069518,0.15089681385857667,0.0038412148249869593,35,110,0.0005521774291992188,5.91278076171875e-05,10,False
729,0.13651767017006203,0.1440190709069518,0.15089681385857667,0.0038412148249869593,35,110,0.0005972385406494141,7.009506225585938e-05,10,False
730,0.13651767017006203,0.1440190709069518,0.15089681385857667,0.0038412148249869593,35,110,0.0005769729614257812,7.843971252441406e-05,10,False
731,0.13651767017006203,0.1440190709069518,0.15089681385857667,0.0038412148249869593,35,110,0.0005283355712890625,5.936622619628906e-05,10,False
732,0.13651767017006203,0.1440190709069518,0.15089681385857667,0.0038412148249869593,35,110,0.0005331039428710938,6.413459777832031e-05,10,False
733,0.13651767017006203,0.1440190709069518,0.15089681385857667,0.0038412148249869593,35,110,0.0004680156707763672,5.1021575927734375e-05,10,False
734,0.13651767017006203,0.1440190709069518,0.15089681385857667,0.0038412148249869593,35,110,0.0004024505615234375,4.76837158203125e-05,10,False
735,0.13651767017006203,0.1440190709069518,0.15089681385857667,0.0038412148249869593,35,110,0.00040602684020996094,4.38690185546875e-05,10,False
736,0.13651767017006203,0.1440190709069518,0.15089681385857667,0.0038412148249869593,35,110,0.0003991127014160156,4.506111145019531e-05,10,False
737,0.13651767017006203,0.1440190709069518,0.15089681385857667,0.0038412148249869593,35,110,0.0004107952117919922,4.410743713378906e-05,10,False
738,0.13651767017006203,0.1440190709069518,0.15089681385857667,0.0038412148249869593,35,110,0.0004036426544189453,4.410743713378906e-05,10,False
739,0.13651767017006203,0.1440190709069518,0.15089681385857667,0.0038412148249869593,35,110,0.00039768218994140625,4.649162292480469e-05,10,False
740,0.13651767017006203,0.1440190709069518,0.15089681385857667,0.0038412148249869593,35,110,0.0004334449768066406,4.38690185546875e-05,10,False
741,0.13651767017006203,0.1440190709069518,0.15089681385857667,0.0038412148249869593,35,110,0.0004203319549560547,4.38690185546875e-05,10,False
742,0.13651767017006203,0.1440190709069518,0.15089681385857667,0.0038412148249869593,35,110,0.0003979206085205078,6.031990051269531e-05,10,False
743,0.13651767017006203,0.1440190709069518,0.15089681385857667,0.0038412148249869593,35,110,0.0005435943603515625,4.649162292480469e-05,10,False
744,0.13651767017006203,0.1440190709069518,0.15089681385857667,0.0038412148249869593,35,110,0.0005652904510498047,7.843971252441406e-05,10,False
745,0.13651767017006203,0.1440190709069518,0.15089681385857667,0.0038412148249869593,35,110,0.0004878044128417969,5.817413330078125e-05,10,False
746,0.13651767017006203,0.1440190709069518,0.15089681385857667,0.0038412148249869593,35,110,0.0004794597625732422,5.9604644775390625e-05,10,False
747,0.13651767017006203,0.1440190709069518,0.15089681385857667,0.0038412148249869593,35,110,0.0004892349243164062,5.698204040527344e-05,10,False
748,0.13651767017006203,0.1440190709069518,0.15089681385857667,0.0038412148249869593,35,110,0.00047397613525390625,5.888938903808594e-05,10,False
749,0.13651767017006203,0.1440190709069518,0.15089681385857667,0.0038412148249869593,35,110,0.0004901885986328125,5.5789947509765625e-05,10,False
750,0.13651767017006203,0.1440190709069518,0.15089681385857667,0.0038412148249869593,35,110,0.0004830360412597656,5.602836608886719e-05,10,False
751,0.13651767017006203,0.1440190709069518,0.15089681385857667,0.0038412148249869593,35,110,0.0004773139953613281,5.817413330078125e-05,10,False
752,0.13651767017006203,0.1440190709069518,0.15089681385857667,0.0038412148249869593,35,110,0.0005247592926025391,6.437301635742188e-05,10,False
753,0.13651767017006203,0.1440190709069518,0.15089681385857667,0.0038412148249869593,35,110,0.0004949569702148438,7.486343383789062e-05,10,False
754,0.13651767017006203,0.1440190709069518,0.15089681385857667,0.0038412148249869593,35,110,0.0004487037658691406,5.1021575927734375e-05,10,False
755,0.13651767017006203,0.1440190709069518,0.15089681385857667,0.0038412148249869593,35,110,0.000431060791015625,4.744529724121094e-05,10,False
756,0.13651767017006203,0.1440190709069518,0.15089681385857667,0.0038412148249869593,35,110,0.0004582405090332031,5.364418029785156e-05,10,False
757,0.13651767017006203,0.1440190709069518,0.15089681385857667,0.0038412148249869593,35,110,0.00040721893310546875,4.76837158203125e-05,10,False
758,0.13651767017006203,0.1440190709069518,0.15089681385857667,0.0038412148249869593,35,110,0.0004608631134033203,4.363059997558594e-05,10,False
759,0.13651767017006203,0.1440190709069518,0.15089681385857667,0.0038412148249869593,35,110,0.0004334449768066406,4.506111145019531e-05,10,False
760,0.13651767017006203,0.1440190709069518,0.15089681385857667,0.0038412148249869593,35,110,0.00045228004455566406,4.38690185546875e-05,10,False
761,0.13651767017006203,0.1440190709069518,0.15089681385857667,0.0038412148249869593,35,110,0.0003952980041503906,4.744529724121094e-05,10,False
762,0.13651767017006203,0.1440190709069518,0.15089681385857667,0.0038412148249869593,35,110,0.0004794597625732422,4.410743713378906e-05,10,False
763,0.13651767017006203,0.1440190709069518,0.15089681385857667,0.0038412148249869593,35,110,0.0003991127014160156,4.363059997558594e-05,10,False
764,0.13651767017006203,0.1440190709069518,0.15089681385857667,0.0038412148249869593,35,110,0.0005068778991699219,4.506111145019531e-05,10,False
765,0.13651767017006203,0.1440190709069518,0.15089681385857667,0.0038412148249869593,35,110,0.0005202293395996094,5.936622619628906e-05,10,False
766,0.13651767017006203,0.1440190709069518,0.15089681385857667,0.0038412148249869593,35,110,0.0004925727844238281,6.699562072753906e-05,10,False
767,0.13651767017006203,0.1440190709069518,0.15089681385857667,0.0038412148249869593,35,110,0.0005071163177490234,6.866455078125e-05,10,False
768,0.13651767017006203,0.1440190709069518,0.15089681385857667,0.0038412148249869593,35,110,0.0005402565002441406,5.936622619628906e-05,10,False
769,0.13651767017006203,0.1440190709069518,0.15089681385857667,0.0038412148249869593,35,110,0.0005617141723632812,6.651878356933594e-05,10,False
770,0.13651767017006203,0.1440190709069518,0.15089681385857667,0.0038412148249869593,35,110,0.0005354881286621094,6.0558319091796875e-05,10,False
771,0.13651767017006203,0.1440190709069518,0.15089681385857667,0.0038412148249869593,35,110,0.0005166530609130859,6.031990051269531e-05,10,False
772,0.13651767017006203,0.1440190709069518,0.15089681385857667,0.0038412148249869593,35,110,0.0005462169647216797,5.91278076171875e-05,10,False
773,0.13651767017006203,0.1440190709069518,0.15089681385857667,0.0038412148249869593,35,110,0.0007052421569824219,6.175041198730469e-05,10,False
774,0.13651767017006203,0.1440190709069518,0.15089681385857667,0.0038412148249869593,35,110,0.0004925727844238281,5.507469177246094e-05,10,False
775,0.13651767017006203,0.1440190709069518,0.15089681385857667,0.0038412148249869593,35,110,0.0004191398620605469,5.1021575927734375e-05,10,False
776,0.13651767017006203,0.1440190709069518,0.15089681385857667,0.0038412148249869593,35,110,0.0004227161407470703,4.744529724121094e-05,10,False
777,0.13651767017006203,0.1440190709069518,0.15089681385857667,0.0038412148249869593,35,110,0.00040030479431152344,4.601478576660156e-05,10,False
778,0.13651767017006203,0.1440190709069518,0.15089681385857667,0.0038412148249869593,35,110,0.0004000663757324219,5.817413330078125e-05,10,False
779,0.13651767017006203,0.1440190709069518,0.15089681385857667,0.0038412148249869593,35,110,0.00044417381286621094,4.38690185546875e-05,10,False
780,0.13651767017006203,0.1440190709069518,0.15089681385857667,0.0038412148249869593,35,110,0.00045108795166015625,4.6253204345703125e-05,10,False
781,0.13651767017006203,0.1440190709069518,0.15089681385857667,0.0038412148249869593,35,110,0.0004298686981201172,4.982948303222656e-05,10,False
782,0.13651767017006203,0.1440190709069518,0.15089681385857667,0.0038412148249869593,35,110,0.00040602684020996094,4.410743713378906e-05,10,False
783,0.13651767017006203,0.1440190709069518,0.15089681385857667,0.0038412148249869593,35,110,0.0004248619079589844,5.507469177246094e-05,10,False
784,0.13651767017006203,0.1440190709069518,0.15089681385857667,0.0038412148249869593,35,110,0.00043082237243652344,4.673004150390625e-05,10,False
785,0.13651767017006203,0.1440190709069518,0.15089681385857667,0.0038412148249869593,35,110,0.0003941059112548828,4.38690185546875e-05,10,False
786,0.13651767017006203,0.1440190709069518,0.15089681385857667,0.0038412148249869593,35,110,0.00042128562927246094,4.410743713378906e-05,10,False
787,0.13651767017006203,0.1440190709069518,0.15089681385857667,0.0038412148249869593,35,110,0.0004146099090576172,4.6253204345703125e-05,10,False
788,0.13651767017006203,0.1440190709069518,0.15089681385857667,0.0038412148249869593,35,110,0.0004119873046875,4.172325134277344e-05,10,False
789,0.13651767017006203,0.1440190709069518,0.15089681385857667,0.0038412148249869593,35,110,0.0006282329559326172,4.9591064453125e-05,10,False
790,0.13651767017006203,0.1440190709069518,0.15089681385857667,0.0038412148249869593,35,110,0.00046539306640625,5.817413330078125e-05,10,False
791,0.13651767017006203,0.1440190709069518,0.15089681385857667,0.0038412148249869593,35,110,0.00047135353088378906,6.29425048828125e-05,10,False
792,0.13651767017006203,0.1440190709069518,0.15089681385857667,0.0038412148249869593,35,110,0.0005106925964355469,6.0558319091796875e-05,10,False
793,0.13651767017006203,0.1440190709069518,0.15089681385857667,0.0038412148249869593,35,110,0.0005545616149902344,6.747245788574219e-05,10,False
794,0.13651767017006203,0.1440190709069518,0.15089681385857667,0.0038412148249869593,35,110,0.0005190372467041016,6.031990051269531e-05,10,False
795,0.13651767017006203,0.1440190709069518,0.15089681385857667,0.0038412148249869593,35,110,0.0005223751068115234,6.413459777832031e-05,10,False
796,0.13651767017006203,0.1440190709069518,0.15089681385857667,0.0038412148249869593,35,110,0.0005154609680175781,5.793571472167969e-05,10,False
797,0.13651767017006203,0.1440190709069518,0.15089681385857667,0.0038412148249869593,35,110,0.0012099742889404297,7.009506225585938e-05,10,False
798,0.13651767017006203,0.1440190709069518,0.15089681385857667,0.0038412148249869593,35,110,0.0004856586456298828,9.632110595703125e-05,10,False
799,0.13651767017006203,0.1440190709069518,0.15089681385857667,0.0038412148249869593,35,110,0.0004343986511230469,5.0067901611328125e-05,10,False
800,0.13651767017006203,0.1440190709069518,0.15089681385857667,0.0038412148249869593,35,110,0.00041174888610839844,4.649162292480469e-05,10,False
801,0.13651767017006203,0.1440190709069518,0.15089681385857667,0.0038412148249869593,35,110,0.0004096031188964844,6.079673767089844e-05,10,False
802,0.13651767017006203,0.1440190709069518,0.15089681385857667,0.0038412148249869593,35,110,0.00039649009704589844,4.506111145019531e-05,10,False
803,0.13651767017006203,0.1440190709069518,0.15089681385857667,0.0038412148249869593,35,110,0.00042247772216796875,4.172325134277344e-05,10,False
804,0.13651767017006203,0.1440190709069518,0.15089681385857667,0.0038412148249869593,35,110,0.0006089210510253906,4.5299530029296875e-05,10,False
805,0.13651767017006203,0.1440190709069518,0.15089681385857667,0.0038412148249869593,35,110,0.0004878044128417969,7.748603820800781e-05,10,False
806,0.13651767017006203,0.1440190709069518,0.15089681385857667,0.0038412148249869593,35,110,0.00039887428283691406,4.744529724121094e-05,10,False
807,0.13651767017006203,0.1440190709069518,0.15089681385857667,0.0038412148249869593,35,110,0.00044155120849609375,5.1021575927734375e-05,10,False
808,0.13651767017006203,0.1440190709069518,0.15089681385857667,0.0038412148249869593,35,110,0.0004038810729980469,4.601478576660156e-05,10,False
809,0.13651767017006203,0.1440190709069518,0.15089681385857667,0.0038412148249869593,35,110,0.00039649009704589844,4.887580871582031e-05,10,False
810,0.13651767017006203,0.1440190709069518,0.15089681385857667,0.0038412148249869593,35,110,0.00040841102600097656,4.649162292480469e-05,10,False
811,0.13651767017006203,0.1440190709069518,0.15089681385857667,0.0038412148249869593,35,110,0.00040459632873535156,4.410743713378906e-05,10,False
812,0.13651767017006203,0.1440190709069518,0.15089681385857667,0.0038412148249869593,35,110,0.00041556358337402344,4.482269287109375e-05,10,False
813,0.13651767017006203,0.1440190709069518,0.15089681385857667,0.0038412148249869593,35,110,0.00041222572326660156,4.38690185546875e-05,10,False
814,0.13651767017006203,0.1440190709069518,0.15089681385857667,0.0038412148249869593,35,110,0.0004146099090576172,4.2438507080078125e-05,10,False
815,0.13651767017006203,0.1440190709069518,0.15089681385857667,0.0038412148249869593,35,110,0.000408172607421875,4.315376281738281e-05,10,False
816,0.13651767017006203,0.1440190709069518,0.15089681385857667,0.0038412148249869593,35,110,0.00041222572326660156,4.482269287109375e-05,10,False
817,0.13651767017006203,0.1440190709069518,0.15089681385857667,0.0038412148249869593,35,110,0.00043702125549316406,4.601478576660156e-05,10,False
818,0.13651767017006203,0.1440190709069518,0.15089681385857667,0.0038412148249869593,35,110,0.0003955364227294922,4.9591064453125e-05,10,False
819,0.13651767017006203,0.1440190709069518,0.15089681385857667,0.0038412148249869593,35,110,0.0004949569702148438,4.410743713378906e-05,10,False
820,0.13651767017006203,0.1440190709069518,0.15089681385857667,0.0038412148249869593,35,110,0.00045108795166015625,5.340576171875e-05,10,False
821,0.13651767017006203,0.1440190709069518,0.15089681385857667,0.0038412148249869593,35,110,0.0004715919494628906,6.4849853515625e-05,10,False
822,0.13651767017006203,0.1440190709069518,0.15089681385857667,0.0038412148249869593,35,110,0.00046634674072265625,5.602836608886719e-05,10,False
823,0.13651767017006203,0.1440190709069518,0.15089681385857667,0.0038412148249869593,35,110,0.00047850608825683594,6.0558319091796875e-05,10,False
824,0.13651767017006203,0.1440190709069518,0.15089681385857667,0.0038412148249869593,35,110,0.0005106925964355469,5.555152893066406e-05,10,False
825,0.13651767017006203,0.1440190709069518,0.15089681385857667,0.0038412148249869593,35,110,0.0005035400390625,5.91278076171875e-05,10,False
826,0.13651767017006203,0.1440190709069518,0.15089681385857667,0.0038412148249869593,35,110,0.0005390644073486328,6.532669067382812e-05,10,False
827,0.13651767017006203,0.1440190709069518,0.15089681385857667,0.0038412148249869593,35,110,0.0005652904510498047,6.151199340820312e-05,10,False
828,0.13651767017006203,0.1440190709069518,0.15089681385857667,0.0038412148249869593,35,110,0.0006825923919677734,8.225440979003906e-05,10,False
829,0.13651767017006203,0.1440190709069518,0.15089681385857667,0.0038412148249869593,35,110,0.0006990432739257812,7.152557373046875e-05,10,False
830,0.13651767017006203,0.1440190709069518,0.15089681385857667,0.0038412148249869593,35,110,0.0005068778991699219,7.104873657226562e-05,10,False
831,0.13651767017006203,0.1440190709069518,0.15089681385857667,0.0038412148249869593,35,110,0.00045228004455566406,5.459785461425781e-05,10,False
832,0.13651767017006203,0.1440190709069518,0.15089681385857667,0.0038412148249869593,35,110,0.0004405975341796875,5.1975250244140625e-05,10,False
833,0.13651767017006203,0.1440190709069518,0.15089681385857667,0.0038412148249869593,35,110,0.0004010200500488281,4.792213439941406e-05,10,False
834,0.13651767017006203,0.1440190709069518,0.15089681385857667,0.0038412148249869593,35,110,0.0003991127014160156,4.3392181396484375e-05,10,False
835,0.13651767017006203,0.1440190709069518,0.15089681385857667,0.0038412148249869593,35,110,0.00040268898010253906,4.601478576660156e-05,10,False
836,0.13651767017006203,0.1440190709069518,0.15089681385857667,0.0038412148249869593,35,110,0.00039768218994140625,4.649162292480469e-05,10,False
837,0.13651767017006203,0.1440190709069518,0.15089681385857667,0.0038412148249869593,35,110,0.0004177093505859375,4.553794860839844e-05,10,False
838,0.13651767017006203,0.1440190709069518,0.15089681385857667,0.0038412148249869593,35,110,0.0004496574401855469,6.103515625e-05,10,False
839,0.13651767017006203,0.1440190709069518,0.15089681385857667,0.0038412148249869593,35,110,0.00047135353088378906,6.151199340820312e-05,10,False
840,0.13651767017006203,0.1440190709069518,0.15089681385857667,0.0038412148249869593,35,110,0.0004925727844238281,5.698204040527344e-05,10,False
841,0.13651767017006203,0.1440190709069518,0.15089681385857667,0.0038412148249869593,35,110,0.0005009174346923828,5.841255187988281e-05,10,False
842,0.13651767017006203,0.1440190709069518,0.15089681385857667,0.0038412148249869593,35,110,0.0005402565002441406,6.532669067382812e-05,10,False
843,0.13651767017006203,0.1440190709069518,0.15089681385857667,0.0038412148249869593,35,110,0.000507354736328125,6.389617919921875e-05,10,False
844,0.13651767017006203,0.1440190709069518,0.15089681385857667,0.0038412148249869593,35,110,0.0005319118499755859,6.628036499023438e-05,10,False
845,0.13651767017006203,0.1440190709069518,0.15089681385857667,0.0038412148249869593,35,110,0.0005021095275878906,5.9604644775390625e-05,10,False
846,0.13651767017006203,0.1440190709069518,0.15089681385857667,0.0038412148249869593,35,110,0.0005545616149902344,7.104873657226562e-05,10,False
847,0.13651767017006203,0.1440190709069518,0.15089681385857667,0.0038412148249869593,35,110,0.0005424022674560547,0.0001506805419921875,10,False
848,0.13651767017006203,0.1440190709069518,0.15089681385857667,0.0038412148249869593,35,110,0.0005447864532470703,5.602836608886719e-05,10,False
849,0.13651767017006203,0.1440190709069518,0.15089681385857667,0.0038412148249869593,35,110,0.00043702125549316406,5.1975250244140625e-05,10,False
850,0.13651767017006203,0.1440190709069518,0.15089681385857667,0.0038412148249869593,35,110,0.0004119873046875,4.839897155761719e-05,10,False
851,0.13651767017006203,0.1440190709069518,0.15089681385857667,0.0038412148249869593,35,110,0.0004239082336425781,4.649162292480469e-05,10,False
852,0.13651767017006203,0.1440190709069518,0.15089681385857667,0.0038412148249869593,35,110,0.00041413307189941406,4.673004150390625e-05,10,False
853,0.13651767017006203,0.1440190709069518,0.15089681385857667,0.0038412148249869593,35,110,0.0004107952117919922,4.506111145019531e-05,10,False
854,0.13651767017006203,0.1440190709069518,0.15089681385857667,0.0038412148249869593,35,110,0.00039649009704589844,4.863739013671875e-05,10,False
855,0.13651767017006203,0.1440190709069518,0.15089681385857667,0.0038412148249869593,35,110,0.0004153251647949219,4.887580871582031e-05,10,False
856,0.13651767017006203,0.1440190709069518,0.15089681385857667,0.0038412148249869593,35,110,0.0004298686981201172,4.6253204345703125e-05,10,False
857,0.13651767017006203,0.1440190709069518,0.15089681385857667,0.0038412148249869593,35,110,0.0004096031188964844,4.863739013671875e-05,10,False
858,0.13651767017006203,0.1440190709069518,0.15089681385857667,0.0038412148249869593,35,110,0.0004105567932128906,4.553794860839844e-05,10,False
859,0.13651767017006203,0.1440190709069518,0.15089681385857667,0.0038412148249869593,35,110,0.00037980079650878906,4.6253204345703125e-05,10,False
860,0.13651767017006203,0.1440190709069518,0.15089681385857667,0.0038412148249869593,35,110,0.0003833770751953125,4.76837158203125e-05,10,False
861,0.13651767017006203,0.1440190709069518,0.15089681385857667,0.0038412148249869593,35,110,0.00042128562927246094,4.410743713378906e-05,10,False
862,0.13651767017006203,0.1440190709069518,0.15089681385857667,0.0038412148249869593,35,110,0.00039768218994140625,5.125999450683594e-05,10,False
863,0.13651767017006203,0.1440190709069518,0.15089681385857667,0.0038412148249869593,35,110,0.0004191398620605469,4.744529724121094e-05,10,False
864,0.13651767017006203,0.1440190709069518,0.15089681385857667,0.0038412148249869593,35,110,0.0003941059112548828,4.5299530029296875e-05,10,False
865,0.13651767017006203,0.1440190709069518,0.15089681385857667,0.0038412148249869593,35,110,0.0004298686981201172,4.5299530029296875e-05,10,False
866,0.13651767017006203,0.1440190709069518,0.15089681385857667,0.0038412148249869593,35,110,0.00044035911560058594,5.125999450683594e-05,10,False
867,0.13651767017006203,0.1440190709069518,0.15089681385857667,0.0038412148249869593,35,110,0.00043320655822753906,6.556510925292969e-05,10,False
868,0.13651767017006203,0.1440190709069518,0.15089681385857667,0.0038412148249869593,35,110,0.0004227161407470703,4.744529724121094e-05,10,False
869,0.13651767017006203,0.1440190709069518,0.15089681385857667,0.0038412148249869593,35,110,0.00045943260192871094,5.245208740234375e-05,10,False
870,0.13651767017006203,0.1440190709069518,0.15089681385857667,0.0038412148249869593,35,110,0.0004703998565673828,5.6743621826171875e-05,10,False
871,0.13651767017006203,0.1440190709069518,0.15089681385857667,0.0038412148249869593,35,110,0.0005140304565429688,5.5789947509765625e-05,10,False
872,0.13651767017006203,0.1440190709069518,0.15089681385857667,0.0038412148249869593,35,110,0.0007505416870117188,6.29425048828125e-05,10,False
873,0.13651767017006203,0.1440190709069518,0.15089681385857667,0.0038412148249869593,35,110,0.0005426406860351562,6.866455078125e-05,10,False
874,0.13651767017006203,0.1440190709069518,0.15089681385857667,0.0038412148249869593,35,110,0.0005176067352294922,6.67572021484375e-05,10,False
875,0.13651767017006203,0.1440190709069518,0.15089681385857667,0.0038412148249869593,35,110,0.0005342960357666016,6.866455078125e-05,10,False
876,0.13651767017006203,0.1440190709069518,0.15089681385857667,0.0038412148249869593,35,110,0.0005459785461425781,6.651878356933594e-05,10,False
877,0.13651767017006203,0.1440190709069518,0.15089681385857667,0.0038412148249869593,35,110,0.0006341934204101562,7.343292236328125e-05,10,False
878,0.13651767017006203,0.1440190709069518,0.15089681385857667,0.0038412148249869593,35,110,0.0006623268127441406,8.225440979003906e-05,10,False
879,0.13651767017006203,0.1440190709069518,0.15089681385857667,0.0038412148249869593,35,110,0.0005176067352294922,6.151199340820312e-05,10,False
880,0.13651767017006203,0.1440190709069518,0.15089681385857667,0.0038412148249869593,35,110,0.0004334449768066406,5.1975250244140625e-05,10,False
881,0.13651767017006203,0.1440190709069518,0.15089681385857667,0.0038412148249869593,35,110,0.0004608631134033203,5.555152893066406e-05,10,False
882,0.13651767017006203,0.1440190709069518,0.15089681385857667,0.0038412148249869593,35,110,0.00043201446533203125,5.626678466796875e-05,10,False
883,0.13651767017006203,0.1440190709069518,0.15089681385857667,0.0038412148249869593,35,110,0.0004343986511230469,5.221366882324219e-05,10,False
884,0.13651767017006203,0.1440190709069518,0.15089681385857667,0.0038412148249869593,35,110,0.0004820823669433594,5.7220458984375e-05,10,False
885,0.13651767017006203,0.1440190709069518,0.15089681385857667,0.0038412148249869593,35,110,0.0004527568817138672,5.650520324707031e-05,10,False
886,0.13651767017006203,0.1440190709069518,0.15089681385857667,0.0038412148249869593,35,110,0.000484466552734375,5.698204040527344e-05,10,False
887,0.13651767017006203,0.1440190709069518,0.15089681385857667,0.0038412148249869593,35,110,0.0005414485931396484,7.128715515136719e-05,10,False
888,0.13651767017006203,0.1440190709069518,0.15089681385857667,0.0038412148249869593,35,110,0.0005686283111572266,6.413459777832031e-05,10,False
889,0.13651767017006203,0.1440190709069518,0.15089681385857667,0.0038412148249869593,35,110,0.0005733966827392578,7.128715515136719e-05,10,False
890,0.13651767017006203,0.1440190709069518,0.15089681385857667,0.0038412148249869593,35,110,0.0005962848663330078,7.43865966796875e-05,10,False
891,0.13651767017006203,0.1440190709069518,0.15089681385857667,0.0038412148249869593,35,110,0.0005934238433837891,7.271766662597656e-05,10,False
892,0.13651767017006203,0.1440190709069518,0.15089681385857667,0.0038412148249869593,35,110,0.0005261898040771484,6.389617919921875e-05,10,False
893,0.13651767017006203,0.1440190709069518,0.15089681385857667,0.0038412148249869593,35,110,0.0005500316619873047,0.00022268295288085938,10,False
894,0.13651767017006203,0.1440190709069518,0.15089681385857667,0.0038412148249869593,35,110,0.0005922317504882812,8.916854858398438e-05,10,False
895,0.13651767017006203,0.1440190709069518,0.15089681385857667,0.0038412148249869593,35,110,0.0005366802215576172,6.771087646484375e-05,10,False
896,0.13651767017006203,0.1440190709069518,0.15089681385857667,0.0038412148249869593,35,110,0.0004773139953613281,6.0558319091796875e-05,10,False
897,0.13651767017006203,0.1440190709069518,0.15089681385857667,0.0038412148249869593,35,110,0.0004379749298095703,5.0067901611328125e-05,10,False
898,0.13651767017006203,0.1440190709069518,0.15089681385857667,0.0038412148249869593,35,110,0.0004582405090332031,5.698204040527344e-05,10,False
899,0.13651767017006203,0.1440190709069518,0.15089681385857667,0.0038412148249869593,35,110,0.00046181678771972656,5.5789947509765625e-05,10,False
900,0.13651767017006203,0.1440190709069518,0.15089681385857667,0.0038412148249869593,35,110,0.0004889965057373047,6.413459777832031e-05,10,False
901,0.13651767017006203,0.1440190709069518,0.15089681385857667,0.0038412148249869593,35,110,0.00046634674072265625,7.271766662597656e-05,10,False
902,0.13651767017006203,0.1440190709069518,0.15089681385857667,0.0038412148249869593,35,110,0.00046539306640625,5.817413330078125e-05,10,False
903,0.13651767017006203,0.1440190709069518,0.15089681385857667,0.0038412148249869593,35,110,0.00046324729919433594,6.031990051269531e-05,10,False
904,0.13651767017006203,0.1440190709069518,0.15089681385857667,0.0038412148249869593,35,110,0.0004668235778808594,0.0002574920654296875,10,False
905,0.13651767017006203,0.1440190709069518,0.15089681385857667,0.0038412148249869593,35,110,0.0005295276641845703,6.175041198730469e-05,10,False
906,0.13651767017006203,0.1440190709069518,0.15089681385857667,0.0038412148249869593,35,110,0.0005164146423339844,6.771087646484375e-05,10,False
907,0.13651767017006203,0.1440190709069518,0.15089681385857667,0.0038412148249869593,35,110,0.0005106925964355469,6.508827209472656e-05,10,False
908,0.13651767017006203,0.1440190709069518,0.15089681385857667,0.0038412148249869593,35,110,0.0005791187286376953,7.295608520507812e-05,10,False
909,0.13651767017006203,0.1440190709069518,0.15089681385857667,0.0038412148249869593,35,110,0.0005626678466796875,6.556510925292969e-05,10,False
910,0.13651767017006203,0.1440190709069518,0.15089681385857667,0.0038412148249869593,35,110,0.00057220458984375,6.556510925292969e-05,10,False
911,0.13651767017006203,0.1440190709069518,0.15089681385857667,0.0038412148249869593,35,110,0.0005841255187988281,6.771087646484375e-05,10,False
912,0.13651767017006203,0.1440190709069518,0.15089681385857667,0.0038412148249869593,35,110,0.0006175041198730469,7.2479248046875e-05,10,False
913,0.13651767017006203,0.1440190709069518,0.15089681385857667,0.0038412148249869593,35,110,0.0005567073822021484,6.890296936035156e-05,10,False
914,0.13651767017006203,0.1440190709069518,0.15089681385857667,0.0038412148249869593,35,110,0.0005414485931396484,6.532669067382812e-05,10,False
915,0.13651767017006203,0.1440190709069518,0.15089681385857667,0.0038412148249869593,35,110,0.0005629062652587891,0.00022530555725097656,10,False
916,0.13651767017006203,0.1440190709069518,0.15089681385857667,0.0038412148249869593,35,110,0.0005888938903808594,8.654594421386719e-05,10,False
917,0.13651767017006203,0.1440190709069518,0.15089681385857667,0.0038412148249869593,35,110,0.0005998611450195312,5.793571472167969e-05,10,False
918,0.13651767017006203,0.1440190709069518,0.15089681385857667,0.0038412148249869593,35,110,0.0004878044128417969,5.9604644775390625e-05,10,False
919,0.13651767017006203,0.1440190709069518,0.15089681385857667,0.0038412148249869593,35,110,0.000446319580078125,5.364418029785156e-05,10,False
920,0.13651767017006203,0.1440190709069518,0.15089681385857667,0.0038412148249869593,35,110,0.0005865097045898438,5.221366882324219e-05,10,False
921,0.13651767017006203,0.1440190709069518,0.15089681385857667,0.0038412148249869593,35,110,0.0004749298095703125,5.4836273193359375e-05,10,False
922,0.13651767017006203,0.1440190709069518,0.15089681385857667,0.0038412148249869593,35,110,0.00046539306640625,5.4836273193359375e-05,10,False
923,0.13651767017006203,0.1440190709069518,0.15089681385857667,0.0038412148249869593,35,110,0.00045108795166015625,5.245208740234375e-05,10,False
924,0.13651767017006203,0.1440190709069518,0.15089681385857667,0.0038412148249869593,35,110,0.00047135353088378906,5.4836273193359375e-05,10,False
925,0.13651767017006203,0.1440190709069518,0.15089681385857667,0.0038412148249869593,35,110,0.00043702125549316406,4.9591064453125e-05,10,False
926,0.13651767017006203,0.1440190709069518,0.15089681385857667,0.0038412148249869593,35,110,0.00043320655822753906,5.14984130859375e-05,10,False
927,0.13651767017006203,0.1440190709069518,0.15089681385857667,0.0038412148249869593,35,110,0.0004322528839111328,4.863739013671875e-05,10,False
928,0.13651767017006203,0.1440190709069518,0.15089681385857667,0.0038412148249869593,35,110,0.00043082237243652344,4.673004150390625e-05,10,False
929,0.13651767017006203,0.1440190709069518,0.15089681385857667,0.0038412148249869593,35,110,0.00048089027404785156,5.078315734863281e-05,10,False
930,0.13651767017006203,0.1440190709069518,0.15089681385857667,0.0038412148249869593,35,110,0.0005023479461669922,4.9591064453125e-05,10,False
931,0.13651767017006203,0.1440190709069518,0.15089681385857667,0.0038412148249869593,35,110,0.00048089027404785156,5.340576171875e-05,10,False
932,0.13651767017006203,0.1440190709069518,0.15089681385857667,0.0038412148249869593,35,110,0.0005507469177246094,7.987022399902344e-05,10,False
933,0.13651767017006203,0.1440190709069518,0.15089681385857667,0.0038412148249869593,35,110,0.0005590915679931641,6.556510925292969e-05,10,False
934,0.13651767017006203,0.1440190709069518,0.15089681385857667,0.0038412148249869593,35,110,0.0006196498870849609,6.437301635742188e-05,10,False
935,0.13651767017006203,0.1440190709069518,0.15089681385857667,0.0038412148249869593,35,110,0.0005748271942138672,6.604194641113281e-05,10,False
936,0.13651767017006203,0.1440190709069518,0.15089681385857667,0.0038412148249869593,35,110,0.0005710124969482422,7.224082946777344e-05,10,False
937,0.13651767017006203,0.1440190709069518,0.15089681385857667,0.0038412148249869593,35,110,0.0005273818969726562,6.389617919921875e-05,10,False
938,0.13651767017006203,0.1440190709069518,0.15089681385857667,0.0038412148249869593,35,110,0.0005259513854980469,7.581710815429688e-05,10,False
939,0.13651767017006203,0.1440190709069518,0.15089681385857667,0.0038412148249869593,35,110,0.0005867481231689453,7.557868957519531e-05,10,False
940,0.13651767017006203,0.1440190709069518,0.15089681385857667,0.0038412148249869593,35,110,0.0005614757537841797,7.367134094238281e-05,10,False
941,0.13651767017006203,0.1440190709069518,0.15089681385857667,0.0038412148249869593,35,110,0.00046062469482421875,5.602836608886719e-05,10,False
942,0.13651767017006203,0.1440190709069518,0.15089681385857667,0.0038412148249869593,35,110,0.0004284381866455078,5.221366882324219e-05,10,False
943,0.13651767017006203,0.1440190709069518,0.15089681385857667,0.0038412148249869593,35,110,0.00043702125549316406,4.863739013671875e-05,10,False
944,0.13651767017006203,0.1440190709069518,0.15089681385857667,0.0038412148249869593,35,110,0.0004558563232421875,4.887580871582031e-05,10,False
945,0.13651767017006203,0.1440190709069518,0.15089681385857667,0.0038412148249869593,35,110,0.0005283355712890625,5.1021575927734375e-05,10,False
946,0.13651767017006203,0.1440190709069518,0.15089681385857667,0.0038412148249869593,35,110,0.0004582405090332031,5.245208740234375e-05,10,False
947,0.13651767017006203,0.1440190709069518,0.15089681385857667,0.0038412148249869593,35,110,0.0006220340728759766,5.1021575927734375e-05,10,False
948,0.13651767017006203,0.1440190709069518,0.15089681385857667,0.0038412148249869593,35,110,0.0004475116729736328,5.245208740234375e-05,10,False
949,0.13651767017006203,0.1440190709069518,0.15089681385857667,0.0038412148249869593,35,110,0.0006363391876220703,5.245208740234375e-05,10,False
950,0.13651767017006203,0.1440190709069518,0.15089681385857667,0.0038412148249869593,35,110,0.0006306171417236328,0.00010561943054199219,10,False
951,0.13651767017006203,0.1440190709069518,0.15089681385857667,0.0038412148249869593,35,110,0.0005972385406494141,6.389617919921875e-05,10,False
952,0.13651767017006203,0.1440190709069518,0.15089681385857667,0.0038412148249869593,35,110,0.0004489421844482422,6.985664367675781e-05,10,False
953,0.13651767017006203,0.1440190709069518,0.15089681385857667,0.0038412148249869593,35,110,0.0005164146423339844,5.245208740234375e-05,10,False
954,0.13651767017006203,0.1440190709069518,0.15089681385857667,0.0038412148249869593,35,110,0.0005047321319580078,5.91278076171875e-05,10,False
955,0.13651767017006203,0.1440190709069518,0.15089681385857667,0.0038412148249869593,35,110,0.0005166530609130859,6.389617919921875e-05,10,False
956,0.13651767017006203,0.1440190709069518,0.15089681385857667,0.0038412148249869593,35,110,0.0005068778991699219,6.437301635742188e-05,10,False
957,0.13651767017006203,0.1440190709069518,0.15089681385857667,0.0038412148249869593,35,110,0.0004703998565673828,5.888938903808594e-05,10,False
958,0.13651767017006203,0.1440190709069518,0.15089681385857667,0.0038412148249869593,35,110,0.0005011558532714844,5.698204040527344e-05,10,False
959,0.13651767017006203,0.1440190709069518,0.15089681385857667,0.0038412148249869593,35,110,0.0004677772521972656,5.698204040527344e-05,10,False
960,0.13651767017006203,0.1440190709069518,0.15089681385857667,0.0038412148249869593,35,110,0.0004954338073730469,6.031990051269531e-05,10,False
961,0.13651767017006203,0.1440190709069518,0.15089681385857667,0.0038412148249869593,35,110,0.0005357265472412109,5.936622619628906e-05,10,False
962,0.13651767017006203,0.1440190709069518,0.15089681385857667,0.0038412148249869593,35,110,0.0006649494171142578,7.009506225585938e-05,10,False
963,0.13651767017006203,0.1440190709069518,0.15089681385857667,0.0038412148249869593,35,110,0.0007126331329345703,7.605552673339844e-05,10,False
964,0.13651767017006203,0.1440190709069518,0.15089681385857667,0.0038412148249869593,35,110,0.0005321502685546875,6.771087646484375e-05,10,False
965,0.13651767017006203,0.1440190709069518,0.15089681385857667,0.0038412148249869593,35,110,0.0005521774291992188,6.270408630371094e-05,10,False
966,0.13651767017006203,0.1440190709069518,0.15089681385857667,0.0038412148249869593,35,110,0.0005261898040771484,8.630752563476562e-05,10,False
967,0.13651767017006203,0.1440190709069518,0.15089681385857667,0.0038412148249869593,35,110,0.0005309581756591797,7.081031799316406e-05,10,False
968,0.13651767017006203,0.1440190709069518,0.15089681385857667,0.0038412148249869593,35,110,0.0005393028259277344,6.151199340820312e-05,10,False
969,0.13651767017006203,0.1440190709069518,0.15089681385857667,0.0038412148249869593,35,110,0.0006411075592041016,7.486343383789062e-05,10,False
970,0.13651767017006203,0.1440190709069518,0.15089681385857667,0.0038412148249869593,35,110,0.0004119873046875,7.486343383789062e-05,10,False
971,0.13651767017006203,0.1440190709069518,0.15089681385857667,0.0038412148249869593,35,110,0.0004038810729980469,5.793571472167969e-05,10,False
972,0.13651767017006203,0.1440190709069518,0.15089681385857667,0.0038412148249869593,35,110,0.0004379749298095703,5.984306335449219e-05,10,False
973,0.13651767017006203,0.1440190709069518,0.15089681385857667,0.0038412148249869593,35,110,0.0004131793975830078,4.6253204345703125e-05,10,False
974,0.13651767017006203,0.1440190709069518,0.15089681385857667,0.0038412148249869593,35,110,0.0005104541778564453,7.152557373046875e-05,10,False
975,0.13651767017006203,0.1440190709069518,0.15089681385857667,0.0038412148249869593,35,110,0.0005152225494384766,6.175041198730469e-05,10,False
976,0.13651767017006203,0.1440190709069518,0.15089681385857667,0.0038412148249869593,35,110,0.0005011558532714844,5.91278076171875e-05,10,False
977,0.13651767017006203,0.1440190709069518,0.15089681385857667,0.0038412148249869593,35,110,0.0005128383636474609,6.318092346191406e-05,10,False
978,0.13651767017006203,0.1440190709069518,0.15089681385857667,0.0038412148249869593,35,110,0.0005319118499755859,6.532669067382812e-05,10,False
979,0.13651767017006203,0.1440190709069518,0.15089681385857667,0.0038412148249869593,35,110,0.0005545616149902344,6.29425048828125e-05,10,False
980,0.13651767017006203,0.1440190709069518,0.15089681385857667,0.0038412148249869593,35,110,0.0004987716674804688,6.413459777832031e-05,10,False
981,0.13651767017006203,0.1440190709069518,0.15089681385857667,0.0038412148249869593,35,110,0.0005557537078857422,6.747245788574219e-05,10,False
982,0.13651767017006203,0.1440190709069518,0.15089681385857667,0.0038412148249869593,35,110,0.0005841255187988281,0.00011777877807617188,10,False
983,0.13651767017006203,0.1440190709069518,0.15089681385857667,0.0038412148249869593,35,110,0.00048422813415527344,6.079673767089844e-05,10,False
984,0.13651767017006203,0.1440190709069518,0.15089681385857667,0.0038412148249869593,35,110,0.00042891502380371094,4.8160552978515625e-05,10,False
985,0.13651767017006203,0.1440190709069518,0.15089681385857667,0.0038412148249869593,35,110,0.00044655799865722656,4.863739013671875e-05,10,False
986,0.13651767017006203,0.1440190709069518,0.15089681385857667,0.0038412148249869593,35,110,0.00040149688720703125,4.6253204345703125e-05,10,False
987,0.13651767017006203,0.1440190709069518,0.15089681385857667,0.0038412148249869593,35,110,0.0004036426544189453,4.506111145019531e-05,10,False
988,0.13651767017006203,0.1440190709069518,0.15089681385857667,0.0038412148249869593,35,110,0.0004024505615234375,4.506111145019531e-05,10,False
989,0.13651767017006203,0.1440190709069518,0.15089681385857667,0.0038412148249869593,35,110,0.0004143714904785156,4.2438507080078125e-05,10,False
990,0.13651767017006203,0.1440190709069518,0.15089681385857667,0.0038412148249869593,35,110,0.00038933753967285156,4.649162292480469e-05,10,False
991,0.13651767017006203,0.1440190709069518,0.15089681385857667,0.0038412148249869593,35,110,0.0003952980041503906,4.291534423828125e-05,10,False
992,0.13651767017006203,0.1440190709069518,0.15089681385857667,0.0038412148249869593,35,110,0.0003898143768310547,4.124641418457031e-05,10,False
993,0.13651767017006203,0.1440190709069518,0.15089681385857667,0.0038412148249869593,35,110,0.0004131793975830078,4.267692565917969e-05,10,False
994,0.13651767017006203,0.1440190709069518,0.15089681385857667,0.0038412148249869593,35,110,0.00039768218994140625,4.172325134277344e-05,10,False
995,0.13651767017006203,0.1440190709069518,0.15089681385857667,0.0038412148249869593,35,110,0.00040030479431152344,4.2438507080078125e-05,10,False
996,0.13651767017006203,0.1440190709069518,0.15089681385857667,0.0038412148249869593,35,110,0.00039315223693847656,4.2438507080078125e-05,10,False
997,0.13651767017006203,0.1440190709069518,0.15089681385857667,0.0038412148249869593,35,110,0.0003952980041503906,0.00013184547424316406,10,False
998,0.13651767017006203,0.1440190709069518,0.15089681385857667,0.0038412148249869593,35,110,0.000408172607421875,4.5299530029296875e-05,10,False
999,0.13651767017006203,0.1440190709069518,0.15089681385857667,0.0038412148249869593,35,110,0.00039315223693847656,4.291534423828125e-05,10,False
1000,0.13651767017006203,0.1440190709069518,0.15089681385857667,0.0038412148249869593,35,110,0.0004165172576904297,4.291534423828125e-05,10,False
