generation,best_fitness,mean_fitness,worst_fitness,std_fitness,n_hospitals_large,n_hospitals_small,time_simulation,time_offspring,n_population,did_random_restart
0,0.11132249669415584,0.11626076566019652,0.12158602816955741,0.0037976774263380033,16,67,4.420946836471558,0.0003025531768798828,10,False
1,0.10644746994645865,0.11255136880888508,0.11657468053661871,0.0026322240653797076,17,59,4.311570167541504,0.0010247230529785156,10,False
2,0.10644746994645865,0.11121358206462692,0.11421149306763173,0.0022825469115746494,17,59,4.312371492385864,0.0007598400115966797,10,False
3,0.10926925689686728,0.1114085411868589,0.11558110753781843,0.0015441913188590525,20,63,4.288214921951294,0.0010173320770263672,10,False
4,0.10994858931316945,0.11091766946054579,0.113355992759203,0.0008997034099351587,16,65,4.37965989112854,0.0008537769317626953,10,False
5,0.10864449431910884,0.1109432426175068,0.11386226894278986,0.001277954460872763,16,63,4.329541444778442,0.0009214878082275391,10,False
6,0.10765491075187338,0.11075630105043066,0.11290683836292606,0.0013095131128682807,16,64,4.437879323959351,0.0010724067687988281,10,False
7,0.10666436765236467,0.11032490176904634,0.11223386574921654,0.0015513001862147752,19,69,4.3835461139678955,0.0008144378662109375,10,False
8,0.1085679493499803,0.10946195635360301,0.11143757690578829,0.0008683317813385222,18,68,4.410425662994385,0.0009105205535888672,10,False
9,0.10777577318338494,0.10874520454587237,0.11006900609088963,0.0006998315247059116,16,67,4.34651517868042,0.0010356903076171875,10,False
10,0.10709605045507256,0.10823341695540589,0.10921075158961786,0.0006079385769318022,19,66,4.484284400939941,0.0007541179656982422,10,False
11,0.10705417122925093,0.10815694290057849,0.10879979607969473,0.0005196182357195859,20,66,4.534217834472656,0.0010595321655273438,10,False
12,0.10659846653861647,0.10823664002954365,0.10918724840427398,0.0008284826928154131,19,65,4.440659046173096,0.00106048583984375,10,False
13,0.1071599220586196,0.10756789126221818,0.10841922430905482,0.00039261282783955903,19,65,4.22702693939209,0.0008831024169921875,10,False
14,0.10638129972793599,0.10696954553504671,0.10803663389631163,0.00048339619931962377,19,65,4.349369049072266,0.0008835792541503906,10,False
15,0.10586584548448956,0.10665089525430546,0.10744481548300547,0.0005536012578022639,20,64,4.33868408203125,0.0011601448059082031,10,False
16,0.10583377351292661,0.10628892211290877,0.10769279694076887,0.0006417566946612652,20,64,4.313611268997192,0.0008785724639892578,10,False
17,0.10580672986774414,0.10667804829899123,0.108016496406214,0.0007993894769289481,20,64,4.474853992462158,0.0009675025939941406,10,False
18,0.10580672986774414,0.10657581484723119,0.10804908554323413,0.0006170425144702584,20,64,3.821319103240967,0.0008966922760009766,10,False
19,0.10586584548448956,0.10682904366852326,0.10801837724024854,0.0006908651509303591,20,64,4.616525411605835,0.0010304450988769531,10,False
20,0.10593480598607065,0.10676476351697044,0.10739685531638421,0.00044074760070030744,20,64,4.654924154281616,0.0008573532104492188,10,False
21,0.10593480598607065,0.10764465876813915,0.10956531973273358,0.0012074004154726972,20,64,4.383902311325073,0.0008349418640136719,10,False
22,0.10637811301886321,0.1070409202953793,0.10844550293203428,0.000684336304112553,20,64,4.401537656784058,0.0008869171142578125,10,False
23,0.10656670371255553,0.10718390733266817,0.10824547346273117,0.00048479059385695203,20,64,4.409922122955322,0.0008347034454345703,10,False
24,0.10656670371255553,0.10718390733266817,0.10824547346273117,0.00048479059385695203,20,64,0.0007395744323730469,8.344650268554688e-06,10,True
25,0.10656670371255553,0.10719229560637514,0.1084625513523442,0.0005935385868537,20,64,3.9873476028442383,0.0009474754333496094,10,False
26,0.10656670371255553,0.10729881423678844,0.10784276579781332,0.0004233872360878023,20,64,4.546330451965332,0.000965118408203125,10,False
27,0.10661552296851687,0.106932184715097,0.10724722097223524,0.0002653012413398847,21,64,5.003541707992554,0.000789642333984375,10,False
28,0.1067704677973566,0.10723985114523467,0.10896189743509173,0.0006824148373301683,21,64,4.935789585113525,0.0009641647338867188,10,False
29,0.10663599155074491,0.10718987824824436,0.1080361683824433,0.0004473725087507551,21,64,4.920471429824829,0.001026153564453125,10,False
30,0.10661552296851687,0.10699963155437375,0.10750272874167555,0.0003002824830368171,21,64,3.98712420463562,0.0007245540618896484,10,False
31,0.10669974225775819,0.10740235056380498,0.10871377663491276,0.0005529323764854914,21,64,5.177018642425537,0.0012736320495605469,10,False
32,0.10669974225775819,0.10740235056380498,0.10871377663491276,0.0005529323764854914,21,64,0.0008547306060791016,1.0728836059570312e-05,10,True
33,0.10669974225775819,0.10740235056380498,0.10871377663491276,0.0005529323764854914,21,64,0.0004475116729736328,6.198883056640625e-06,10,True
34,0.10669974225775819,0.10740235056380498,0.10871377663491276,0.0005529323764854914,21,64,0.0003490447998046875,4.76837158203125e-06,10,True
35,0.10669974225775819,0.10740235056380498,0.10871377663491276,0.0005529323764854914,21,64,0.00034928321838378906,4.5299530029296875e-06,10,True
36,0.10669974225775819,0.10740235056380498,0.10871377663491276,0.0005529323764854914,21,64,0.0003337860107421875,2.1457672119140625e-06,10,True
37,0.10669974225775819,0.10740235056380498,0.10871377663491276,0.0005529323764854914,21,64,0.0003108978271484375,3.814697265625e-06,10,True
38,0.10669974225775819,0.10740235056380498,0.10871377663491276,0.0005529323764854914,21,64,0.00030040740966796875,2.384185791015625e-06,10,True
39,0.10669974225775819,0.10740235056380498,0.10871377663491276,0.0005529323764854914,21,64,0.00029921531677246094,2.1457672119140625e-06,10,True
40,0.10669974225775819,0.10740235056380498,0.10871377663491276,0.0005529323764854914,21,64,0.0007870197296142578,5.9604644775390625e-06,10,True
41,0.10669974225775819,0.10740235056380498,0.10871377663491276,0.0005529323764854914,21,64,0.0012192726135253906,1.3113021850585938e-05,10,True
42,0.10669974225775819,0.10740235056380498,0.10871377663491276,0.0005529323764854914,21,64,0.0003407001495361328,6.198883056640625e-06,10,True
43,0.10669974225775819,0.10740235056380498,0.10871377663491276,0.0005529323764854914,21,64,0.00036454200744628906,4.5299530029296875e-06,10,True
44,0.10669974225775819,0.10740235056380498,0.10871377663491276,0.0005529323764854914,21,64,0.0003230571746826172,2.384185791015625e-06,10,True
45,0.10669974225775819,0.10740235056380498,0.10871377663491276,0.0005529323764854914,21,64,0.0003170967102050781,4.76837158203125e-06,10,True
46,0.10669974225775819,0.10740235056380498,0.10871377663491276,0.0005529323764854914,21,64,0.00033354759216308594,3.5762786865234375e-06,10,True
47,0.10669974225775819,0.10740235056380498,0.10871377663491276,0.0005529323764854914,21,64,0.00030875205993652344,3.5762786865234375e-06,10,True
48,0.10669974225775819,0.10740235056380498,0.10871377663491276,0.0005529323764854914,21,64,0.00032520294189453125,5.0067901611328125e-06,10,True
49,0.10669974225775819,0.10740235056380498,0.10871377663491276,0.0005529323764854914,21,64,0.0003075599670410156,4.76837158203125e-06,10,True
50,0.10669974225775819,0.10740235056380498,0.10871377663491276,0.0005529323764854914,21,64,0.0003895759582519531,4.76837158203125e-06,10,True
51,0.10669974225775819,0.10740235056380498,0.10871377663491276,0.0005529323764854914,21,64,0.00034165382385253906,5.245208740234375e-06,10,True
52,0.10669974225775819,0.10740235056380498,0.10871377663491276,0.0005529323764854914,21,64,0.00032901763916015625,4.5299530029296875e-06,10,True
53,0.10669974225775819,0.10740235056380498,0.10871377663491276,0.0005529323764854914,21,64,0.00031948089599609375,2.384185791015625e-06,10,True
54,0.10669974225775819,0.10740235056380498,0.10871377663491276,0.0005529323764854914,21,64,0.000324249267578125,2.1457672119140625e-06,10,True
55,0.10669974225775819,0.10740235056380498,0.10871377663491276,0.0005529323764854914,21,64,0.0003063678741455078,4.76837158203125e-06,10,True
56,0.10669974225775819,0.10740235056380498,0.10871377663491276,0.0005529323764854914,21,64,0.00030159950256347656,3.5762786865234375e-06,10,True
57,0.10669974225775819,0.10740235056380498,0.10871377663491276,0.0005529323764854914,21,64,0.0003299713134765625,3.5762786865234375e-06,10,True
58,0.10669974225775819,0.10740235056380498,0.10871377663491276,0.0005529323764854914,21,64,0.0002980232238769531,3.337860107421875e-06,10,True
59,0.10669974225775819,0.10740235056380498,0.10871377663491276,0.0005529323764854914,21,64,0.0003159046173095703,4.76837158203125e-06,10,True
60,0.10669974225775819,0.10740235056380498,0.10871377663491276,0.0005529323764854914,21,64,0.00030159950256347656,4.76837158203125e-06,10,True
61,0.10669974225775819,0.10740235056380498,0.10871377663491276,0.0005529323764854914,21,64,0.0003135204315185547,3.5762786865234375e-06,10,True
62,0.10669974225775819,0.10740235056380498,0.10871377663491276,0.0005529323764854914,21,64,0.00030994415283203125,4.76837158203125e-06,10,True
63,0.10669974225775819,0.10740235056380498,0.10871377663491276,0.0005529323764854914,21,64,0.0002944469451904297,3.814697265625e-06,10,True
64,0.10669974225775819,0.10740235056380498,0.10871377663491276,0.0005529323764854914,21,64,0.0003275871276855469,5.0067901611328125e-06,10,True
65,0.10669974225775819,0.10740235056380498,0.10871377663491276,0.0005529323764854914,21,64,0.0003039836883544922,3.337860107421875e-06,10,True
66,0.10669974225775819,0.10740235056380498,0.10871377663491276,0.0005529323764854914,21,64,0.0002923011779785156,4.291534423828125e-06,10,True
67,0.10669974225775819,0.10740235056380498,0.10871377663491276,0.0005529323764854914,21,64,0.00031566619873046875,2.6226043701171875e-06,10,True
68,0.10669974225775819,0.10740235056380498,0.10871377663491276,0.0005529323764854914,21,64,0.0003063678741455078,4.76837158203125e-06,10,True
69,0.10669974225775819,0.10740235056380498,0.10871377663491276,0.0005529323764854914,21,64,0.0003325939178466797,3.337860107421875e-06,10,True
70,0.10669974225775819,0.10740235056380498,0.10871377663491276,0.0005529323764854914,21,64,0.00030517578125,3.5762786865234375e-06,10,True
71,0.10669974225775819,0.10740235056380498,0.10871377663491276,0.0005529323764854914,21,64,0.0003120899200439453,5.0067901611328125e-06,10,True
72,0.10669974225775819,0.10740235056380498,0.10871377663491276,0.0005529323764854914,21,64,0.00030040740966796875,2.384185791015625e-06,10,True
73,0.10669974225775819,0.10740235056380498,0.10871377663491276,0.0005529323764854914,21,64,0.0003085136413574219,5.245208740234375e-06,10,True
74,0.10669974225775819,0.10740235056380498,0.10871377663491276,0.0005529323764854914,21,64,0.00033855438232421875,4.291534423828125e-06,10,True
75,0.10669974225775819,0.10740235056380498,0.10871377663491276,0.0005529323764854914,21,64,0.0003216266632080078,3.814697265625e-06,10,True
76,0.10669974225775819,0.10740235056380498,0.10871377663491276,0.0005529323764854914,21,64,0.0003228187561035156,4.76837158203125e-06,10,True
77,0.10669974225775819,0.10740235056380498,0.10871377663491276,0.0005529323764854914,21,64,0.0003135204315185547,3.5762786865234375e-06,10,True
78,0.10669974225775819,0.10740235056380498,0.10871377663491276,0.0005529323764854914,21,64,0.00032782554626464844,4.76837158203125e-06,10,True
79,0.10669974225775819,0.10740235056380498,0.10871377663491276,0.0005529323764854914,21,64,0.00033473968505859375,3.814697265625e-06,10,True
80,0.10669974225775819,0.10740235056380498,0.10871377663491276,0.0005529323764854914,21,64,0.0003159046173095703,3.5762786865234375e-06,10,True
81,0.10669974225775819,0.10740235056380498,0.10871377663491276,0.0005529323764854914,21,64,0.0004119873046875,3.814697265625e-06,10,True
82,0.10669974225775819,0.10740235056380498,0.10871377663491276,0.0005529323764854914,21,64,0.000415802001953125,8.344650268554688e-06,10,True
83,0.10669974225775819,0.10740235056380498,0.10871377663491276,0.0005529323764854914,21,64,0.0004036426544189453,5.9604644775390625e-06,10,True
84,0.10669974225775819,0.10740235056380498,0.10871377663491276,0.0005529323764854914,21,64,0.0004096031188964844,3.5762786865234375e-06,10,True
85,0.10669974225775819,0.10740235056380498,0.10871377663491276,0.0005529323764854914,21,64,0.00040149688720703125,3.337860107421875e-06,10,True
86,0.10669974225775819,0.10740235056380498,0.10871377663491276,0.0005529323764854914,21,64,0.00041937828063964844,4.76837158203125e-06,10,True
87,0.10669974225775819,0.10740235056380498,0.10871377663491276,0.0005529323764854914,21,64,0.0004000663757324219,5.0067901611328125e-06,10,True
88,0.10669974225775819,0.10740235056380498,0.10871377663491276,0.0005529323764854914,21,64,0.00041675567626953125,5.9604644775390625e-06,10,True
89,0.10669974225775819,0.10740235056380498,0.10871377663491276,0.0005529323764854914,21,64,0.00048089027404785156,4.76837158203125e-06,10,True
90,0.10669974225775819,0.10740235056380498,0.10871377663491276,0.0005529323764854914,21,64,0.00046539306640625,5.7220458984375e-06,10,True
91,0.10669974225775819,0.10740235056380498,0.10871377663491276,0.0005529323764854914,21,64,0.0004382133483886719,4.5299530029296875e-06,10,True
92,0.10669974225775819,0.10740235056380498,0.10871377663491276,0.0005529323764854914,21,64,0.0003857612609863281,5.0067901611328125e-06,10,True
93,0.10669974225775819,0.10740235056380498,0.10871377663491276,0.0005529323764854914,21,64,0.0004477500915527344,5.9604644775390625e-06,10,True
94,0.10669974225775819,0.10740235056380498,0.10871377663491276,0.0005529323764854914,21,64,0.0003826618194580078,4.291534423828125e-06,10,True
95,0.10669974225775819,0.10740235056380498,0.10871377663491276,0.0005529323764854914,21,64,0.00036215782165527344,4.76837158203125e-06,10,True
96,0.10669974225775819,0.10740235056380498,0.10871377663491276,0.0005529323764854914,21,64,0.00037980079650878906,5.9604644775390625e-06,10,True
97,0.10669974225775819,0.10740235056380498,0.10871377663491276,0.0005529323764854914,21,64,0.00037860870361328125,5.0067901611328125e-06,10,True
98,0.10669974225775819,0.10740235056380498,0.10871377663491276,0.0005529323764854914,21,64,0.0003764629364013672,2.1457672119140625e-06,10,True
99,0.10669974225775819,0.10740235056380498,0.10871377663491276,0.0005529323764854914,21,64,0.0003790855407714844,3.0994415283203125e-06,10,True
100,0.10669974225775819,0.10740235056380498,0.10871377663491276,0.0005529323764854914,21,64,0.0003991127014160156,4.5299530029296875e-06,10,True
101,0.10669974225775819,0.10740235056380498,0.10871377663491276,0.0005529323764854914,21,64,0.000392913818359375,4.76837158203125e-06,10,True
102,0.10669974225775819,0.10740235056380498,0.10871377663491276,0.0005529323764854914,21,64,0.0004513263702392578,4.5299530029296875e-06,10,True
103,0.10669974225775819,0.10740235056380498,0.10871377663491276,0.0005529323764854914,21,64,0.0003719329833984375,4.291534423828125e-06,10,True
104,0.10669974225775819,0.10740235056380498,0.10871377663491276,0.0005529323764854914,21,64,0.00038123130798339844,5.9604644775390625e-06,10,True
105,0.10669974225775819,0.10740235056380498,0.10871377663491276,0.0005529323764854914,21,64,0.00036787986755371094,3.814697265625e-06,10,True
106,0.10669974225775819,0.10740235056380498,0.10871377663491276,0.0005529323764854914,21,64,0.00039076805114746094,4.5299530029296875e-06,10,True
107,0.10669974225775819,0.10740235056380498,0.10871377663491276,0.0005529323764854914,21,64,0.0006208419799804688,5.9604644775390625e-06,10,True
108,0.10669974225775819,0.10740235056380498,0.10871377663491276,0.0005529323764854914,21,64,0.0004191398620605469,3.337860107421875e-06,10,True
109,0.10669974225775819,0.10740235056380498,0.10871377663491276,0.0005529323764854914,21,64,0.0004394054412841797,5.7220458984375e-06,10,True
110,0.10669974225775819,0.10740235056380498,0.10871377663491276,0.0005529323764854914,21,64,0.00044155120849609375,5.0067901611328125e-06,10,True
111,0.10669974225775819,0.10740235056380498,0.10871377663491276,0.0005529323764854914,21,64,0.0004367828369140625,5.0067901611328125e-06,10,True
112,0.10669974225775819,0.10740235056380498,0.10871377663491276,0.0005529323764854914,21,64,0.00047135353088378906,4.76837158203125e-06,10,True
113,0.10669974225775819,0.10740235056380498,0.10871377663491276,0.0005529323764854914,21,64,0.0004382133483886719,4.76837158203125e-06,10,True
114,0.10669974225775819,0.10740235056380498,0.10871377663491276,0.0005529323764854914,21,64,0.00044274330139160156,3.814697265625e-06,10,True
115,0.10669974225775819,0.10740235056380498,0.10871377663491276,0.0005529323764854914,21,64,0.0004513263702392578,4.5299530029296875e-06,10,True
116,0.10669974225775819,0.10740235056380498,0.10871377663491276,0.0005529323764854914,21,64,0.0004534721374511719,3.814697265625e-06,10,True
117,0.10669974225775819,0.10740235056380498,0.10871377663491276,0.0005529323764854914,21,64,0.0004963874816894531,4.76837158203125e-06,10,True
118,0.10669974225775819,0.10740235056380498,0.10871377663491276,0.0005529323764854914,21,64,0.0007038116455078125,3.814697265625e-06,10,True
119,0.10669974225775819,0.10740235056380498,0.10871377663491276,0.0005529323764854914,21,64,0.0004096031188964844,4.76837158203125e-06,10,True
120,0.10669974225775819,0.10740235056380498,0.10871377663491276,0.0005529323764854914,21,64,0.000484466552734375,5.7220458984375e-06,10,True
121,0.10669974225775819,0.10740235056380498,0.10871377663491276,0.0005529323764854914,21,64,0.0004153251647949219,3.814697265625e-06,10,True
122,0.10669974225775819,0.10740235056380498,0.10871377663491276,0.0005529323764854914,21,64,0.0003905296325683594,3.5762786865234375e-06,10,True
123,0.10669974225775819,0.10740235056380498,0.10871377663491276,0.0005529323764854914,21,64,0.0004048347473144531,4.76837158203125e-06,10,True
124,0.10669974225775819,0.10740235056380498,0.10871377663491276,0.0005529323764854914,21,64,0.00038123130798339844,3.337860107421875e-06,10,True
125,0.10669974225775819,0.10740235056380498,0.10871377663491276,0.0005529323764854914,21,64,0.0003952980041503906,4.76837158203125e-06,10,True
126,0.10669974225775819,0.10740235056380498,0.10871377663491276,0.0005529323764854914,21,64,0.0004000663757324219,7.3909759521484375e-06,10,True
127,0.10669974225775819,0.10740235056380498,0.10871377663491276,0.0005529323764854914,21,64,0.0004227161407470703,3.337860107421875e-06,10,True
128,0.10669974225775819,0.10740235056380498,0.10871377663491276,0.0005529323764854914,21,64,0.0004038810729980469,4.5299530029296875e-06,10,True
129,0.10669974225775819,0.10740235056380498,0.10871377663491276,0.0005529323764854914,21,64,0.0003917217254638672,4.76837158203125e-06,10,True
130,0.10669974225775819,0.10740235056380498,0.10871377663491276,0.0005529323764854914,21,64,0.0003845691680908203,4.76837158203125e-06,10,True
131,0.10669974225775819,0.10740235056380498,0.10871377663491276,0.0005529323764854914,21,64,0.0004985332489013672,7.3909759521484375e-06,10,True
132,0.10669974225775819,0.10740235056380498,0.10871377663491276,0.0005529323764854914,21,64,0.0005333423614501953,4.5299530029296875e-06,10,True
133,0.10669974225775819,0.10740235056380498,0.10871377663491276,0.0005529323764854914,21,64,0.0004963874816894531,4.76837158203125e-06,10,True
134,0.10669974225775819,0.10740235056380498,0.10871377663491276,0.0005529323764854914,21,64,0.0003917217254638672,4.76837158203125e-06,10,True
135,0.10669974225775819,0.10740235056380498,0.10871377663491276,0.0005529323764854914,21,64,0.00046539306640625,5.9604644775390625e-06,10,True
136,0.10669974225775819,0.10740235056380498,0.10871377663491276,0.0005529323764854914,21,64,0.0004582405090332031,3.814697265625e-06,10,True
137,0.10669974225775819,0.10740235056380498,0.10871377663491276,0.0005529323764854914,21,64,0.0004513263702392578,3.5762786865234375e-06,10,True
138,0.10669974225775819,0.10740235056380498,0.10871377663491276,0.0005529323764854914,21,64,0.00046896934509277344,3.814697265625e-06,10,True
139,0.10669974225775819,0.10740235056380498,0.10871377663491276,0.0005529323764854914,21,64,0.00046062469482421875,3.814697265625e-06,10,True
140,0.10669974225775819,0.10740235056380498,0.10871377663491276,0.0005529323764854914,21,64,0.0004937648773193359,6.198883056640625e-06,10,True
141,0.10669974225775819,0.10740235056380498,0.10871377663491276,0.0005529323764854914,21,64,0.0004703998565673828,3.337860107421875e-06,10,True
142,0.10669974225775819,0.10740235056380498,0.10871377663491276,0.0005529323764854914,21,64,0.0004973411560058594,5.9604644775390625e-06,10,True
143,0.10669974225775819,0.10740235056380498,0.10871377663491276,0.0005529323764854914,21,64,0.0008406639099121094,5.7220458984375e-06,10,True
144,0.10669974225775819,0.10740235056380498,0.10871377663491276,0.0005529323764854914,21,64,0.0005724430084228516,5.7220458984375e-06,10,True
145,0.10669974225775819,0.10740235056380498,0.10871377663491276,0.0005529323764854914,21,64,0.0005118846893310547,6.9141387939453125e-06,10,True
146,0.10669974225775819,0.10740235056380498,0.10871377663491276,0.0005529323764854914,21,64,0.0004298686981201172,4.76837158203125e-06,10,True
147,0.10669974225775819,0.10740235056380498,0.10871377663491276,0.0005529323764854914,21,64,0.0004050731658935547,4.5299530029296875e-06,10,True
148,0.10669974225775819,0.10740235056380498,0.10871377663491276,0.0005529323764854914,21,64,0.00044536590576171875,5.7220458984375e-06,10,True
149,0.10669974225775819,0.10740235056380498,0.10871377663491276,0.0005529323764854914,21,64,0.00039315223693847656,5.7220458984375e-06,10,True
150,0.10669974225775819,0.10740235056380498,0.10871377663491276,0.0005529323764854914,21,64,0.0004024505615234375,4.5299530029296875e-06,10,True
151,0.10669974225775819,0.10740235056380498,0.10871377663491276,0.0005529323764854914,21,64,0.0004036426544189453,4.5299530029296875e-06,10,True
152,0.10669974225775819,0.10740235056380498,0.10871377663491276,0.0005529323764854914,21,64,0.0004096031188964844,3.5762786865234375e-06,10,True
153,0.10669974225775819,0.10740235056380498,0.10871377663491276,0.0005529323764854914,21,64,0.0003764629364013672,3.337860107421875e-06,10,True
154,0.10669974225775819,0.10740235056380498,0.10871377663491276,0.0005529323764854914,21,64,0.0005736351013183594,7.152557373046875e-06,10,True
155,0.10669974225775819,0.10740235056380498,0.10871377663491276,0.0005529323764854914,21,64,0.000396728515625,1.3828277587890625e-05,10,True
156,0.10669974225775819,0.10740235056380498,0.10871377663491276,0.0005529323764854914,21,64,0.0003905296325683594,4.76837158203125e-06,10,True
157,0.10669974225775819,0.10740235056380498,0.10871377663491276,0.0005529323764854914,21,64,0.0004355907440185547,5.9604644775390625e-06,10,True
158,0.10669974225775819,0.10740235056380498,0.10871377663491276,0.0005529323764854914,21,64,0.0004074573516845703,4.5299530029296875e-06,10,True
159,0.10669974225775819,0.10740235056380498,0.10871377663491276,0.0005529323764854914,21,64,0.0004177093505859375,5.245208740234375e-06,10,True
160,0.10669974225775819,0.10740235056380498,0.10871377663491276,0.0005529323764854914,21,64,0.0003952980041503906,4.76837158203125e-06,10,True
161,0.10669974225775819,0.10740235056380498,0.10871377663491276,0.0005529323764854914,21,64,0.00038361549377441406,3.5762786865234375e-06,10,True
162,0.10669974225775819,0.10740235056380498,0.10871377663491276,0.0005529323764854914,21,64,0.00043463706970214844,7.152557373046875e-06,10,True
163,0.10669974225775819,0.10740235056380498,0.10871377663491276,0.0005529323764854914,21,64,0.0004680156707763672,5.9604644775390625e-06,10,True
164,0.10669974225775819,0.10740235056380498,0.10871377663491276,0.0005529323764854914,21,64,0.0004391670227050781,5.0067901611328125e-06,10,True
165,0.10669974225775819,0.10740235056380498,0.10871377663491276,0.0005529323764854914,21,64,0.00045108795166015625,5.0067901611328125e-06,10,True
166,0.10669974225775819,0.10740235056380498,0.10871377663491276,0.0005529323764854914,21,64,0.0005950927734375,5.9604644775390625e-06,10,True
167,0.10669974225775819,0.10740235056380498,0.10871377663491276,0.0005529323764854914,21,64,0.0005211830139160156,6.198883056640625e-06,10,True
168,0.10669974225775819,0.10740235056380498,0.10871377663491276,0.0005529323764854914,21,64,0.00046539306640625,4.76837158203125e-06,10,True
169,0.10669974225775819,0.10740235056380498,0.10871377663491276,0.0005529323764854914,21,64,0.0004811286926269531,4.5299530029296875e-06,10,True
170,0.10669974225775819,0.10740235056380498,0.10871377663491276,0.0005529323764854914,21,64,0.00047969818115234375,5.9604644775390625e-06,10,True
171,0.10669974225775819,0.10740235056380498,0.10871377663491276,0.0005529323764854914,21,64,0.000499725341796875,6.198883056640625e-06,10,True
172,0.10669974225775819,0.10740235056380498,0.10871377663491276,0.0005529323764854914,21,64,0.000484466552734375,1.0728836059570312e-05,10,True
173,0.10669974225775819,0.10740235056380498,0.10871377663491276,0.0005529323764854914,21,64,0.00047135353088378906,5.9604644775390625e-06,10,True
174,0.10669974225775819,0.10740235056380498,0.10871377663491276,0.0005529323764854914,21,64,0.00042128562927246094,5.9604644775390625e-06,10,True
175,0.10669974225775819,0.10740235056380498,0.10871377663491276,0.0005529323764854914,21,64,0.0004489421844482422,4.291534423828125e-06,10,True
176,0.10669974225775819,0.10740235056380498,0.10871377663491276,0.0005529323764854914,21,64,0.00048065185546875,5.0067901611328125e-06,10,True
177,0.10669974225775819,0.10740235056380498,0.10871377663491276,0.0005529323764854914,21,64,0.0003821849822998047,3.5762786865234375e-06,10,True
178,0.10669974225775819,0.10740235056380498,0.10871377663491276,0.0005529323764854914,21,64,0.0005283355712890625,4.76837158203125e-06,10,True
179,0.10669974225775819,0.10740235056380498,0.10871377663491276,0.0005529323764854914,21,64,0.0004000663757324219,3.337860107421875e-06,10,True
180,0.10669974225775819,0.10740235056380498,0.10871377663491276,0.0005529323764854914,21,64,0.0005581378936767578,4.5299530029296875e-06,10,True
181,0.10669974225775819,0.10740235056380498,0.10871377663491276,0.0005529323764854914,21,64,0.0005486011505126953,4.76837158203125e-06,10,True
182,0.10669974225775819,0.10740235056380498,0.10871377663491276,0.0005529323764854914,21,64,0.0005888938903808594,4.76837158203125e-06,10,True
183,0.10669974225775819,0.10740235056380498,0.10871377663491276,0.0005529323764854914,21,64,0.0004534721374511719,3.814697265625e-06,10,True
184,0.10669974225775819,0.10740235056380498,0.10871377663491276,0.0005529323764854914,21,64,0.000484466552734375,5.9604644775390625e-06,10,True
185,0.10669974225775819,0.10740235056380498,0.10871377663491276,0.0005529323764854914,21,64,0.00042247772216796875,4.76837158203125e-06,10,True
186,0.10669974225775819,0.10740235056380498,0.10871377663491276,0.0005529323764854914,21,64,0.0004143714904785156,5.9604644775390625e-06,10,True
187,0.10669974225775819,0.10740235056380498,0.10871377663491276,0.0005529323764854914,21,64,0.0005638599395751953,4.76837158203125e-06,10,True
188,0.10669974225775819,0.10740235056380498,0.10871377663491276,0.0005529323764854914,21,64,0.0004820823669433594,5.9604644775390625e-06,10,True
189,0.10669974225775819,0.10740235056380498,0.10871377663491276,0.0005529323764854914,21,64,0.0005292892456054688,6.198883056640625e-06,10,True
190,0.10669974225775819,0.10740235056380498,0.10871377663491276,0.0005529323764854914,21,64,0.0005095005035400391,4.5299530029296875e-06,10,True
191,0.10669974225775819,0.10740235056380498,0.10871377663491276,0.0005529323764854914,21,64,0.0004940032958984375,4.76837158203125e-06,10,True
192,0.10669974225775819,0.10740235056380498,0.10871377663491276,0.0005529323764854914,21,64,0.0005059242248535156,3.5762786865234375e-06,10,True
193,0.10669974225775819,0.10740235056380498,0.10871377663491276,0.0005529323764854914,21,64,0.0005483627319335938,5.0067901611328125e-06,10,True
194,0.10669974225775819,0.10740235056380498,0.10871377663491276,0.0005529323764854914,21,64,0.0004322528839111328,3.337860107421875e-06,10,True
195,0.10669974225775819,0.10740235056380498,0.10871377663491276,0.0005529323764854914,21,64,0.0005295276641845703,5.0067901611328125e-06,10,True
196,0.10669974225775819,0.10740235056380498,0.10871377663491276,0.0005529323764854914,21,64,0.0005080699920654297,5.0067901611328125e-06,10,True
197,0.10669974225775819,0.10740235056380498,0.10871377663491276,0.0005529323764854914,21,64,0.0004820823669433594,5.7220458984375e-06,10,True
198,0.10669974225775819,0.10740235056380498,0.10871377663491276,0.0005529323764854914,21,64,0.0005095005035400391,5.7220458984375e-06,10,True
199,0.10669974225775819,0.10740235056380498,0.10871377663491276,0.0005529323764854914,21,64,0.0004475116729736328,6.198883056640625e-06,10,True
200,0.10669974225775819,0.10740235056380498,0.10871377663491276,0.0005529323764854914,21,64,0.0004086494445800781,3.337860107421875e-06,10,True
201,0.10669974225775819,0.10740235056380498,0.10871377663491276,0.0005529323764854914,21,64,0.000408172607421875,6.198883056640625e-06,10,True
202,0.10669974225775819,0.10740235056380498,0.10871377663491276,0.0005529323764854914,21,64,0.0004143714904785156,4.76837158203125e-06,10,True
203,0.10669974225775819,0.10740235056380498,0.10871377663491276,0.0005529323764854914,21,64,0.000446319580078125,5.0067901611328125e-06,10,True
204,0.10669974225775819,0.10740235056380498,0.10871377663491276,0.0005529323764854914,21,64,0.0004451274871826172,3.814697265625e-06,10,True
205,0.10669974225775819,0.10740235056380498,0.10871377663491276,0.0005529323764854914,21,64,0.00043082237243652344,4.0531158447265625e-06,10,True
206,0.10669974225775819,0.10740235056380498,0.10871377663491276,0.0005529323764854914,21,64,0.00044274330139160156,4.76837158203125e-06,10,True
207,0.10669974225775819,0.10740235056380498,0.10871377663491276,0.0005529323764854914,21,64,0.0004119873046875,5.9604644775390625e-06,10,True
208,0.10669974225775819,0.10740235056380498,0.10871377663491276,0.0005529323764854914,21,64,0.0004096031188964844,5.7220458984375e-06,10,True
209,0.10669974225775819,0.10740235056380498,0.10871377663491276,0.0005529323764854914,21,64,0.00044608116149902344,5.245208740234375e-06,10,True
210,0.10669974225775819,0.10740235056380498,0.10871377663491276,0.0005529323764854914,21,64,0.0004107952117919922,5.0067901611328125e-06,10,True
211,0.10669974225775819,0.10740235056380498,0.10871377663491276,0.0005529323764854914,21,64,0.0004143714904785156,4.76837158203125e-06,10,True
212,0.10669974225775819,0.10740235056380498,0.10871377663491276,0.0005529323764854914,21,64,0.0004096031188964844,4.5299530029296875e-06,10,True
213,0.10669974225775819,0.10740235056380498,0.10871377663491276,0.0005529323764854914,21,64,0.00044417381286621094,3.337860107421875e-06,10,True
214,0.10669974225775819,0.10740235056380498,0.10871377663491276,0.0005529323764854914,21,64,0.0004513263702392578,3.5762786865234375e-06,10,True
215,0.10669974225775819,0.10740235056380498,0.10871377663491276,0.0005529323764854914,21,64,0.0004394054412841797,4.76837158203125e-06,10,True
216,0.10669974225775819,0.10740235056380498,0.10871377663491276,0.0005529323764854914,21,64,0.0004477500915527344,3.337860107421875e-06,10,True
217,0.10669974225775819,0.10740235056380498,0.10871377663491276,0.0005529323764854914,21,64,0.00043201446533203125,5.0067901611328125e-06,10,True
218,0.10669974225775819,0.10740235056380498,0.10871377663491276,0.0005529323764854914,21,64,0.00049591064453125,5.245208740234375e-06,10,True
219,0.10669974225775819,0.10740235056380498,0.10871377663491276,0.0005529323764854914,21,64,0.0004489421844482422,1.52587890625e-05,10,True
220,0.10669974225775819,0.10740235056380498,0.10871377663491276,0.0005529323764854914,21,64,0.00048065185546875,5.0067901611328125e-06,10,True
221,0.10669974225775819,0.10740235056380498,0.10871377663491276,0.0005529323764854914,21,64,0.00046753883361816406,5.0067901611328125e-06,10,True
222,0.10669974225775819,0.10740235056380498,0.10871377663491276,0.0005529323764854914,21,64,0.0005056858062744141,3.814697265625e-06,10,True
223,0.10669974225775819,0.10740235056380498,0.10871377663491276,0.0005529323764854914,21,64,0.0005095005035400391,4.5299530029296875e-06,10,True
224,0.10669974225775819,0.10740235056380498,0.10871377663491276,0.0005529323764854914,21,64,0.000499725341796875,6.198883056640625e-06,10,True
225,0.10669974225775819,0.10740235056380498,0.10871377663491276,0.0005529323764854914,21,64,0.0004608631134033203,6.9141387939453125e-06,10,True
226,0.10669974225775819,0.10740235056380498,0.10871377663491276,0.0005529323764854914,21,64,0.0004048347473144531,3.5762786865234375e-06,10,True
227,0.10669974225775819,0.10740235056380498,0.10871377663491276,0.0005529323764854914,21,64,0.00043320655822753906,6.198883056640625e-06,10,True
228,0.10669974225775819,0.10740235056380498,0.10871377663491276,0.0005529323764854914,21,64,0.00042748451232910156,3.337860107421875e-06,10,True
229,0.10669974225775819,0.10740235056380498,0.10871377663491276,0.0005529323764854914,21,64,0.00043320655822753906,5.9604644775390625e-06,10,True
230,0.10669974225775819,0.10740235056380498,0.10871377663491276,0.0005529323764854914,21,64,0.0003857612609863281,5.0067901611328125e-06,10,True
231,0.10669974225775819,0.10740235056380498,0.10871377663491276,0.0005529323764854914,21,64,0.0003955364227294922,3.5762786865234375e-06,10,True
232,0.10669974225775819,0.10740235056380498,0.10871377663491276,0.0005529323764854914,21,64,0.00038933753967285156,4.76837158203125e-06,10,True
233,0.10669974225775819,0.10740235056380498,0.10871377663491276,0.0005529323764854914,21,64,0.00039196014404296875,3.337860107421875e-06,10,True
234,0.10669974225775819,0.10740235056380498,0.10871377663491276,0.0005529323764854914,21,64,0.00041556358337402344,4.76837158203125e-06,10,True
235,0.10669974225775819,0.10740235056380498,0.10871377663491276,0.0005529323764854914,21,64,0.0004153251647949219,3.814697265625e-06,10,True
236,0.10669974225775819,0.10740235056380498,0.10871377663491276,0.0005529323764854914,21,64,0.0004296302795410156,4.76837158203125e-06,10,True
237,0.10669974225775819,0.10740235056380498,0.10871377663491276,0.0005529323764854914,21,64,0.00042629241943359375,3.5762786865234375e-06,10,True
238,0.10669974225775819,0.10740235056380498,0.10871377663491276,0.0005529323764854914,21,64,0.0005769729614257812,3.5762786865234375e-06,10,True
239,0.10669974225775819,0.10740235056380498,0.10871377663491276,0.0005529323764854914,21,64,0.00039887428283691406,3.814697265625e-06,10,True
240,0.10669974225775819,0.10740235056380498,0.10871377663491276,0.0005529323764854914,21,64,0.00041413307189941406,5.0067901611328125e-06,10,True
241,0.10669974225775819,0.10740235056380498,0.10871377663491276,0.0005529323764854914,21,64,0.0004832744598388672,4.5299530029296875e-06,10,True
242,0.10669974225775819,0.10740235056380498,0.10871377663491276,0.0005529323764854914,21,64,0.00044417381286621094,3.337860107421875e-06,10,True
243,0.10669974225775819,0.10740235056380498,0.10871377663491276,0.0005529323764854914,21,64,0.00044989585876464844,5.245208740234375e-06,10,True
244,0.10669974225775819,0.10740235056380498,0.10871377663491276,0.0005529323764854914,21,64,0.00046443939208984375,4.5299530029296875e-06,10,True
245,0.10669974225775819,0.10740235056380498,0.10871377663491276,0.0005529323764854914,21,64,0.00046324729919433594,4.5299530029296875e-06,10,True
246,0.10669974225775819,0.10740235056380498,0.10871377663491276,0.0005529323764854914,21,64,0.0004811286926269531,4.5299530029296875e-06,10,True
247,0.10669974225775819,0.10740235056380498,0.10871377663491276,0.0005529323764854914,21,64,0.00048661231994628906,3.5762786865234375e-06,10,True
248,0.10669974225775819,0.10740235056380498,0.10871377663491276,0.0005529323764854914,21,64,0.00045371055603027344,5.9604644775390625e-06,10,True
249,0.10669974225775819,0.10740235056380498,0.10871377663491276,0.0005529323764854914,21,64,0.0004608631134033203,3.337860107421875e-06,10,True
250,0.10669974225775819,0.10740235056380498,0.10871377663491276,0.0005529323764854914,21,64,0.0006945133209228516,5.0067901611328125e-06,10,True
251,0.10669974225775819,0.10740235056380498,0.10871377663491276,0.0005529323764854914,21,64,0.0005199909210205078,4.76837158203125e-06,10,True
252,0.10669974225775819,0.10740235056380498,0.10871377663491276,0.0005529323764854914,21,64,0.0005578994750976562,5.9604644775390625e-06,10,True
253,0.10669974225775819,0.10740235056380498,0.10871377663491276,0.0005529323764854914,21,64,0.0005044937133789062,4.76837158203125e-06,10,True
254,0.10669974225775819,0.10740235056380498,0.10871377663491276,0.0005529323764854914,21,64,0.00041794776916503906,4.5299530029296875e-06,10,True
255,0.10669974225775819,0.10740235056380498,0.10871377663491276,0.0005529323764854914,21,64,0.000446319580078125,5.0067901611328125e-06,10,True
256,0.10669974225775819,0.10740235056380498,0.10871377663491276,0.0005529323764854914,21,64,0.0004572868347167969,4.5299530029296875e-06,10,True
257,0.10669974225775819,0.10740235056380498,0.10871377663491276,0.0005529323764854914,21,64,0.0005865097045898438,4.76837158203125e-06,10,True
258,0.10669974225775819,0.10740235056380498,0.10871377663491276,0.0005529323764854914,21,64,0.0004036426544189453,5.0067901611328125e-06,10,True
259,0.10669974225775819,0.10740235056380498,0.10871377663491276,0.0005529323764854914,21,64,0.0003879070281982422,4.0531158447265625e-06,10,True
260,0.10669974225775819,0.10740235056380498,0.10871377663491276,0.0005529323764854914,21,64,0.0004525184631347656,4.291534423828125e-06,10,True
261,0.10669974225775819,0.10740235056380498,0.10871377663491276,0.0005529323764854914,21,64,0.0004913806915283203,6.198883056640625e-06,10,True
262,0.10669974225775819,0.10740235056380498,0.10871377663491276,0.0005529323764854914,21,64,0.0004153251647949219,5.9604644775390625e-06,10,True
263,0.10669974225775819,0.10740235056380498,0.10871377663491276,0.0005529323764854914,21,64,0.0004286766052246094,4.291534423828125e-06,10,True
264,0.10669974225775819,0.10740235056380498,0.10871377663491276,0.0005529323764854914,21,64,0.0004286766052246094,3.337860107421875e-06,10,True
265,0.10669974225775819,0.10740235056380498,0.10871377663491276,0.0005529323764854914,21,64,0.0003991127014160156,4.76837158203125e-06,10,True
266,0.10669974225775819,0.10740235056380498,0.10871377663491276,0.0005529323764854914,21,64,0.0004000663757324219,4.76837158203125e-06,10,True
267,0.10669974225775819,0.10740235056380498,0.10871377663491276,0.0005529323764854914,21,64,0.00042724609375,4.0531158447265625e-06,10,True
268,0.10669974225775819,0.10740235056380498,0.10871377663491276,0.0005529323764854914,21,64,0.0004940032958984375,4.76837158203125e-06,10,True
269,0.10669974225775819,0.10740235056380498,0.10871377663491276,0.0005529323764854914,21,64,0.00045371055603027344,5.9604644775390625e-06,10,True
270,0.10669974225775819,0.10740235056380498,0.10871377663491276,0.0005529323764854914,21,64,0.0005164146423339844,6.198883056640625e-06,10,True
271,0.10669974225775819,0.10740235056380498,0.10871377663491276,0.0005529323764854914,21,64,0.0005083084106445312,5.9604644775390625e-06,10,True
272,0.10669974225775819,0.10740235056380498,0.10871377663491276,0.0005529323764854914,21,64,0.0005056858062744141,5.0067901611328125e-06,10,True
273,0.10669974225775819,0.10740235056380498,0.10871377663491276,0.0005529323764854914,21,64,0.0005092620849609375,4.76837158203125e-06,10,True
274,0.10669974225775819,0.10740235056380498,0.10871377663491276,0.0005529323764854914,21,64,0.0005009174346923828,5.9604644775390625e-06,10,True
275,0.10669974225775819,0.10740235056380498,0.10871377663491276,0.0005529323764854914,21,64,0.0005128383636474609,4.76837158203125e-06,10,True
276,0.10669974225775819,0.10740235056380498,0.10871377663491276,0.0005529323764854914,21,64,0.0005710124969482422,5.9604644775390625e-06,10,True
277,0.10669974225775819,0.10740235056380498,0.10871377663491276,0.0005529323764854914,21,64,0.0007028579711914062,7.152557373046875e-06,10,True
278,0.10669974225775819,0.10740235056380498,0.10871377663491276,0.0005529323764854914,21,64,0.0007228851318359375,8.58306884765625e-06,10,True
279,0.10669974225775819,0.10740235056380498,0.10871377663491276,0.0005529323764854914,21,64,0.0005044937133789062,5.9604644775390625e-06,10,True
280,0.10669974225775819,0.10740235056380498,0.10871377663491276,0.0005529323764854914,21,64,0.0005044937133789062,5.9604644775390625e-06,10,True
281,0.10669974225775819,0.10740235056380498,0.10871377663491276,0.0005529323764854914,21,64,0.0004725456237792969,5.9604644775390625e-06,10,True
282,0.10669974225775819,0.10740235056380498,0.10871377663491276,0.0005529323764854914,21,64,0.00043582916259765625,4.76837158203125e-06,10,True
283,0.10669974225775819,0.10740235056380498,0.10871377663491276,0.0005529323764854914,21,64,0.0005817413330078125,5.7220458984375e-06,10,True
284,0.10669974225775819,0.10740235056380498,0.10871377663491276,0.0005529323764854914,21,64,0.0004677772521972656,6.198883056640625e-06,10,True
285,0.10669974225775819,0.10740235056380498,0.10871377663491276,0.0005529323764854914,21,64,0.00045943260192871094,3.5762786865234375e-06,10,True
286,0.10669974225775819,0.10740235056380498,0.10871377663491276,0.0005529323764854914,21,64,0.0004668235778808594,4.291534423828125e-06,10,True
287,0.10669974225775819,0.10740235056380498,0.10871377663491276,0.0005529323764854914,21,64,0.0004546642303466797,1.7881393432617188e-05,10,True
288,0.10669974225775819,0.10740235056380498,0.10871377663491276,0.0005529323764854914,21,64,0.0004723072052001953,5.245208740234375e-06,10,True
289,0.10669974225775819,0.10740235056380498,0.10871377663491276,0.0005529323764854914,21,64,0.0005652904510498047,5.7220458984375e-06,10,True
290,0.10669974225775819,0.10740235056380498,0.10871377663491276,0.0005529323764854914,21,64,0.00043582916259765625,4.76837158203125e-06,10,True
291,0.10669974225775819,0.10740235056380498,0.10871377663491276,0.0005529323764854914,21,64,0.0005080699920654297,5.9604644775390625e-06,10,True
292,0.10669974225775819,0.10740235056380498,0.10871377663491276,0.0005529323764854914,21,64,0.00045108795166015625,3.5762786865234375e-06,10,True
293,0.10669974225775819,0.10740235056380498,0.10871377663491276,0.0005529323764854914,21,64,0.0004558563232421875,4.76837158203125e-06,10,True
294,0.10669974225775819,0.10740235056380498,0.10871377663491276,0.0005529323764854914,21,64,0.00047707557678222656,3.814697265625e-06,10,True
295,0.10669974225775819,0.10740235056380498,0.10871377663491276,0.0005529323764854914,21,64,0.0004963874816894531,4.5299530029296875e-06,10,True
296,0.10669974225775819,0.10740235056380498,0.10871377663491276,0.0005529323764854914,21,64,0.0004889965057373047,4.76837158203125e-06,10,True
297,0.10669974225775819,0.10740235056380498,0.10871377663491276,0.0005529323764854914,21,64,0.0004856586456298828,4.76837158203125e-06,10,True
298,0.10669974225775819,0.10740235056380498,0.10871377663491276,0.0005529323764854914,21,64,0.0004799365997314453,5.7220458984375e-06,10,True
299,0.10669974225775819,0.10740235056380498,0.10871377663491276,0.0005529323764854914,21,64,0.00045228004455566406,4.76837158203125e-06,10,True
300,0.10669974225775819,0.10740235056380498,0.10871377663491276,0.0005529323764854914,21,64,0.00047135353088378906,4.76837158203125e-06,10,True
301,0.10669974225775819,0.10740235056380498,0.10871377663491276,0.0005529323764854914,21,64,0.0005357265472412109,4.291534423828125e-06,10,True
302,0.10669974225775819,0.10740235056380498,0.10871377663491276,0.0005529323764854914,21,64,0.0005640983581542969,5.7220458984375e-06,10,True
303,0.10669974225775819,0.10740235056380498,0.10871377663491276,0.0005529323764854914,21,64,0.0005116462707519531,5.9604644775390625e-06,10,True
304,0.10669974225775819,0.10740235056380498,0.10871377663491276,0.0005529323764854914,21,64,0.0005483627319335938,7.62939453125e-06,10,True
305,0.10669974225775819,0.10740235056380498,0.10871377663491276,0.0005529323764854914,21,64,0.0007660388946533203,7.152557373046875e-06,10,True
306,0.10669974225775819,0.10740235056380498,0.10871377663491276,0.0005529323764854914,21,64,0.0004630088806152344,5.9604644775390625e-06,10,True
307,0.10669974225775819,0.10740235056380498,0.10871377663491276,0.0005529323764854914,21,64,0.00040340423583984375,5.245208740234375e-06,10,True
308,0.10669974225775819,0.10740235056380498,0.10871377663491276,0.0005529323764854914,21,64,0.0004131793975830078,5.9604644775390625e-06,10,True
309,0.10669974225775819,0.10740235056380498,0.10871377663491276,0.0005529323764854914,21,64,0.0003943443298339844,5.7220458984375e-06,10,True
310,0.10669974225775819,0.10740235056380498,0.10871377663491276,0.0005529323764854914,21,64,0.0003821849822998047,4.76837158203125e-06,10,True
311,0.10669974225775819,0.10740235056380498,0.10871377663491276,0.0005529323764854914,21,64,0.0003895759582519531,3.337860107421875e-06,10,True
312,0.10669974225775819,0.10740235056380498,0.10871377663491276,0.0005529323764854914,21,64,0.00042510032653808594,4.76837158203125e-06,10,True
313,0.10669974225775819,0.10740235056380498,0.10871377663491276,0.0005529323764854914,21,64,0.0004248619079589844,6.198883056640625e-06,10,True
314,0.10669974225775819,0.10740235056380498,0.10871377663491276,0.0005529323764854914,21,64,0.00042057037353515625,5.7220458984375e-06,10,True
315,0.10669974225775819,0.10740235056380498,0.10871377663491276,0.0005529323764854914,21,64,0.0005424022674560547,6.4373016357421875e-06,10,True
316,0.10669974225775819,0.10740235056380498,0.10871377663491276,0.0005529323764854914,21,64,0.0004215240478515625,3.814697265625e-06,10,True
317,0.10669974225775819,0.10740235056380498,0.10871377663491276,0.0005529323764854914,21,64,0.00048470497131347656,7.152557373046875e-06,10,True
318,0.10669974225775819,0.10740235056380498,0.10871377663491276,0.0005529323764854914,21,64,0.0004596710205078125,4.291534423828125e-06,10,True
319,0.10669974225775819,0.10740235056380498,0.10871377663491276,0.0005529323764854914,21,64,0.0004394054412841797,3.5762786865234375e-06,10,True
320,0.10669974225775819,0.10740235056380498,0.10871377663491276,0.0005529323764854914,21,64,0.00046324729919433594,4.291534423828125e-06,10,True
321,0.10669974225775819,0.10740235056380498,0.10871377663491276,0.0005529323764854914,21,64,0.0004711151123046875,5.0067901611328125e-06,10,True
322,0.10669974225775819,0.10740235056380498,0.10871377663491276,0.0005529323764854914,21,64,0.0005190372467041016,4.5299530029296875e-06,10,True
323,0.10669974225775819,0.10740235056380498,0.10871377663491276,0.0005529323764854914,21,64,0.0004737377166748047,4.76837158203125e-06,10,True
324,0.10669974225775819,0.10740235056380498,0.10871377663491276,0.0005529323764854914,21,64,0.0004794597625732422,5.0067901611328125e-06,10,True
325,0.10669974225775819,0.10740235056380498,0.10871377663491276,0.0005529323764854914,21,64,0.0005626678466796875,5.0067901611328125e-06,10,True
326,0.10669974225775819,0.10740235056380498,0.10871377663491276,0.0005529323764854914,21,64,0.0005047321319580078,4.5299530029296875e-06,10,True
327,0.10669974225775819,0.10740235056380498,0.10871377663491276,0.0005529323764854914,21,64,0.00045680999755859375,6.198883056640625e-06,10,True
328,0.10669974225775819,0.10740235056380498,0.10871377663491276,0.0005529323764854914,21,64,0.00043082237243652344,3.814697265625e-06,10,True
329,0.10669974225775819,0.10740235056380498,0.10871377663491276,0.0005529323764854914,21,64,0.0004937648773193359,5.9604644775390625e-06,10,True
330,0.10669974225775819,0.10740235056380498,0.10871377663491276,0.0005529323764854914,21,64,0.0005879402160644531,4.291534423828125e-06,10,True
331,0.10669974225775819,0.10740235056380498,0.10871377663491276,0.0005529323764854914,21,64,0.0004761219024658203,5.9604644775390625e-06,10,True
332,0.10669974225775819,0.10740235056380498,0.10871377663491276,0.0005529323764854914,21,64,0.0005521774291992188,4.76837158203125e-06,10,True
333,0.10669974225775819,0.10740235056380498,0.10871377663491276,0.0005529323764854914,21,64,0.0004584789276123047,4.5299530029296875e-06,10,True
334,0.10669974225775819,0.10740235056380498,0.10871377663491276,0.0005529323764854914,21,64,0.0004131793975830078,4.76837158203125e-06,10,True
335,0.10669974225775819,0.10740235056380498,0.10871377663491276,0.0005529323764854914,21,64,0.0004131793975830078,4.5299530029296875e-06,10,True
336,0.10669974225775819,0.10740235056380498,0.10871377663491276,0.0005529323764854914,21,64,0.00043463706970214844,5.9604644775390625e-06,10,True
337,0.10669974225775819,0.10740235056380498,0.10871377663491276,0.0005529323764854914,21,64,0.0004024505615234375,4.5299530029296875e-06,10,True
338,0.10669974225775819,0.10740235056380498,0.10871377663491276,0.0005529323764854914,21,64,0.0004203319549560547,5.0067901611328125e-06,10,True
339,0.10669974225775819,0.10740235056380498,0.10871377663491276,0.0005529323764854914,21,64,0.0003657341003417969,3.5762786865234375e-06,10,True
340,0.10669974225775819,0.10740235056380498,0.10871377663491276,0.0005529323764854914,21,64,0.0003809928894042969,3.5762786865234375e-06,10,True
341,0.10669974225775819,0.10740235056380498,0.10871377663491276,0.0005529323764854914,21,64,0.00037288665771484375,4.76837158203125e-06,10,True
342,0.10669974225775819,0.10740235056380498,0.10871377663491276,0.0005529323764854914,21,64,0.0003917217254638672,5.0067901611328125e-06,10,True
343,0.10669974225775819,0.10740235056380498,0.10871377663491276,0.0005529323764854914,21,64,0.0003693103790283203,5.7220458984375e-06,10,True
344,0.10669974225775819,0.10740235056380498,0.10871377663491276,0.0005529323764854914,21,64,0.00037860870361328125,5.0067901611328125e-06,10,True
345,0.10669974225775819,0.10740235056380498,0.10871377663491276,0.0005529323764854914,21,64,0.00037169456481933594,3.337860107421875e-06,10,True
346,0.10669974225775819,0.10740235056380498,0.10871377663491276,0.0005529323764854914,21,64,0.00038123130798339844,3.337860107421875e-06,10,True
347,0.10669974225775819,0.10740235056380498,0.10871377663491276,0.0005529323764854914,21,64,0.0003788471221923828,5.7220458984375e-06,10,True
348,0.10669974225775819,0.10740235056380498,0.10871377663491276,0.0005529323764854914,21,64,0.0003979206085205078,3.5762786865234375e-06,10,True
349,0.10669974225775819,0.10740235056380498,0.10871377663491276,0.0005529323764854914,21,64,0.0003726482391357422,5.0067901611328125e-06,10,True
350,0.10669974225775819,0.10740235056380498,0.10871377663491276,0.0005529323764854914,21,64,0.00038695335388183594,5.0067901611328125e-06,10,True
351,0.10669974225775819,0.10740235056380498,0.10871377663491276,0.0005529323764854914,21,64,0.0003573894500732422,3.5762786865234375e-06,10,True
352,0.10669974225775819,0.10740235056380498,0.10871377663491276,0.0005529323764854914,21,64,0.0004012584686279297,4.76837158203125e-06,10,True
353,0.10669974225775819,0.10740235056380498,0.10871377663491276,0.0005529323764854914,21,64,0.00044417381286621094,5.7220458984375e-06,10,True
354,0.10669974225775819,0.10740235056380498,0.10871377663491276,0.0005529323764854914,21,64,0.00043082237243652344,5.0067901611328125e-06,10,True
355,0.10669974225775819,0.10740235056380498,0.10871377663491276,0.0005529323764854914,21,64,0.0004582405090332031,5.0067901611328125e-06,10,True
356,0.10669974225775819,0.10740235056380498,0.10871377663491276,0.0005529323764854914,21,64,0.0004391670227050781,5.0067901611328125e-06,10,True
357,0.10669974225775819,0.10740235056380498,0.10871377663491276,0.0005529323764854914,21,64,0.00046896934509277344,5.9604644775390625e-06,10,True
358,0.10669974225775819,0.10740235056380498,0.10871377663491276,0.0005529323764854914,21,64,0.0005059242248535156,5.9604644775390625e-06,10,True
359,0.10669974225775819,0.10740235056380498,0.10871377663491276,0.0005529323764854914,21,64,0.0004551410675048828,3.0994415283203125e-06,10,True
360,0.10669974225775819,0.10740235056380498,0.10871377663491276,0.0005529323764854914,21,64,0.0004987716674804688,3.0994415283203125e-06,10,True
361,0.10669974225775819,0.10740235056380498,0.10871377663491276,0.0005529323764854914,21,64,0.0005667209625244141,5.7220458984375e-06,10,True
362,0.10669974225775819,0.10740235056380498,0.10871377663491276,0.0005529323764854914,21,64,0.0007469654083251953,1.1682510375976562e-05,10,True
363,0.10669974225775819,0.10740235056380498,0.10871377663491276,0.0005529323764854914,21,64,0.0005545616149902344,5.9604644775390625e-06,10,True
364,0.10669974225775819,0.10740235056380498,0.10871377663491276,0.0005529323764854914,21,64,0.0005166530609130859,5.9604644775390625e-06,10,True
365,0.10669974225775819,0.10740235056380498,0.10871377663491276,0.0005529323764854914,21,64,0.00042510032653808594,4.76837158203125e-06,10,True
366,0.10669974225775819,0.10740235056380498,0.10871377663491276,0.0005529323764854914,21,64,0.0003905296325683594,4.76837158203125e-06,10,True
367,0.10669974225775819,0.10740235056380498,0.10871377663491276,0.0005529323764854914,21,64,0.00041103363037109375,4.291534423828125e-06,10,True
368,0.10669974225775819,0.10740235056380498,0.10871377663491276,0.0005529323764854914,21,64,0.00040602684020996094,5.9604644775390625e-06,10,True
369,0.10669974225775819,0.10740235056380498,0.10871377663491276,0.0005529323764854914,21,64,0.0004608631134033203,5.9604644775390625e-06,10,True
370,0.10669974225775819,0.10740235056380498,0.10871377663491276,0.0005529323764854914,21,64,0.000431060791015625,4.76837158203125e-06,10,True
371,0.10669974225775819,0.10740235056380498,0.10871377663491276,0.0005529323764854914,21,64,0.0004603862762451172,5.9604644775390625e-06,10,True
372,0.10669974225775819,0.10740235056380498,0.10871377663491276,0.0005529323764854914,21,64,0.0005071163177490234,5.9604644775390625e-06,10,True
373,0.10669974225775819,0.10740235056380498,0.10871377663491276,0.0005529323764854914,21,64,0.0003979206085205078,5.7220458984375e-06,10,True
374,0.10669974225775819,0.10740235056380498,0.10871377663491276,0.0005529323764854914,21,64,0.0003917217254638672,5.0067901611328125e-06,10,True
375,0.10669974225775819,0.10740235056380498,0.10871377663491276,0.0005529323764854914,21,64,0.00039887428283691406,3.5762786865234375e-06,10,True
376,0.10669974225775819,0.10740235056380498,0.10871377663491276,0.0005529323764854914,21,64,0.0003800392150878906,4.76837158203125e-06,10,True
377,0.10669974225775819,0.10740235056380498,0.10871377663491276,0.0005529323764854914,21,64,0.0003883838653564453,4.76837158203125e-06,10,True
378,0.10669974225775819,0.10740235056380498,0.10871377663491276,0.0005529323764854914,21,64,0.0003859996795654297,3.337860107421875e-06,10,True
379,0.10669974225775819,0.10740235056380498,0.10871377663491276,0.0005529323764854914,21,64,0.00039196014404296875,4.5299530029296875e-06,10,True
380,0.10669974225775819,0.10740235056380498,0.10871377663491276,0.0005529323764854914,21,64,0.0003952980041503906,4.76837158203125e-06,10,True
381,0.10669974225775819,0.10740235056380498,0.10871377663491276,0.0005529323764854914,21,64,0.00046896934509277344,6.198883056640625e-06,10,True
382,0.10669974225775819,0.10740235056380498,0.10871377663491276,0.0005529323764854914,21,64,0.0004322528839111328,3.337860107421875e-06,10,True
383,0.10669974225775819,0.10740235056380498,0.10871377663491276,0.0005529323764854914,21,64,0.00045490264892578125,5.7220458984375e-06,10,True
384,0.10669974225775819,0.10740235056380498,0.10871377663491276,0.0005529323764854914,21,64,0.0004665851593017578,5.0067901611328125e-06,10,True
385,0.10669974225775819,0.10740235056380498,0.10871377663491276,0.0005529323764854914,21,64,0.0004513263702392578,5.7220458984375e-06,10,True
386,0.10669974225775819,0.10740235056380498,0.10871377663491276,0.0005529323764854914,21,64,0.0004715919494628906,3.337860107421875e-06,10,True
387,0.10669974225775819,0.10740235056380498,0.10871377663491276,0.0005529323764854914,21,64,0.0004680156707763672,3.337860107421875e-06,10,True
388,0.10669974225775819,0.10740235056380498,0.10871377663491276,0.0005529323764854914,21,64,0.00046753883361816406,5.0067901611328125e-06,10,True
389,0.10669974225775819,0.10740235056380498,0.10871377663491276,0.0005529323764854914,21,64,0.0005519390106201172,7.152557373046875e-06,10,True
390,0.10669974225775819,0.10740235056380498,0.10871377663491276,0.0005529323764854914,21,64,0.0006709098815917969,7.152557373046875e-06,10,True
391,0.10669974225775819,0.10740235056380498,0.10871377663491276,0.0005529323764854914,21,64,0.0005235671997070312,6.9141387939453125e-06,10,True
392,0.10669974225775819,0.10740235056380498,0.10871377663491276,0.0005529323764854914,21,64,0.0004355907440185547,4.5299530029296875e-06,10,True
393,0.10669974225775819,0.10740235056380498,0.10871377663491276,0.0005529323764854914,21,64,0.0004572868347167969,5.7220458984375e-06,10,True
394,0.10669974225775819,0.10740235056380498,0.10871377663491276,0.0005529323764854914,21,64,0.00040602684020996094,3.5762786865234375e-06,10,True
395,0.10669974225775819,0.10740235056380498,0.10871377663491276,0.0005529323764854914,21,64,0.00040602684020996094,4.5299530029296875e-06,10,True
396,0.10669974225775819,0.10740235056380498,0.10871377663491276,0.0005529323764854914,21,64,0.00037860870361328125,4.0531158447265625e-06,10,True
397,0.10669974225775819,0.10740235056380498,0.10871377663491276,0.0005529323764854914,21,64,0.0003726482391357422,5.0067901611328125e-06,10,True
398,0.10669974225775819,0.10740235056380498,0.10871377663491276,0.0005529323764854914,21,64,0.0003800392150878906,4.76837158203125e-06,10,True
399,0.10669974225775819,0.10740235056380498,0.10871377663491276,0.0005529323764854914,21,64,0.0003705024719238281,3.5762786865234375e-06,10,True
400,0.10669974225775819,0.10740235056380498,0.10871377663491276,0.0005529323764854914,21,64,0.0004239082336425781,3.5762786865234375e-06,10,True
401,0.10669974225775819,0.10740235056380498,0.10871377663491276,0.0005529323764854914,21,64,0.0004961490631103516,6.198883056640625e-06,10,True
402,0.10669974225775819,0.10740235056380498,0.10871377663491276,0.0005529323764854914,21,64,0.0004475116729736328,3.5762786865234375e-06,10,True
403,0.10669974225775819,0.10740235056380498,0.10871377663491276,0.0005529323764854914,21,64,0.0004191398620605469,5.9604644775390625e-06,10,True
404,0.10669974225775819,0.10740235056380498,0.10871377663491276,0.0005529323764854914,21,64,0.0003943443298339844,5.9604644775390625e-06,10,True
405,0.10669974225775819,0.10740235056380498,0.10871377663491276,0.0005529323764854914,21,64,0.0004603862762451172,5.9604644775390625e-06,10,True
406,0.10669974225775819,0.10740235056380498,0.10871377663491276,0.0005529323764854914,21,64,0.0004572868347167969,5.9604644775390625e-06,10,True
407,0.10669974225775819,0.10740235056380498,0.10871377663491276,0.0005529323764854914,21,64,0.0013322830200195312,4.5299530029296875e-06,10,True
408,0.10669974225775819,0.10740235056380498,0.10871377663491276,0.0005529323764854914,21,64,0.0005023479461669922,4.76837158203125e-06,10,True
409,0.10669974225775819,0.10740235056380498,0.10871377663491276,0.0005529323764854914,21,64,0.0004892349243164062,4.76837158203125e-06,10,True
410,0.10669974225775819,0.10740235056380498,0.10871377663491276,0.0005529323764854914,21,64,0.0004451274871826172,6.198883056640625e-06,10,True
411,0.10669974225775819,0.10740235056380498,0.10871377663491276,0.0005529323764854914,21,64,0.0004892349243164062,4.5299530029296875e-06,10,True
412,0.10669974225775819,0.10740235056380498,0.10871377663491276,0.0005529323764854914,21,64,0.0005769729614257812,5.7220458984375e-06,10,True
413,0.10669974225775819,0.10740235056380498,0.10871377663491276,0.0005529323764854914,21,64,0.0005128383636474609,5.9604644775390625e-06,10,True
414,0.10669974225775819,0.10740235056380498,0.10871377663491276,0.0005529323764854914,21,64,0.0004642009735107422,7.152557373046875e-06,10,True
415,0.10669974225775819,0.10740235056380498,0.10871377663491276,0.0005529323764854914,21,64,0.0004227161407470703,3.5762786865234375e-06,10,True
416,0.10669974225775819,0.10740235056380498,0.10871377663491276,0.0005529323764854914,21,64,0.0004451274871826172,5.0067901611328125e-06,10,True
417,0.10669974225775819,0.10740235056380498,0.10871377663491276,0.0005529323764854914,21,64,0.0003979206085205078,3.5762786865234375e-06,10,True
418,0.10669974225775819,0.10740235056380498,0.10871377663491276,0.0005529323764854914,21,64,0.00038695335388183594,5.0067901611328125e-06,10,True
419,0.10669974225775819,0.10740235056380498,0.10871377663491276,0.0005529323764854914,21,64,0.00038695335388183594,5.0067901611328125e-06,10,True
420,0.10669974225775819,0.10740235056380498,0.10871377663491276,0.0005529323764854914,21,64,0.00039315223693847656,3.337860107421875e-06,10,True
421,0.10669974225775819,0.10740235056380498,0.10871377663491276,0.0005529323764854914,21,64,0.00044417381286621094,4.5299530029296875e-06,10,True
422,0.10669974225775819,0.10740235056380498,0.10871377663491276,0.0005529323764854914,21,64,0.0003657341003417969,5.0067901611328125e-06,10,True
423,0.10669974225775819,0.10740235056380498,0.10871377663491276,0.0005529323764854914,21,64,0.0003991127014160156,4.5299530029296875e-06,10,True
424,0.10669974225775819,0.10740235056380498,0.10871377663491276,0.0005529323764854914,21,64,0.0004024505615234375,5.0067901611328125e-06,10,True
425,0.10669974225775819,0.10740235056380498,0.10871377663491276,0.0005529323764854914,21,64,0.0004248619079589844,4.76837158203125e-06,10,True
426,0.10669974225775819,0.10740235056380498,0.10871377663491276,0.0005529323764854914,21,64,0.0003752708435058594,4.76837158203125e-06,10,True
427,0.10669974225775819,0.10740235056380498,0.10871377663491276,0.0005529323764854914,21,64,0.00037980079650878906,4.76837158203125e-06,10,True
428,0.10669974225775819,0.10740235056380498,0.10871377663491276,0.0005529323764854914,21,64,0.00039768218994140625,5.0067901611328125e-06,10,True
429,0.10669974225775819,0.10740235056380498,0.10871377663491276,0.0005529323764854914,21,64,0.0004367828369140625,3.814697265625e-06,10,True
430,0.10669974225775819,0.10740235056380498,0.10871377663491276,0.0005529323764854914,21,64,0.00046634674072265625,4.0531158447265625e-06,10,True
431,0.10669974225775819,0.10740235056380498,0.10871377663491276,0.0005529323764854914,21,64,0.0005936622619628906,3.5762786865234375e-06,10,True
432,0.10669974225775819,0.10740235056380498,0.10871377663491276,0.0005529323764854914,21,64,0.0005011558532714844,3.337860107421875e-06,10,True
433,0.10669974225775819,0.10740235056380498,0.10871377663491276,0.0005529323764854914,21,64,0.0005342960357666016,7.152557373046875e-06,10,True
434,0.10669974225775819,0.10740235056380498,0.10871377663491276,0.0005529323764854914,21,64,0.0004999637603759766,4.5299530029296875e-06,10,True
435,0.10669974225775819,0.10740235056380498,0.10871377663491276,0.0005529323764854914,21,64,0.00047850608825683594,5.7220458984375e-06,10,True
436,0.10669974225775819,0.10740235056380498,0.10871377663491276,0.0005529323764854914,21,64,0.0004916191101074219,4.76837158203125e-06,10,True
437,0.10669974225775819,0.10740235056380498,0.10871377663491276,0.0005529323764854914,21,64,0.0005390644073486328,5.9604644775390625e-06,10,True
438,0.10669974225775819,0.10740235056380498,0.10871377663491276,0.0005529323764854914,21,64,0.000518798828125,5.0067901611328125e-06,10,True
439,0.10669974225775819,0.10740235056380498,0.10871377663491276,0.0005529323764854914,21,64,0.0004749298095703125,5.7220458984375e-06,10,True
440,0.10669974225775819,0.10740235056380498,0.10871377663491276,0.0005529323764854914,21,64,0.0005867481231689453,4.5299530029296875e-06,10,True
441,0.10669974225775819,0.10740235056380498,0.10871377663491276,0.0005529323764854914,21,64,0.00045013427734375,5.7220458984375e-06,10,True
442,0.10669974225775819,0.10740235056380498,0.10871377663491276,0.0005529323764854914,21,64,0.0004191398620605469,4.76837158203125e-06,10,True
443,0.10669974225775819,0.10740235056380498,0.10871377663491276,0.0005529323764854914,21,64,0.00041794776916503906,4.76837158203125e-06,10,True
444,0.10669974225775819,0.10740235056380498,0.10871377663491276,0.0005529323764854914,21,64,0.00041675567626953125,3.5762786865234375e-06,10,True
445,0.10669974225775819,0.10740235056380498,0.10871377663491276,0.0005529323764854914,21,64,0.0004391670227050781,5.9604644775390625e-06,10,True
446,0.10669974225775819,0.10740235056380498,0.10871377663491276,0.0005529323764854914,21,64,0.00040459632873535156,6.198883056640625e-06,10,True
447,0.10669974225775819,0.10740235056380498,0.10871377663491276,0.0005529323764854914,21,64,0.0004451274871826172,4.76837158203125e-06,10,True
448,0.10669974225775819,0.10740235056380498,0.10871377663491276,0.0005529323764854914,21,64,0.00045943260192871094,6.198883056640625e-06,10,True
449,0.10669974225775819,0.10740235056380498,0.10871377663491276,0.0005529323764854914,21,64,0.0004024505615234375,4.76837158203125e-06,10,True
450,0.10669974225775819,0.10740235056380498,0.10871377663491276,0.0005529323764854914,21,64,0.0004048347473144531,3.814697265625e-06,10,True
451,0.10669974225775819,0.10740235056380498,0.10871377663491276,0.0005529323764854914,21,64,0.0004048347473144531,4.76837158203125e-06,10,True
452,0.10669974225775819,0.10740235056380498,0.10871377663491276,0.0005529323764854914,21,64,0.0005104541778564453,3.814697265625e-06,10,True
453,0.10669974225775819,0.10740235056380498,0.10871377663491276,0.0005529323764854914,21,64,0.0006091594696044922,5.9604644775390625e-06,10,True
454,0.10669974225775819,0.10740235056380498,0.10871377663491276,0.0005529323764854914,21,64,0.0004451274871826172,4.5299530029296875e-06,10,True
455,0.10669974225775819,0.10740235056380498,0.10871377663491276,0.0005529323764854914,21,64,0.0004451274871826172,4.0531158447265625e-06,10,True
456,0.10669974225775819,0.10740235056380498,0.10871377663491276,0.0005529323764854914,21,64,0.0006327629089355469,6.9141387939453125e-06,10,True
457,0.10669974225775819,0.10740235056380498,0.10871377663491276,0.0005529323764854914,21,64,0.00048351287841796875,4.291534423828125e-06,10,True
458,0.10669974225775819,0.10740235056380498,0.10871377663491276,0.0005529323764854914,21,64,0.000522613525390625,4.5299530029296875e-06,10,True
459,0.10669974225775819,0.10740235056380498,0.10871377663491276,0.0005529323764854914,21,64,0.0005023479461669922,7.152557373046875e-06,10,True
460,0.10669974225775819,0.10740235056380498,0.10871377663491276,0.0005529323764854914,21,64,0.0004901885986328125,5.0067901611328125e-06,10,True
461,0.10669974225775819,0.10740235056380498,0.10871377663491276,0.0005529323764854914,21,64,0.0004723072052001953,3.814697265625e-06,10,True
462,0.10669974225775819,0.10740235056380498,0.10871377663491276,0.0005529323764854914,21,64,0.0007681846618652344,7.152557373046875e-06,10,True
463,0.10669974225775819,0.10740235056380498,0.10871377663491276,0.0005529323764854914,21,64,0.0004963874816894531,4.5299530029296875e-06,10,True
464,0.10669974225775819,0.10740235056380498,0.10871377663491276,0.0005529323764854914,21,64,0.00048351287841796875,5.7220458984375e-06,10,True
465,0.10669974225775819,0.10740235056380498,0.10871377663491276,0.0005529323764854914,21,64,0.00042724609375,5.0067901611328125e-06,10,True
466,0.10669974225775819,0.10740235056380498,0.10871377663491276,0.0005529323764854914,21,64,0.00043201446533203125,3.814697265625e-06,10,True
467,0.10669974225775819,0.10740235056380498,0.10871377663491276,0.0005529323764854914,21,64,0.00039768218994140625,5.0067901611328125e-06,10,True
468,0.10669974225775819,0.10740235056380498,0.10871377663491276,0.0005529323764854914,21,64,0.0004050731658935547,3.337860107421875e-06,10,True
469,0.10669974225775819,0.10740235056380498,0.10871377663491276,0.0005529323764854914,21,64,0.0003898143768310547,3.0994415283203125e-06,10,True
470,0.10669974225775819,0.10740235056380498,0.10871377663491276,0.0005529323764854914,21,64,0.0003762245178222656,5.9604644775390625e-06,10,True
471,0.10669974225775819,0.10740235056380498,0.10871377663491276,0.0005529323764854914,21,64,0.00038814544677734375,2.6226043701171875e-06,10,True
472,0.10669974225775819,0.10740235056380498,0.10871377663491276,0.0005529323764854914,21,64,0.000377655029296875,4.5299530029296875e-06,10,True
473,0.10669974225775819,0.10740235056380498,0.10871377663491276,0.0005529323764854914,21,64,0.0003979206085205078,5.9604644775390625e-06,10,True
474,0.10669974225775819,0.10740235056380498,0.10871377663491276,0.0005529323764854914,21,64,0.0003809928894042969,5.0067901611328125e-06,10,True
475,0.10669974225775819,0.10740235056380498,0.10871377663491276,0.0005529323764854914,21,64,0.0003979206085205078,5.7220458984375e-06,10,True
476,0.10669974225775819,0.10740235056380498,0.10871377663491276,0.0005529323764854914,21,64,0.00041794776916503906,5.9604644775390625e-06,10,True
477,0.10669974225775819,0.10740235056380498,0.10871377663491276,0.0005529323764854914,21,64,0.0005104541778564453,5.0067901611328125e-06,10,True
478,0.10669974225775819,0.10740235056380498,0.10871377663491276,0.0005529323764854914,21,64,0.0003871917724609375,3.337860107421875e-06,10,True
479,0.10669974225775819,0.10740235056380498,0.10871377663491276,0.0005529323764854914,21,64,0.0004451274871826172,4.76837158203125e-06,10,True
480,0.10669974225775819,0.10740235056380498,0.10871377663491276,0.0005529323764854914,21,64,0.000396728515625,4.5299530029296875e-06,10,True
481,0.10669974225775819,0.10740235056380498,0.10871377663491276,0.0005529323764854914,21,64,0.0004711151123046875,5.0067901611328125e-06,10,True
482,0.10669974225775819,0.10740235056380498,0.10871377663491276,0.0005529323764854914,21,64,0.0006337165832519531,5.245208740234375e-06,10,True
483,0.10669974225775819,0.10740235056380498,0.10871377663491276,0.0005529323764854914,21,64,0.0006139278411865234,4.5299530029296875e-06,10,True
484,0.10669974225775819,0.10740235056380498,0.10871377663491276,0.0005529323764854914,21,64,0.00045228004455566406,3.5762786865234375e-06,10,True
485,0.10669974225775819,0.10740235056380498,0.10871377663491276,0.0005529323764854914,21,64,0.0004868507385253906,4.76837158203125e-06,10,True
486,0.10669974225775819,0.10740235056380498,0.10871377663491276,0.0005529323764854914,21,64,0.0004711151123046875,5.0067901611328125e-06,10,True
487,0.10669974225775819,0.10740235056380498,0.10871377663491276,0.0005529323764854914,21,64,0.00045228004455566406,3.5762786865234375e-06,10,True
488,0.10669974225775819,0.10740235056380498,0.10871377663491276,0.0005529323764854914,21,64,0.00045490264892578125,4.76837158203125e-06,10,True
489,0.10669974225775819,0.10740235056380498,0.10871377663491276,0.0005529323764854914,21,64,0.0005698204040527344,4.76837158203125e-06,10,True
490,0.10669974225775819,0.10740235056380498,0.10871377663491276,0.0005529323764854914,21,64,0.0005257129669189453,7.62939453125e-06,10,True
491,0.10669974225775819,0.10740235056380498,0.10871377663491276,0.0005529323764854914,21,64,0.0004582405090332031,4.5299530029296875e-06,10,True
492,0.10669974225775819,0.10740235056380498,0.10871377663491276,0.0005529323764854914,21,64,0.0004191398620605469,4.5299530029296875e-06,10,True
493,0.10669974225775819,0.10740235056380498,0.10871377663491276,0.0005529323764854914,21,64,0.00040602684020996094,4.76837158203125e-06,10,True
494,0.10669974225775819,0.10740235056380498,0.10871377663491276,0.0005529323764854914,21,64,0.00039887428283691406,3.814697265625e-06,10,True
495,0.10669974225775819,0.10740235056380498,0.10871377663491276,0.0005529323764854914,21,64,0.0003857612609863281,5.9604644775390625e-06,10,True
496,0.10669974225775819,0.10740235056380498,0.10871377663491276,0.0005529323764854914,21,64,0.0004012584686279297,4.76837158203125e-06,10,True
497,0.10669974225775819,0.10740235056380498,0.10871377663491276,0.0005529323764854914,21,64,0.00037980079650878906,2.6226043701171875e-06,10,True
498,0.10669974225775819,0.10740235056380498,0.10871377663491276,0.0005529323764854914,21,64,0.0004227161407470703,4.76837158203125e-06,10,True
499,0.10669974225775819,0.10740235056380498,0.10871377663491276,0.0005529323764854914,21,64,0.00041174888610839844,4.0531158447265625e-06,10,True
500,0.10669974225775819,0.10740235056380498,0.10871377663491276,0.0005529323764854914,21,64,0.0004000663757324219,3.5762786865234375e-06,10,True
501,0.10669974225775819,0.10740235056380498,0.10871377663491276,0.0005529323764854914,21,64,0.00041222572326660156,5.7220458984375e-06,10,True
502,0.10669974225775819,0.10740235056380498,0.10871377663491276,0.0005529323764854914,21,64,0.0003845691680908203,5.0067901611328125e-06,10,True
503,0.10669974225775819,0.10740235056380498,0.10871377663491276,0.0005529323764854914,21,64,0.0004165172576904297,5.0067901611328125e-06,10,True
504,0.10669974225775819,0.10740235056380498,0.10871377663491276,0.0005529323764854914,21,64,0.0004856586456298828,4.76837158203125e-06,10,True
505,0.10669974225775819,0.10740235056380498,0.10871377663491276,0.0005529323764854914,21,64,0.0005888938903808594,6.198883056640625e-06,10,True
506,0.10669974225775819,0.10740235056380498,0.10871377663491276,0.0005529323764854914,21,64,0.0005080699920654297,5.9604644775390625e-06,10,True
507,0.10669974225775819,0.10740235056380498,0.10871377663491276,0.0005529323764854914,21,64,0.0005166530609130859,3.337860107421875e-06,10,True
508,0.10669974225775819,0.10740235056380498,0.10871377663491276,0.0005529323764854914,21,64,0.0004949569702148438,5.9604644775390625e-06,10,True
509,0.10669974225775819,0.10740235056380498,0.10871377663491276,0.0005529323764854914,21,64,0.0005342960357666016,4.76837158203125e-06,10,True
510,0.10669974225775819,0.10740235056380498,0.10871377663491276,0.0005529323764854914,21,64,0.0005009174346923828,4.76837158203125e-06,10,True
511,0.10669974225775819,0.10740235056380498,0.10871377663491276,0.0005529323764854914,21,64,0.0006968975067138672,5.7220458984375e-06,10,True
512,0.10669974225775819,0.10740235056380498,0.10871377663491276,0.0005529323764854914,21,64,0.0005888938903808594,7.152557373046875e-06,10,True
513,0.10669974225775819,0.10740235056380498,0.10871377663491276,0.0005529323764854914,21,64,0.000789642333984375,7.152557373046875e-06,10,True
514,0.10669974225775819,0.10740235056380498,0.10871377663491276,0.0005529323764854914,21,64,0.000446319580078125,4.76837158203125e-06,10,True
515,0.10669974225775819,0.10740235056380498,0.10871377663491276,0.0005529323764854914,21,64,0.0004203319549560547,5.9604644775390625e-06,10,True
516,0.10669974225775819,0.10740235056380498,0.10871377663491276,0.0005529323764854914,21,64,0.0004038810729980469,5.7220458984375e-06,10,True
517,0.10669974225775819,0.10740235056380498,0.10871377663491276,0.0005529323764854914,21,64,0.0004105567932128906,5.245208740234375e-06,10,True
518,0.10669974225775819,0.10740235056380498,0.10871377663491276,0.0005529323764854914,21,64,0.0003807544708251953,4.0531158447265625e-06,10,True
519,0.10669974225775819,0.10740235056380498,0.10871377663491276,0.0005529323764854914,21,64,0.0005605220794677734,3.337860107421875e-06,10,True
520,0.10669974225775819,0.10740235056380498,0.10871377663491276,0.0005529323764854914,21,64,0.0003750324249267578,5.245208740234375e-06,10,True
521,0.10669974225775819,0.10740235056380498,0.10871377663491276,0.0005529323764854914,21,64,0.0004062652587890625,3.337860107421875e-06,10,True
522,0.10669974225775819,0.10740235056380498,0.10871377663491276,0.0005529323764854914,21,64,0.0003859996795654297,5.9604644775390625e-06,10,True
523,0.10669974225775819,0.10740235056380498,0.10871377663491276,0.0005529323764854914,21,64,0.00040459632873535156,4.0531158447265625e-06,10,True
524,0.10669974225775819,0.10740235056380498,0.10871377663491276,0.0005529323764854914,21,64,0.00039315223693847656,4.5299530029296875e-06,10,True
525,0.10669974225775819,0.10740235056380498,0.10871377663491276,0.0005529323764854914,21,64,0.00039649009704589844,3.5762786865234375e-06,10,True
526,0.10669974225775819,0.10740235056380498,0.10871377663491276,0.0005529323764854914,21,64,0.0003800392150878906,4.76837158203125e-06,10,True
527,0.10669974225775819,0.10740235056380498,0.10871377663491276,0.0005529323764854914,21,64,0.0003597736358642578,4.76837158203125e-06,10,True
528,0.10669974225775819,0.10740235056380498,0.10871377663491276,0.0005529323764854914,21,64,0.0003681182861328125,3.5762786865234375e-06,10,True
529,0.10669974225775819,0.10740235056380498,0.10871377663491276,0.0005529323764854914,21,64,0.00037860870361328125,4.76837158203125e-06,10,True
530,0.10669974225775819,0.10740235056380498,0.10871377663491276,0.0005529323764854914,21,64,0.0004892349243164062,3.5762786865234375e-06,10,True
531,0.10669974225775819,0.10740235056380498,0.10871377663491276,0.0005529323764854914,21,64,0.00037288665771484375,4.5299530029296875e-06,10,True
532,0.10669974225775819,0.10740235056380498,0.10871377663491276,0.0005529323764854914,21,64,0.00045943260192871094,3.814697265625e-06,10,True
533,0.10669974225775819,0.10740235056380498,0.10871377663491276,0.0005529323764854914,21,64,0.0004248619079589844,6.198883056640625e-06,10,True
534,0.10669974225775819,0.10740235056380498,0.10871377663491276,0.0005529323764854914,21,64,0.000431060791015625,4.76837158203125e-06,10,True
535,0.10669974225775819,0.10740235056380498,0.10871377663491276,0.0005529323764854914,21,64,0.0004570484161376953,4.76837158203125e-06,10,True
536,0.10669974225775819,0.10740235056380498,0.10871377663491276,0.0005529323764854914,21,64,0.0006029605865478516,4.76837158203125e-06,10,True
537,0.10669974225775819,0.10740235056380498,0.10871377663491276,0.0005529323764854914,21,64,0.00047016143798828125,4.76837158203125e-06,10,True
538,0.10669974225775819,0.10740235056380498,0.10871377663491276,0.0005529323764854914,21,64,0.0004630088806152344,5.0067901611328125e-06,10,True
539,0.10669974225775819,0.10740235056380498,0.10871377663491276,0.0005529323764854914,21,64,0.0004711151123046875,5.0067901611328125e-06,10,True
540,0.10669974225775819,0.10740235056380498,0.10871377663491276,0.0005529323764854914,21,64,0.00047850608825683594,5.9604644775390625e-06,10,True
541,0.10669974225775819,0.10740235056380498,0.10871377663491276,0.0005529323764854914,21,64,0.0006268024444580078,5.9604644775390625e-06,10,True
542,0.10669974225775819,0.10740235056380498,0.10871377663491276,0.0005529323764854914,21,64,0.0005176067352294922,5.9604644775390625e-06,10,True
543,0.10669974225775819,0.10740235056380498,0.10871377663491276,0.0005529323764854914,21,64,0.0005059242248535156,4.5299530029296875e-06,10,True
544,0.10669974225775819,0.10740235056380498,0.10871377663491276,0.0005529323764854914,21,64,0.00042629241943359375,5.7220458984375e-06,10,True
545,0.10669974225775819,0.10740235056380498,0.10871377663491276,0.0005529323764854914,21,64,0.0004048347473144531,4.76837158203125e-06,10,True
546,0.10669974225775819,0.10740235056380498,0.10871377663491276,0.0005529323764854914,21,64,0.0004143714904785156,2.384185791015625e-06,10,True
547,0.10669974225775819,0.10740235056380498,0.10871377663491276,0.0005529323764854914,21,64,0.0003669261932373047,4.76837158203125e-06,10,True
548,0.10669974225775819,0.10740235056380498,0.10871377663491276,0.0005529323764854914,21,64,0.00038242340087890625,4.5299530029296875e-06,10,True
549,0.10669974225775819,0.10740235056380498,0.10871377663491276,0.0005529323764854914,21,64,0.0003654956817626953,6.198883056640625e-06,10,True
550,0.10669974225775819,0.10740235056380498,0.10871377663491276,0.0005529323764854914,21,64,0.0005459785461425781,5.0067901611328125e-06,10,True
551,0.10669974225775819,0.10740235056380498,0.10871377663491276,0.0005529323764854914,21,64,0.00037288665771484375,5.7220458984375e-06,10,True
552,0.10669974225775819,0.10740235056380498,0.10871377663491276,0.0005529323764854914,21,64,0.0003707408905029297,1.9073486328125e-06,10,True
553,0.10669974225775819,0.10740235056380498,0.10871377663491276,0.0005529323764854914,21,64,0.0003666877746582031,5.0067901611328125e-06,10,True
554,0.10669974225775819,0.10740235056380498,0.10871377663491276,0.0005529323764854914,21,64,0.0004024505615234375,5.0067901611328125e-06,10,True
555,0.10669974225775819,0.10740235056380498,0.10871377663491276,0.0005529323764854914,21,64,0.0004086494445800781,3.337860107421875e-06,10,True
556,0.10669974225775819,0.10740235056380498,0.10871377663491276,0.0005529323764854914,21,64,0.00038933753967285156,3.814697265625e-06,10,True
557,0.10669974225775819,0.10740235056380498,0.10871377663491276,0.0005529323764854914,21,64,0.0005555152893066406,2.6226043701171875e-06,10,True
558,0.10669974225775819,0.10740235056380498,0.10871377663491276,0.0005529323764854914,21,64,0.00040602684020996094,4.5299530029296875e-06,10,True
559,0.10669974225775819,0.10740235056380498,0.10871377663491276,0.0005529323764854914,21,64,0.00047850608825683594,4.76837158203125e-06,10,True
560,0.10669974225775819,0.10740235056380498,0.10871377663491276,0.0005529323764854914,21,64,0.00044155120849609375,4.5299530029296875e-06,10,True
561,0.10669974225775819,0.10740235056380498,0.10871377663491276,0.0005529323764854914,21,64,0.00047135353088378906,4.76837158203125e-06,10,True
562,0.10669974225775819,0.10740235056380498,0.10871377663491276,0.0005529323764854914,21,64,0.0004749298095703125,3.814697265625e-06,10,True
563,0.10669974225775819,0.10740235056380498,0.10871377663491276,0.0005529323764854914,21,64,0.00045108795166015625,4.76837158203125e-06,10,True
564,0.10669974225775819,0.10740235056380498,0.10871377663491276,0.0005529323764854914,21,64,0.0004949569702148438,5.0067901611328125e-06,10,True
565,0.10669974225775819,0.10740235056380498,0.10871377663491276,0.0005529323764854914,21,64,0.0005910396575927734,6.198883056640625e-06,10,True
566,0.10669974225775819,0.10740235056380498,0.10871377663491276,0.0005529323764854914,21,64,0.0004620552062988281,4.76837158203125e-06,10,True
567,0.10669974225775819,0.10740235056380498,0.10871377663491276,0.0005529323764854914,21,64,0.0004725456237792969,5.0067901611328125e-06,10,True
568,0.10669974225775819,0.10740235056380498,0.10871377663491276,0.0005529323764854914,21,64,0.0005104541778564453,5.0067901611328125e-06,10,True
569,0.10669974225775819,0.10740235056380498,0.10871377663491276,0.0005529323764854914,21,64,0.0004820823669433594,4.5299530029296875e-06,10,True
570,0.10669974225775819,0.10740235056380498,0.10871377663491276,0.0005529323764854914,21,64,0.0004096031188964844,4.5299530029296875e-06,10,True
571,0.10669974225775819,0.10740235056380498,0.10871377663491276,0.0005529323764854914,21,64,0.00046539306640625,4.5299530029296875e-06,10,True
572,0.10669974225775819,0.10740235056380498,0.10871377663491276,0.0005529323764854914,21,64,0.00039076805114746094,4.291534423828125e-06,10,True
573,0.10669974225775819,0.10740235056380498,0.10871377663491276,0.0005529323764854914,21,64,0.0003952980041503906,4.76837158203125e-06,10,True
574,0.10669974225775819,0.10740235056380498,0.10871377663491276,0.0005529323764854914,21,64,0.00039649009704589844,5.0067901611328125e-06,10,True
575,0.10669974225775819,0.10740235056380498,0.10871377663491276,0.0005529323764854914,21,64,0.0003859996795654297,4.5299530029296875e-06,10,True
576,0.10669974225775819,0.10740235056380498,0.10871377663491276,0.0005529323764854914,21,64,0.0003941059112548828,3.814697265625e-06,10,True
577,0.10669974225775819,0.10740235056380498,0.10871377663491276,0.0005529323764854914,21,64,0.0004086494445800781,1.9073486328125e-06,10,True
578,0.10669974225775819,0.10740235056380498,0.10871377663491276,0.0005529323764854914,21,64,0.00043463706970214844,4.5299530029296875e-06,10,True
579,0.10669974225775819,0.10740235056380498,0.10871377663491276,0.0005529323764854914,21,64,0.0004096031188964844,3.5762786865234375e-06,10,True
580,0.10669974225775819,0.10740235056380498,0.10871377663491276,0.0005529323764854914,21,64,0.00039768218994140625,4.76837158203125e-06,10,True
581,0.10669974225775819,0.10740235056380498,0.10871377663491276,0.0005529323764854914,21,64,0.0003883838653564453,3.5762786865234375e-06,10,True
582,0.10669974225775819,0.10740235056380498,0.10871377663491276,0.0005529323764854914,21,64,0.0004050731658935547,4.5299530029296875e-06,10,True
583,0.10669974225775819,0.10740235056380498,0.10871377663491276,0.0005529323764854914,21,64,0.00036787986755371094,5.9604644775390625e-06,10,True
584,0.10669974225775819,0.10740235056380498,0.10871377663491276,0.0005529323764854914,21,64,0.000392913818359375,3.814697265625e-06,10,True
585,0.10669974225775819,0.10740235056380498,0.10871377663491276,0.0005529323764854914,21,64,0.00040268898010253906,4.76837158203125e-06,10,True
586,0.10669974225775819,0.10740235056380498,0.10871377663491276,0.0005529323764854914,21,64,0.00040149688720703125,3.0994415283203125e-06,10,True
587,0.10669974225775819,0.10740235056380498,0.10871377663491276,0.0005529323764854914,21,64,0.0003883838653564453,4.5299530029296875e-06,10,True
588,0.10669974225775819,0.10740235056380498,0.10871377663491276,0.0005529323764854914,21,64,0.00037670135498046875,3.0994415283203125e-06,10,True
589,0.10669974225775819,0.10740235056380498,0.10871377663491276,0.0005529323764854914,21,64,0.0003941059112548828,5.0067901611328125e-06,10,True
590,0.10669974225775819,0.10740235056380498,0.10871377663491276,0.0005529323764854914,21,64,0.00037980079650878906,4.76837158203125e-06,10,True
591,0.10669974225775819,0.10740235056380498,0.10871377663491276,0.0005529323764854914,21,64,0.0004878044128417969,3.814697265625e-06,10,True
592,0.10669974225775819,0.10740235056380498,0.10871377663491276,0.0005529323764854914,21,64,0.0005023479461669922,5.7220458984375e-06,10,True
593,0.10669974225775819,0.10740235056380498,0.10871377663491276,0.0005529323764854914,21,64,0.00048661231994628906,3.814697265625e-06,10,True
594,0.10669974225775819,0.10740235056380498,0.10871377663491276,0.0005529323764854914,21,64,0.0004382133483886719,4.76837158203125e-06,10,True
595,0.10669974225775819,0.10740235056380498,0.10871377663491276,0.0005529323764854914,21,64,0.00044989585876464844,4.76837158203125e-06,10,True
596,0.10669974225775819,0.10740235056380498,0.10871377663491276,0.0005529323764854914,21,64,0.0004603862762451172,5.0067901611328125e-06,10,True
597,0.10669974225775819,0.10740235056380498,0.10871377663491276,0.0005529323764854914,21,64,0.0004608631134033203,3.0994415283203125e-06,10,True
598,0.10669974225775819,0.10740235056380498,0.10871377663491276,0.0005529323764854914,21,64,0.0004367828369140625,5.245208740234375e-06,10,True
599,0.10669974225775819,0.10740235056380498,0.10871377663491276,0.0005529323764854914,21,64,0.0004417896270751953,4.5299530029296875e-06,10,True
600,0.10669974225775819,0.10740235056380498,0.10871377663491276,0.0005529323764854914,21,64,0.0006172657012939453,5.9604644775390625e-06,10,True
601,0.10669974225775819,0.10740235056380498,0.10871377663491276,0.0005529323764854914,21,64,0.0005333423614501953,4.5299530029296875e-06,10,True
602,0.10669974225775819,0.10740235056380498,0.10871377663491276,0.0005529323764854914,21,64,0.0005545616149902344,6.9141387939453125e-06,10,True
603,0.10669974225775819,0.10740235056380498,0.10871377663491276,0.0005529323764854914,21,64,0.000553131103515625,6.198883056640625e-06,10,True
604,0.10669974225775819,0.10740235056380498,0.10871377663491276,0.0005529323764854914,21,64,0.0004286766052246094,5.7220458984375e-06,10,True
605,0.10669974225775819,0.10740235056380498,0.10871377663491276,0.0005529323764854914,21,64,0.00042176246643066406,4.291534423828125e-06,10,True
606,0.10669974225775819,0.10740235056380498,0.10871377663491276,0.0005529323764854914,21,64,0.000499725341796875,5.9604644775390625e-06,10,True
607,0.10669974225775819,0.10740235056380498,0.10871377663491276,0.0005529323764854914,21,64,0.00041675567626953125,5.0067901611328125e-06,10,True
608,0.10669974225775819,0.10740235056380498,0.10871377663491276,0.0005529323764854914,21,64,0.0003871917724609375,3.337860107421875e-06,10,True
609,0.10669974225775819,0.10740235056380498,0.10871377663491276,0.0005529323764854914,21,64,0.00037407875061035156,4.5299530029296875e-06,10,True
610,0.10669974225775819,0.10740235056380498,0.10871377663491276,0.0005529323764854914,21,64,0.00037980079650878906,5.0067901611328125e-06,10,True
611,0.10669974225775819,0.10740235056380498,0.10871377663491276,0.0005529323764854914,21,64,0.00038361549377441406,4.76837158203125e-06,10,True
612,0.10669974225775819,0.10740235056380498,0.10871377663491276,0.0005529323764854914,21,64,0.0004107952117919922,4.76837158203125e-06,10,True
613,0.10669974225775819,0.10740235056380498,0.10871377663491276,0.0005529323764854914,21,64,0.0004343986511230469,6.198883056640625e-06,10,True
614,0.10669974225775819,0.10740235056380498,0.10871377663491276,0.0005529323764854914,21,64,0.00038933753967285156,4.76837158203125e-06,10,True
615,0.10669974225775819,0.10740235056380498,0.10871377663491276,0.0005529323764854914,21,64,0.00037980079650878906,5.0067901611328125e-06,10,True
616,0.10669974225775819,0.10740235056380498,0.10871377663491276,0.0005529323764854914,21,64,0.00036334991455078125,3.5762786865234375e-06,10,True
617,0.10669974225775819,0.10740235056380498,0.10871377663491276,0.0005529323764854914,21,64,0.0004603862762451172,5.0067901611328125e-06,10,True
618,0.10669974225775819,0.10740235056380498,0.10871377663491276,0.0005529323764854914,21,64,0.000362396240234375,4.76837158203125e-06,10,True
619,0.10669974225775819,0.10740235056380498,0.10871377663491276,0.0005529323764854914,21,64,0.000377655029296875,4.76837158203125e-06,10,True
620,0.10669974225775819,0.10740235056380498,0.10871377663491276,0.0005529323764854914,21,64,0.0003941059112548828,5.9604644775390625e-06,10,True
621,0.10669974225775819,0.10740235056380498,0.10871377663491276,0.0005529323764854914,21,64,0.00037169456481933594,4.76837158203125e-06,10,True
622,0.10669974225775819,0.10740235056380498,0.10871377663491276,0.0005529323764854914,21,64,0.0003609657287597656,4.5299530029296875e-06,10,True
623,0.10669974225775819,0.10740235056380498,0.10871377663491276,0.0005529323764854914,21,64,0.0003695487976074219,1.9073486328125e-06,10,True
624,0.10669974225775819,0.10740235056380498,0.10871377663491276,0.0005529323764854914,21,64,0.0004096031188964844,3.5762786865234375e-06,10,True
625,0.10669974225775819,0.10740235056380498,0.10871377663491276,0.0005529323764854914,21,64,0.0005047321319580078,4.291534423828125e-06,10,True
626,0.10669974225775819,0.10740235056380498,0.10871377663491276,0.0005529323764854914,21,64,0.00037288665771484375,4.76837158203125e-06,10,True
627,0.10669974225775819,0.10740235056380498,0.10871377663491276,0.0005529323764854914,21,64,0.0003573894500732422,4.76837158203125e-06,10,True
628,0.10669974225775819,0.10740235056380498,0.10871377663491276,0.0005529323764854914,21,64,0.0003752708435058594,4.5299530029296875e-06,10,True
629,0.10669974225775819,0.10740235056380498,0.10871377663491276,0.0005529323764854914,21,64,0.0003705024719238281,4.5299530029296875e-06,10,True
630,0.10669974225775819,0.10740235056380498,0.10871377663491276,0.0005529323764854914,21,64,0.00036787986755371094,3.814697265625e-06,10,True
631,0.10669974225775819,0.10740235056380498,0.10871377663491276,0.0005529323764854914,21,64,0.0003943443298339844,4.5299530029296875e-06,10,True
632,0.10669974225775819,0.10740235056380498,0.10871377663491276,0.0005529323764854914,21,64,0.0006458759307861328,4.76837158203125e-06,10,True
633,0.10669974225775819,0.10740235056380498,0.10871377663491276,0.0005529323764854914,21,64,0.00043201446533203125,5.0067901611328125e-06,10,True
634,0.10669974225775819,0.10740235056380498,0.10871377663491276,0.0005529323764854914,21,64,0.0004334449768066406,3.337860107421875e-06,10,True
635,0.10669974225775819,0.10740235056380498,0.10871377663491276,0.0005529323764854914,21,64,0.00042724609375,4.76837158203125e-06,10,True
636,0.10669974225775819,0.10740235056380498,0.10871377663491276,0.0005529323764854914,21,64,0.00043702125549316406,3.337860107421875e-06,10,True
637,0.10669974225775819,0.10740235056380498,0.10871377663491276,0.0005529323764854914,21,64,0.0006504058837890625,3.5762786865234375e-06,10,True
638,0.10669974225775819,0.10740235056380498,0.10871377663491276,0.0005529323764854914,21,64,0.0005271434783935547,5.9604644775390625e-06,10,True
639,0.10669974225775819,0.10740235056380498,0.10871377663491276,0.0005529323764854914,21,64,0.0005083084106445312,3.337860107421875e-06,10,True
640,0.10669974225775819,0.10740235056380498,0.10871377663491276,0.0005529323764854914,21,64,0.0005307197570800781,6.198883056640625e-06,10,True
641,0.10669974225775819,0.10740235056380498,0.10871377663491276,0.0005529323764854914,21,64,0.0005238056182861328,5.7220458984375e-06,10,True
642,0.10669974225775819,0.10740235056380498,0.10871377663491276,0.0005529323764854914,21,64,0.0006911754608154297,5.9604644775390625e-06,10,True
643,0.10669974225775819,0.10740235056380498,0.10871377663491276,0.0005529323764854914,21,64,0.00043320655822753906,5.0067901611328125e-06,10,True
644,0.10669974225775819,0.10740235056380498,0.10871377663491276,0.0005529323764854914,21,64,0.00046539306640625,5.9604644775390625e-06,10,True
645,0.10669974225775819,0.10740235056380498,0.10871377663491276,0.0005529323764854914,21,64,0.00043582916259765625,4.76837158203125e-06,10,True
646,0.10669974225775819,0.10740235056380498,0.10871377663491276,0.0005529323764854914,21,64,0.0003800392150878906,5.7220458984375e-06,10,True
647,0.10669974225775819,0.10740235056380498,0.10871377663491276,0.0005529323764854914,21,64,0.00039315223693847656,3.337860107421875e-06,10,True
648,0.10669974225775819,0.10740235056380498,0.10871377663491276,0.0005529323764854914,21,64,0.00038361549377441406,4.291534423828125e-06,10,True
649,0.10669974225775819,0.10740235056380498,0.10871377663491276,0.0005529323764854914,21,64,0.00039649009704589844,2.384185791015625e-06,10,True
650,0.10669974225775819,0.10740235056380498,0.10871377663491276,0.0005529323764854914,21,64,0.0003790855407714844,3.337860107421875e-06,10,True
651,0.10669974225775819,0.10740235056380498,0.10871377663491276,0.0005529323764854914,21,64,0.0004131793975830078,4.5299530029296875e-06,10,True
652,0.10669974225775819,0.10740235056380498,0.10871377663491276,0.0005529323764854914,21,64,0.0004048347473144531,3.814697265625e-06,10,True
653,0.10669974225775819,0.10740235056380498,0.10871377663491276,0.0005529323764854914,21,64,0.000431060791015625,4.76837158203125e-06,10,True
654,0.10669974225775819,0.10740235056380498,0.10871377663491276,0.0005529323764854914,21,64,0.00041222572326660156,4.5299530029296875e-06,10,True
655,0.10669974225775819,0.10740235056380498,0.10871377663491276,0.0005529323764854914,21,64,0.0004892349243164062,5.078315734863281e-05,10,True
656,0.10669974225775819,0.10740235056380498,0.10871377663491276,0.0005529323764854914,21,64,0.0004286766052246094,4.5299530029296875e-06,10,True
657,0.10669974225775819,0.10740235056380498,0.10871377663491276,0.0005529323764854914,21,64,0.0004277229309082031,4.291534423828125e-06,10,True
658,0.10669974225775819,0.10740235056380498,0.10871377663491276,0.0005529323764854914,21,64,0.0004596710205078125,4.76837158203125e-06,10,True
659,0.10669974225775819,0.10740235056380498,0.10871377663491276,0.0005529323764854914,21,64,0.00042629241943359375,3.5762786865234375e-06,10,True
660,0.10669974225775819,0.10740235056380498,0.10871377663491276,0.0005529323764854914,21,64,0.00046443939208984375,5.7220458984375e-06,10,True
661,0.10669974225775819,0.10740235056380498,0.10871377663491276,0.0005529323764854914,21,64,0.00047969818115234375,4.76837158203125e-06,10,True
662,0.10669974225775819,0.10740235056380498,0.10871377663491276,0.0005529323764854914,21,64,0.0004630088806152344,4.76837158203125e-06,10,True
663,0.10669974225775819,0.10740235056380498,0.10871377663491276,0.0005529323764854914,21,64,0.00047135353088378906,4.5299530029296875e-06,10,True
664,0.10669974225775819,0.10740235056380498,0.10871377663491276,0.0005529323764854914,21,64,0.0004582405090332031,3.5762786865234375e-06,10,True
665,0.10669974225775819,0.10740235056380498,0.10871377663491276,0.0005529323764854914,21,64,0.00044989585876464844,6.198883056640625e-06,10,True
666,0.10669974225775819,0.10740235056380498,0.10871377663491276,0.0005529323764854914,21,64,0.0005342960357666016,3.5762786865234375e-06,10,True
667,0.10669974225775819,0.10740235056380498,0.10871377663491276,0.0005529323764854914,21,64,0.0005259513854980469,3.337860107421875e-06,10,True
668,0.10669974225775819,0.10740235056380498,0.10871377663491276,0.0005529323764854914,21,64,0.0005497932434082031,7.152557373046875e-06,10,True
669,0.10669974225775819,0.10740235056380498,0.10871377663491276,0.0005529323764854914,21,64,0.00047135353088378906,7.152557373046875e-06,10,True
670,0.10669974225775819,0.10740235056380498,0.10871377663491276,0.0005529323764854914,21,64,0.00048804283142089844,5.7220458984375e-06,10,True
671,0.10669974225775819,0.10740235056380498,0.10871377663491276,0.0005529323764854914,21,64,0.0004165172576904297,3.814697265625e-06,10,True
672,0.10669974225775819,0.10740235056380498,0.10871377663491276,0.0005529323764854914,21,64,0.0004248619079589844,6.198883056640625e-06,10,True
673,0.10669974225775819,0.10740235056380498,0.10871377663491276,0.0005529323764854914,21,64,0.0003941059112548828,5.9604644775390625e-06,10,True
674,0.10669974225775819,0.10740235056380498,0.10871377663491276,0.0005529323764854914,21,64,0.0003871917724609375,3.337860107421875e-06,10,True
675,0.10669974225775819,0.10740235056380498,0.10871377663491276,0.0005529323764854914,21,64,0.0005340576171875,4.76837158203125e-06,10,True
676,0.10669974225775819,0.10740235056380498,0.10871377663491276,0.0005529323764854914,21,64,0.0004050731658935547,4.5299530029296875e-06,10,True
677,0.10669974225775819,0.10740235056380498,0.10871377663491276,0.0005529323764854914,21,64,0.0004012584686279297,5.0067901611328125e-06,10,True
678,0.10669974225775819,0.10740235056380498,0.10871377663491276,0.0005529323764854914,21,64,0.0003955364227294922,1.9073486328125e-06,10,True
679,0.10669974225775819,0.10740235056380498,0.10871377663491276,0.0005529323764854914,21,64,0.0005199909210205078,4.76837158203125e-06,10,True
680,0.10669974225775819,0.10740235056380498,0.10871377663491276,0.0005529323764854914,21,64,0.00043082237243652344,6.198883056640625e-06,10,True
681,0.10669974225775819,0.10740235056380498,0.10871377663491276,0.0005529323764854914,21,64,0.00039196014404296875,4.76837158203125e-06,10,True
682,0.10669974225775819,0.10740235056380498,0.10871377663491276,0.0005529323764854914,21,64,0.00039649009704589844,5.0067901611328125e-06,10,True
683,0.10669974225775819,0.10740235056380498,0.10871377663491276,0.0005529323764854914,21,64,0.00038933753967285156,4.5299530029296875e-06,10,True
684,0.10669974225775819,0.10740235056380498,0.10871377663491276,0.0005529323764854914,21,64,0.0005297660827636719,2.1457672119140625e-06,10,True
685,0.10669974225775819,0.10740235056380498,0.10871377663491276,0.0005529323764854914,21,64,0.0003695487976074219,3.0994415283203125e-06,10,True
686,0.10669974225775819,0.10740235056380498,0.10871377663491276,0.0005529323764854914,21,64,0.0004949569702148438,5.0067901611328125e-06,10,True
687,0.10669974225775819,0.10740235056380498,0.10871377663491276,0.0005529323764854914,21,64,0.0004487037658691406,4.76837158203125e-06,10,True
688,0.10669974225775819,0.10740235056380498,0.10871377663491276,0.0005529323764854914,21,64,0.0004177093505859375,5.0067901611328125e-06,10,True
689,0.10669974225775819,0.10740235056380498,0.10871377663491276,0.0005529323764854914,21,64,0.00046324729919433594,4.5299530029296875e-06,10,True
690,0.10669974225775819,0.10740235056380498,0.10871377663491276,0.0005529323764854914,21,64,0.0004582405090332031,5.7220458984375e-06,10,True
691,0.10669974225775819,0.10740235056380498,0.10871377663491276,0.0005529323764854914,21,64,0.00044536590576171875,5.9604644775390625e-06,10,True
692,0.10669974225775819,0.10740235056380498,0.10871377663491276,0.0005529323764854914,21,64,0.00045228004455566406,5.9604644775390625e-06,10,True
693,0.10669974225775819,0.10740235056380498,0.10871377663491276,0.0005529323764854914,21,64,0.00044417381286621094,4.76837158203125e-06,10,True
694,0.10669974225775819,0.10740235056380498,0.10871377663491276,0.0005529323764854914,21,64,0.0004496574401855469,6.198883056640625e-06,10,True
695,0.10669974225775819,0.10740235056380498,0.10871377663491276,0.0005529323764854914,21,64,0.0006017684936523438,5.0067901611328125e-06,10,True
696,0.10669974225775819,0.10740235056380498,0.10871377663491276,0.0005529323764854914,21,64,0.0004665851593017578,4.76837158203125e-06,10,True
697,0.10669974225775819,0.10740235056380498,0.10871377663491276,0.0005529323764854914,21,64,0.0004298686981201172,4.76837158203125e-06,10,True
698,0.10669974225775819,0.10740235056380498,0.10871377663491276,0.0005529323764854914,21,64,0.0003952980041503906,4.76837158203125e-06,10,True
699,0.10669974225775819,0.10740235056380498,0.10871377663491276,0.0005529323764854914,21,64,0.0003857612609863281,4.76837158203125e-06,10,True
700,0.10669974225775819,0.10740235056380498,0.10871377663491276,0.0005529323764854914,21,64,0.0003809928894042969,3.814697265625e-06,10,True
701,0.10669974225775819,0.10740235056380498,0.10871377663491276,0.0005529323764854914,21,64,0.00038123130798339844,4.5299530029296875e-06,10,True
702,0.10669974225775819,0.10740235056380498,0.10871377663491276,0.0005529323764854914,21,64,0.00039076805114746094,4.291534423828125e-06,10,True
703,0.10669974225775819,0.10740235056380498,0.10871377663491276,0.0005529323764854914,21,64,0.0005259513854980469,5.9604644775390625e-06,10,True
704,0.10669974225775819,0.10740235056380498,0.10871377663491276,0.0005529323764854914,21,64,0.0004227161407470703,4.5299530029296875e-06,10,True
705,0.10669974225775819,0.10740235056380498,0.10871377663491276,0.0005529323764854914,21,64,0.0004248619079589844,3.814697265625e-06,10,True
706,0.10669974225775819,0.10740235056380498,0.10871377663491276,0.0005529323764854914,21,64,0.0004036426544189453,5.9604644775390625e-06,10,True
707,0.10669974225775819,0.10740235056380498,0.10871377663491276,0.0005529323764854914,21,64,0.0005757808685302734,5.0067901611328125e-06,10,True
708,0.10669974225775819,0.10740235056380498,0.10871377663491276,0.0005529323764854914,21,64,0.00039649009704589844,3.814697265625e-06,10,True
709,0.10669974225775819,0.10740235056380498,0.10871377663491276,0.0005529323764854914,21,64,0.00043702125549316406,3.5762786865234375e-06,10,True
710,0.10669974225775819,0.10740235056380498,0.10871377663491276,0.0005529323764854914,21,64,0.00039768218994140625,5.7220458984375e-06,10,True
711,0.10669974225775819,0.10740235056380498,0.10871377663491276,0.0005529323764854914,21,64,0.0003955364227294922,4.76837158203125e-06,10,True
712,0.10669974225775819,0.10740235056380498,0.10871377663491276,0.0005529323764854914,21,64,0.0004878044128417969,4.76837158203125e-06,10,True
713,0.10669974225775819,0.10740235056380498,0.10871377663491276,0.0005529323764854914,21,64,0.00044035911560058594,4.76837158203125e-06,10,True
714,0.10669974225775819,0.10740235056380498,0.10871377663491276,0.0005529323764854914,21,64,0.0004892349243164062,5.0067901611328125e-06,10,True
715,0.10669974225775819,0.10740235056380498,0.10871377663491276,0.0005529323764854914,21,64,0.0004856586456298828,4.76837158203125e-06,10,True
716,0.10669974225775819,0.10740235056380498,0.10871377663491276,0.0005529323764854914,21,64,0.0004949569702148438,5.9604644775390625e-06,10,True
717,0.10669974225775819,0.10740235056380498,0.10871377663491276,0.0005529323764854914,21,64,0.000514984130859375,5.245208740234375e-06,10,True
718,0.10669974225775819,0.10740235056380498,0.10871377663491276,0.0005529323764854914,21,64,0.0007398128509521484,4.5299530029296875e-06,10,True
719,0.10669974225775819,0.10740235056380498,0.10871377663491276,0.0005529323764854914,21,64,0.0005068778991699219,5.9604644775390625e-06,10,True
720,0.10669974225775819,0.10740235056380498,0.10871377663491276,0.0005529323764854914,21,64,0.0005366802215576172,8.344650268554688e-06,10,True
721,0.10669974225775819,0.10740235056380498,0.10871377663491276,0.0005529323764854914,21,64,0.0005886554718017578,7.152557373046875e-06,10,True
722,0.10669974225775819,0.10740235056380498,0.10871377663491276,0.0005529323764854914,21,64,0.0005886554718017578,8.58306884765625e-06,10,True
723,0.10669974225775819,0.10740235056380498,0.10871377663491276,0.0005529323764854914,21,64,0.0004749298095703125,7.152557373046875e-06,10,True
724,0.10669974225775819,0.10740235056380498,0.10871377663491276,0.0005529323764854914,21,64,0.00045228004455566406,4.76837158203125e-06,10,True
725,0.10669974225775819,0.10740235056380498,0.10871377663491276,0.0005529323764854914,21,64,0.00045108795166015625,7.152557373046875e-06,10,True
726,0.10669974225775819,0.10740235056380498,0.10871377663491276,0.0005529323764854914,21,64,0.0004334449768066406,4.5299530029296875e-06,10,True
727,0.10669974225775819,0.10740235056380498,0.10871377663491276,0.0005529323764854914,21,64,0.00043201446533203125,5.9604644775390625e-06,10,True
728,0.10669974225775819,0.10740235056380498,0.10871377663491276,0.0005529323764854914,21,64,0.0008881092071533203,8.344650268554688e-06,10,True
729,0.10669974225775819,0.10740235056380498,0.10871377663491276,0.0005529323764854914,21,64,0.0006067752838134766,6.9141387939453125e-06,10,True
730,0.10669974225775819,0.10740235056380498,0.10871377663491276,0.0005529323764854914,21,64,0.00044035911560058594,5.0067901611328125e-06,10,True
731,0.10669974225775819,0.10740235056380498,0.10871377663491276,0.0005529323764854914,21,64,0.00038933753967285156,3.814697265625e-06,10,True
732,0.10669974225775819,0.10740235056380498,0.10871377663491276,0.0005529323764854914,21,64,0.0005176067352294922,5.0067901611328125e-06,10,True
733,0.10669974225775819,0.10740235056380498,0.10871377663491276,0.0005529323764854914,21,64,0.0005095005035400391,5.4836273193359375e-06,10,True
734,0.10669974225775819,0.10740235056380498,0.10871377663491276,0.0005529323764854914,21,64,0.00046062469482421875,3.5762786865234375e-06,10,True
735,0.10669974225775819,0.10740235056380498,0.10871377663491276,0.0005529323764854914,21,64,0.0004856586456298828,4.5299530029296875e-06,10,True
736,0.10669974225775819,0.10740235056380498,0.10871377663491276,0.0005529323764854914,21,64,0.0004916191101074219,1.7642974853515625e-05,10,True
737,0.10669974225775819,0.10740235056380498,0.10871377663491276,0.0005529323764854914,21,64,0.0004985332489013672,4.76837158203125e-06,10,True
738,0.10669974225775819,0.10740235056380498,0.10871377663491276,0.0005529323764854914,21,64,0.0005033016204833984,4.76837158203125e-06,10,True
739,0.10669974225775819,0.10740235056380498,0.10871377663491276,0.0005529323764854914,21,64,0.0004963874816894531,6.9141387939453125e-06,10,True
740,0.10669974225775819,0.10740235056380498,0.10871377663491276,0.0005529323764854914,21,64,0.0005364418029785156,5.9604644775390625e-06,10,True
741,0.10669974225775819,0.10740235056380498,0.10871377663491276,0.0005529323764854914,21,64,0.0005438327789306641,4.76837158203125e-06,10,True
742,0.10669974225775819,0.10740235056380498,0.10871377663491276,0.0005529323764854914,21,64,0.000606536865234375,5.9604644775390625e-06,10,True
743,0.10669974225775819,0.10740235056380498,0.10871377663491276,0.0005529323764854914,21,64,0.0008144378662109375,7.152557373046875e-06,10,True
744,0.10669974225775819,0.10740235056380498,0.10871377663491276,0.0005529323764854914,21,64,0.00046181678771972656,5.9604644775390625e-06,10,True
745,0.10669974225775819,0.10740235056380498,0.10871377663491276,0.0005529323764854914,21,64,0.00046181678771972656,4.5299530029296875e-06,10,True
746,0.10669974225775819,0.10740235056380498,0.10871377663491276,0.0005529323764854914,21,64,0.0004298686981201172,5.9604644775390625e-06,10,True
747,0.10669974225775819,0.10740235056380498,0.10871377663491276,0.0005529323764854914,21,64,0.0004215240478515625,6.198883056640625e-06,10,True
748,0.10669974225775819,0.10740235056380498,0.10871377663491276,0.0005529323764854914,21,64,0.00042128562927246094,5.0067901611328125e-06,10,True
749,0.10669974225775819,0.10740235056380498,0.10871377663491276,0.0005529323764854914,21,64,0.00040268898010253906,4.5299530029296875e-06,10,True
750,0.10669974225775819,0.10740235056380498,0.10871377663491276,0.0005529323764854914,21,64,0.0004012584686279297,4.76837158203125e-06,10,True
751,0.10669974225775819,0.10740235056380498,0.10871377663491276,0.0005529323764854914,21,64,0.0004069805145263672,5.245208740234375e-06,10,True
752,0.10669974225775819,0.10740235056380498,0.10871377663491276,0.0005529323764854914,21,64,0.0004260540008544922,5.9604644775390625e-06,10,True
753,0.10669974225775819,0.10740235056380498,0.10871377663491276,0.0005529323764854914,21,64,0.0005095005035400391,3.0994415283203125e-06,10,True
754,0.10669974225775819,0.10740235056380498,0.10871377663491276,0.0005529323764854914,21,64,0.0004334449768066406,4.76837158203125e-06,10,True
755,0.10669974225775819,0.10740235056380498,0.10871377663491276,0.0005529323764854914,21,64,0.0004284381866455078,6.198883056640625e-06,10,True
756,0.10669974225775819,0.10740235056380498,0.10871377663491276,0.0005529323764854914,21,64,0.0004928112030029297,5.9604644775390625e-06,10,True
757,0.10669974225775819,0.10740235056380498,0.10871377663491276,0.0005529323764854914,21,64,0.0004036426544189453,5.0067901611328125e-06,10,True
758,0.10669974225775819,0.10740235056380498,0.10871377663491276,0.0005529323764854914,21,64,0.0004391670227050781,5.0067901611328125e-06,10,True
759,0.10669974225775819,0.10740235056380498,0.10871377663491276,0.0005529323764854914,21,64,0.0004153251647949219,5.0067901611328125e-06,10,True
760,0.10669974225775819,0.10740235056380498,0.10871377663491276,0.0005529323764854914,21,64,0.00042629241943359375,4.76837158203125e-06,10,True
761,0.10669974225775819,0.10740235056380498,0.10871377663491276,0.0005529323764854914,21,64,0.0004260540008544922,5.0067901611328125e-06,10,True
762,0.10669974225775819,0.10740235056380498,0.10871377663491276,0.0005529323764854914,21,64,0.0004131793975830078,4.5299530029296875e-06,10,True
763,0.10669974225775819,0.10740235056380498,0.10871377663491276,0.0005529323764854914,21,64,0.0004832744598388672,5.9604644775390625e-06,10,True
764,0.10669974225775819,0.10740235056380498,0.10871377663491276,0.0005529323764854914,21,64,0.00045108795166015625,5.7220458984375e-06,10,True
765,0.10669974225775819,0.10740235056380498,0.10871377663491276,0.0005529323764854914,21,64,0.0004391670227050781,5.9604644775390625e-06,10,True
766,0.10669974225775819,0.10740235056380498,0.10871377663491276,0.0005529323764854914,21,64,0.0004096031188964844,3.5762786865234375e-06,10,True
767,0.10669974225775819,0.10740235056380498,0.10871377663491276,0.0005529323764854914,21,64,0.00043582916259765625,3.5762786865234375e-06,10,True
768,0.10669974225775819,0.10740235056380498,0.10871377663491276,0.0005529323764854914,21,64,0.0004487037658691406,4.76837158203125e-06,10,True
769,0.10669974225775819,0.10740235056380498,0.10871377663491276,0.0005529323764854914,21,64,0.00043845176696777344,3.0994415283203125e-06,10,True
770,0.10669974225775819,0.10740235056380498,0.10871377663491276,0.0005529323764854914,21,64,0.0004534721374511719,3.5762786865234375e-06,10,True
771,0.10669974225775819,0.10740235056380498,0.10871377663491276,0.0005529323764854914,21,64,0.0004546642303466797,3.5762786865234375e-06,10,True
772,0.10669974225775819,0.10740235056380498,0.10871377663491276,0.0005529323764854914,21,64,0.0004391670227050781,3.814697265625e-06,10,True
773,0.10669974225775819,0.10740235056380498,0.10871377663491276,0.0005529323764854914,21,64,0.0004889965057373047,5.0067901611328125e-06,10,True
774,0.10669974225775819,0.10740235056380498,0.10871377663491276,0.0005529323764854914,21,64,0.00047135353088378906,7.3909759521484375e-06,10,True
775,0.10669974225775819,0.10740235056380498,0.10871377663491276,0.0005529323764854914,21,64,0.00042629241943359375,4.76837158203125e-06,10,True
776,0.10669974225775819,0.10740235056380498,0.10871377663491276,0.0005529323764854914,21,64,0.0004107952117919922,5.0067901611328125e-06,10,True
777,0.10669974225775819,0.10740235056380498,0.10871377663491276,0.0005529323764854914,21,64,0.00038361549377441406,3.337860107421875e-06,10,True
778,0.10669974225775819,0.10740235056380498,0.10871377663491276,0.0005529323764854914,21,64,0.0003952980041503906,5.0067901611328125e-06,10,True
779,0.10669974225775819,0.10740235056380498,0.10871377663491276,0.0005529323764854914,21,64,0.0003731250762939453,4.5299530029296875e-06,10,True
780,0.10669974225775819,0.10740235056380498,0.10871377663491276,0.0005529323764854914,21,64,0.0003871917724609375,3.337860107421875e-06,10,True
781,0.10669974225775819,0.10740235056380498,0.10871377663491276,0.0005529323764854914,21,64,0.00038242340087890625,2.1457672119140625e-06,10,True
782,0.10669974225775819,0.10740235056380498,0.10871377663491276,0.0005529323764854914,21,64,0.0005450248718261719,5.9604644775390625e-06,10,True
783,0.10669974225775819,0.10740235056380498,0.10871377663491276,0.0005529323764854914,21,64,0.00042748451232910156,3.5762786865234375e-06,10,True
784,0.10669974225775819,0.10740235056380498,0.10871377663491276,0.0005529323764854914,21,64,0.0004024505615234375,4.76837158203125e-06,10,True
785,0.10669974225775819,0.10740235056380498,0.10871377663491276,0.0005529323764854914,21,64,0.0004253387451171875,4.5299530029296875e-06,10,True
786,0.10669974225775819,0.10740235056380498,0.10871377663491276,0.0005529323764854914,21,64,0.00048065185546875,5.0067901611328125e-06,10,True
787,0.10669974225775819,0.10740235056380498,0.10871377663491276,0.0005529323764854914,21,64,0.00045013427734375,3.337860107421875e-06,10,True
788,0.10669974225775819,0.10740235056380498,0.10871377663491276,0.0005529323764854914,21,64,0.00046539306640625,3.5762786865234375e-06,10,True
789,0.10669974225775819,0.10740235056380498,0.10871377663491276,0.0005529323764854914,21,64,0.00046539306640625,5.0067901611328125e-06,10,True
790,0.10669974225775819,0.10740235056380498,0.10871377663491276,0.0005529323764854914,21,64,0.0004546642303466797,4.76837158203125e-06,10,True
791,0.10669974225775819,0.10740235056380498,0.10871377663491276,0.0005529323764854914,21,64,0.0005238056182861328,4.5299530029296875e-06,10,True
792,0.10669974225775819,0.10740235056380498,0.10871377663491276,0.0005529323764854914,21,64,0.0004928112030029297,5.9604644775390625e-06,10,True
793,0.10669974225775819,0.10740235056380498,0.10871377663491276,0.0005529323764854914,21,64,0.00047850608825683594,4.76837158203125e-06,10,True
794,0.10669974225775819,0.10740235056380498,0.10871377663491276,0.0005529323764854914,21,64,0.0005259513854980469,3.337860107421875e-06,10,True
795,0.10669974225775819,0.10740235056380498,0.10871377663491276,0.0005529323764854914,21,64,0.0005815029144287109,7.152557373046875e-06,10,True
796,0.10669974225775819,0.10740235056380498,0.10871377663491276,0.0005529323764854914,21,64,0.0005235671997070312,5.9604644775390625e-06,10,True
797,0.10669974225775819,0.10740235056380498,0.10871377663491276,0.0005529323764854914,21,64,0.0006341934204101562,3.337860107421875e-06,10,True
798,0.10669974225775819,0.10740235056380498,0.10871377663491276,0.0005529323764854914,21,64,0.00041675567626953125,3.5762786865234375e-06,10,True
799,0.10669974225775819,0.10740235056380498,0.10871377663491276,0.0005529323764854914,21,64,0.00042748451232910156,5.9604644775390625e-06,10,True
800,0.10669974225775819,0.10740235056380498,0.10871377663491276,0.0005529323764854914,21,64,0.00041675567626953125,4.76837158203125e-06,10,True
801,0.10669974225775819,0.10740235056380498,0.10871377663491276,0.0005529323764854914,21,64,0.0004239082336425781,5.9604644775390625e-06,10,True
802,0.10669974225775819,0.10740235056380498,0.10871377663491276,0.0005529323764854914,21,64,0.00041413307189941406,5.245208740234375e-06,10,True
803,0.10669974225775819,0.10740235056380498,0.10871377663491276,0.0005529323764854914,21,64,0.0004000663757324219,5.0067901611328125e-06,10,True
804,0.10669974225775819,0.10740235056380498,0.10871377663491276,0.0005529323764854914,21,64,0.0003857612609863281,3.814697265625e-06,10,True
805,0.10669974225775819,0.10740235056380498,0.10871377663491276,0.0005529323764854914,21,64,0.000408172607421875,4.0531158447265625e-06,10,True
806,0.10669974225775819,0.10740235056380498,0.10871377663491276,0.0005529323764854914,21,64,0.00038242340087890625,4.76837158203125e-06,10,True
807,0.10669974225775819,0.10740235056380498,0.10871377663491276,0.0005529323764854914,21,64,0.00039887428283691406,2.384185791015625e-06,10,True
808,0.10669974225775819,0.10740235056380498,0.10871377663491276,0.0005529323764854914,21,64,0.0004048347473144531,5.7220458984375e-06,10,True
809,0.10669974225775819,0.10740235056380498,0.10871377663491276,0.0005529323764854914,21,64,0.000431060791015625,3.337860107421875e-06,10,True
810,0.10669974225775819,0.10740235056380498,0.10871377663491276,0.0005529323764854914,21,64,0.0004096031188964844,4.5299530029296875e-06,10,True
811,0.10669974225775819,0.10740235056380498,0.10871377663491276,0.0005529323764854914,21,64,0.0005011558532714844,4.5299530029296875e-06,10,True
812,0.10669974225775819,0.10740235056380498,0.10871377663491276,0.0005529323764854914,21,64,0.0003991127014160156,4.5299530029296875e-06,10,True
813,0.10669974225775819,0.10740235056380498,0.10871377663491276,0.0005529323764854914,21,64,0.0003762245178222656,5.0067901611328125e-06,10,True
814,0.10669974225775819,0.10740235056380498,0.10871377663491276,0.0005529323764854914,21,64,0.00044274330139160156,5.0067901611328125e-06,10,True
815,0.10669974225775819,0.10740235056380498,0.10871377663491276,0.0005529323764854914,21,64,0.000396728515625,3.337860107421875e-06,10,True
816,0.10669974225775819,0.10740235056380498,0.10871377663491276,0.0005529323764854914,21,64,0.0004417896270751953,4.76837158203125e-06,10,True
817,0.10669974225775819,0.10740235056380498,0.10871377663491276,0.0005529323764854914,21,64,0.00045108795166015625,5.0067901611328125e-06,10,True
818,0.10669974225775819,0.10740235056380498,0.10871377663491276,0.0005529323764854914,21,64,0.00046062469482421875,1.430511474609375e-05,10,True
819,0.10669974225775819,0.10740235056380498,0.10871377663491276,0.0005529323764854914,21,64,0.0004677772521972656,4.76837158203125e-06,10,True
820,0.10669974225775819,0.10740235056380498,0.10871377663491276,0.0005529323764854914,21,64,0.00046634674072265625,6.198883056640625e-06,10,True
821,0.10669974225775819,0.10740235056380498,0.10871377663491276,0.0005529323764854914,21,64,0.00047278404235839844,3.337860107421875e-06,10,True
822,0.10669974225775819,0.10740235056380498,0.10871377663491276,0.0005529323764854914,21,64,0.0004773139953613281,5.9604644775390625e-06,10,True
823,0.10669974225775819,0.10740235056380498,0.10871377663491276,0.0005529323764854914,21,64,0.00046181678771972656,5.0067901611328125e-06,10,True
824,0.10669974225775819,0.10740235056380498,0.10871377663491276,0.0005529323764854914,21,64,0.0005533695220947266,4.5299530029296875e-06,10,True
825,0.10669974225775819,0.10740235056380498,0.10871377663491276,0.0005529323764854914,21,64,0.0008845329284667969,8.344650268554688e-06,10,True
826,0.10669974225775819,0.10740235056380498,0.10871377663491276,0.0005529323764854914,21,64,0.0005116462707519531,3.5762786865234375e-06,10,True
827,0.10669974225775819,0.10740235056380498,0.10871377663491276,0.0005529323764854914,21,64,0.0004322528839111328,6.198883056640625e-06,10,True
828,0.10669974225775819,0.10740235056380498,0.10871377663491276,0.0005529323764854914,21,64,0.0004343986511230469,5.0067901611328125e-06,10,True
829,0.10669974225775819,0.10740235056380498,0.10871377663491276,0.0005529323764854914,21,64,0.0004394054412841797,4.76837158203125e-06,10,True
830,0.10669974225775819,0.10740235056380498,0.10871377663491276,0.0005529323764854914,21,64,0.000408172607421875,5.0067901611328125e-06,10,True
831,0.10669974225775819,0.10740235056380498,0.10871377663491276,0.0005529323764854914,21,64,0.00039887428283691406,5.7220458984375e-06,10,True
832,0.10669974225775819,0.10740235056380498,0.10871377663491276,0.0005529323764854914,21,64,0.0003693103790283203,3.337860107421875e-06,10,True
833,0.10669974225775819,0.10740235056380498,0.10871377663491276,0.0005529323764854914,21,64,0.0003991127014160156,4.5299530029296875e-06,10,True
834,0.10669974225775819,0.10740235056380498,0.10871377663491276,0.0005529323764854914,21,64,0.0003764629364013672,3.5762786865234375e-06,10,True
835,0.10669974225775819,0.10740235056380498,0.10871377663491276,0.0005529323764854914,21,64,0.000396728515625,4.291534423828125e-06,10,True
836,0.10669974225775819,0.10740235056380498,0.10871377663491276,0.0005529323764854914,21,64,0.00039649009704589844,3.5762786865234375e-06,10,True
837,0.10669974225775819,0.10740235056380498,0.10871377663491276,0.0005529323764854914,21,64,0.00041675567626953125,4.5299530029296875e-06,10,True
838,0.10669974225775819,0.10740235056380498,0.10871377663491276,0.0005529323764854914,21,64,0.00040721893310546875,3.5762786865234375e-06,10,True
839,0.10669974225775819,0.10740235056380498,0.10871377663491276,0.0005529323764854914,21,64,0.0004143714904785156,3.337860107421875e-06,10,True
840,0.10669974225775819,0.10740235056380498,0.10871377663491276,0.0005529323764854914,21,64,0.0006554126739501953,3.5762786865234375e-06,10,True
841,0.10669974225775819,0.10740235056380498,0.10871377663491276,0.0005529323764854914,21,64,0.0004642009735107422,5.9604644775390625e-06,10,True
842,0.10669974225775819,0.10740235056380498,0.10871377663491276,0.0005529323764854914,21,64,0.0004570484161376953,4.76837158203125e-06,10,True
843,0.10669974225775819,0.10740235056380498,0.10871377663491276,0.0005529323764854914,21,64,0.00047469139099121094,5.9604644775390625e-06,10,True
844,0.10669974225775819,0.10740235056380498,0.10871377663491276,0.0005529323764854914,21,64,0.00046324729919433594,2.1457672119140625e-06,10,True
845,0.10669974225775819,0.10740235056380498,0.10871377663491276,0.0005529323764854914,21,64,0.00046181678771972656,2.384185791015625e-06,10,True
846,0.10669974225775819,0.10740235056380498,0.10871377663491276,0.0005529323764854914,21,64,0.00046443939208984375,4.5299530029296875e-06,10,True
847,0.10669974225775819,0.10740235056380498,0.10871377663491276,0.0005529323764854914,21,64,0.00047135353088378906,3.814697265625e-06,10,True
848,0.10669974225775819,0.10740235056380498,0.10871377663491276,0.0005529323764854914,21,64,0.0005247592926025391,5.0067901611328125e-06,10,True
849,0.10669974225775819,0.10740235056380498,0.10871377663491276,0.0005529323764854914,21,64,0.000499725341796875,7.152557373046875e-06,10,True
850,0.10669974225775819,0.10740235056380498,0.10871377663491276,0.0005529323764854914,21,64,0.0004394054412841797,4.5299530029296875e-06,10,True
851,0.10669974225775819,0.10740235056380498,0.10871377663491276,0.0005529323764854914,21,64,0.0004904270172119141,4.5299530029296875e-06,10,True
852,0.10669974225775819,0.10740235056380498,0.10871377663491276,0.0005529323764854914,21,64,0.0003883838653564453,4.5299530029296875e-06,10,True
853,0.10669974225775819,0.10740235056380498,0.10871377663491276,0.0005529323764854914,21,64,0.00038814544677734375,3.814697265625e-06,10,True
854,0.10669974225775819,0.10740235056380498,0.10871377663491276,0.0005529323764854914,21,64,0.0003902912139892578,6.198883056640625e-06,10,True
855,0.10669974225775819,0.10740235056380498,0.10871377663491276,0.0005529323764854914,21,64,0.00039076805114746094,3.337860107421875e-06,10,True
856,0.10669974225775819,0.10740235056380498,0.10871377663491276,0.0005529323764854914,21,64,0.0003991127014160156,3.337860107421875e-06,10,True
857,0.10669974225775819,0.10740235056380498,0.10871377663491276,0.0005529323764854914,21,64,0.0005519390106201172,7.152557373046875e-06,10,True
858,0.10669974225775819,0.10740235056380498,0.10871377663491276,0.0005529323764854914,21,64,0.00041675567626953125,4.76837158203125e-06,10,True
859,0.10669974225775819,0.10740235056380498,0.10871377663491276,0.0005529323764854914,21,64,0.00040602684020996094,4.76837158203125e-06,10,True
860,0.10669974225775819,0.10740235056380498,0.10871377663491276,0.0005529323764854914,21,64,0.0003857612609863281,1.9073486328125e-05,10,True
861,0.10669974225775819,0.10740235056380498,0.10871377663491276,0.0005529323764854914,21,64,0.0005176067352294922,4.76837158203125e-06,10,True
862,0.10669974225775819,0.10740235056380498,0.10871377663491276,0.0005529323764854914,21,64,0.0005462169647216797,5.7220458984375e-06,10,True
863,0.10669974225775819,0.10740235056380498,0.10871377663491276,0.0005529323764854914,21,64,0.000682830810546875,4.5299530029296875e-06,10,True
864,0.10669974225775819,0.10740235056380498,0.10871377663491276,0.0005529323764854914,21,64,0.0004961490631103516,5.245208740234375e-06,10,True
865,0.10669974225775819,0.10740235056380498,0.10871377663491276,0.0005529323764854914,21,64,0.0004868507385253906,4.76837158203125e-06,10,True
866,0.10669974225775819,0.10740235056380498,0.10871377663491276,0.0005529323764854914,21,64,0.0004820823669433594,4.5299530029296875e-06,10,True
867,0.10669974225775819,0.10740235056380498,0.10871377663491276,0.0005529323764854914,21,64,0.000484466552734375,4.76837158203125e-06,10,True
868,0.10669974225775819,0.10740235056380498,0.10871377663491276,0.0005529323764854914,21,64,0.0004868507385253906,4.76837158203125e-06,10,True
869,0.10669974225775819,0.10740235056380498,0.10871377663491276,0.0005529323764854914,21,64,0.000484466552734375,3.337860107421875e-06,10,True
870,0.10669974225775819,0.10740235056380498,0.10871377663491276,0.0005529323764854914,21,64,0.0005486011505126953,4.5299530029296875e-06,10,True
871,0.10669974225775819,0.10740235056380498,0.10871377663491276,0.0005529323764854914,21,64,0.0005059242248535156,5.9604644775390625e-06,10,True
872,0.10669974225775819,0.10740235056380498,0.10871377663491276,0.0005529323764854914,21,64,0.0004487037658691406,5.0067901611328125e-06,10,True
873,0.10669974225775819,0.10740235056380498,0.10871377663491276,0.0005529323764854914,21,64,0.00043082237243652344,3.814697265625e-06,10,True
874,0.10669974225775819,0.10740235056380498,0.10871377663491276,0.0005529323764854914,21,64,0.000396728515625,2.1457672119140625e-06,10,True
875,0.10669974225775819,0.10740235056380498,0.10871377663491276,0.0005529323764854914,21,64,0.0004050731658935547,5.7220458984375e-06,10,True
876,0.10669974225775819,0.10740235056380498,0.10871377663491276,0.0005529323764854914,21,64,0.00040721893310546875,3.5762786865234375e-06,10,True
877,0.10669974225775819,0.10740235056380498,0.10871377663491276,0.0005529323764854914,21,64,0.0003871917724609375,5.7220458984375e-06,10,True
878,0.10669974225775819,0.10740235056380498,0.10871377663491276,0.0005529323764854914,21,64,0.00039076805114746094,2.1457672119140625e-06,10,True
879,0.10669974225775819,0.10740235056380498,0.10871377663491276,0.0005529323764854914,21,64,0.0003833770751953125,3.5762786865234375e-06,10,True
880,0.10669974225775819,0.10740235056380498,0.10871377663491276,0.0005529323764854914,21,64,0.000415802001953125,3.337860107421875e-06,10,True
881,0.10669974225775819,0.10740235056380498,0.10871377663491276,0.0005529323764854914,21,64,0.00037407875061035156,6.198883056640625e-06,10,True
882,0.10669974225775819,0.10740235056380498,0.10871377663491276,0.0005529323764854914,21,64,0.00041794776916503906,3.5762786865234375e-06,10,True
883,0.10669974225775819,0.10740235056380498,0.10871377663491276,0.0005529323764854914,21,64,0.00036334991455078125,2.384185791015625e-06,10,True
884,0.10669974225775819,0.10740235056380498,0.10871377663491276,0.0005529323764854914,21,64,0.00036907196044921875,5.9604644775390625e-06,10,True
885,0.10669974225775819,0.10740235056380498,0.10871377663491276,0.0005529323764854914,21,64,0.0003871917724609375,4.291534423828125e-06,10,True
886,0.10669974225775819,0.10740235056380498,0.10871377663491276,0.0005529323764854914,21,64,0.0003666877746582031,4.76837158203125e-06,10,True
887,0.10669974225775819,0.10740235056380498,0.10871377663491276,0.0005529323764854914,21,64,0.00037980079650878906,3.814697265625e-06,10,True
888,0.10669974225775819,0.10740235056380498,0.10871377663491276,0.0005529323764854914,21,64,0.00037741661071777344,3.5762786865234375e-06,10,True
889,0.10669974225775819,0.10740235056380498,0.10871377663491276,0.0005529323764854914,21,64,0.0003857612609863281,3.5762786865234375e-06,10,True
890,0.10669974225775819,0.10740235056380498,0.10871377663491276,0.0005529323764854914,21,64,0.0005400180816650391,7.3909759521484375e-06,10,True
891,0.10669974225775819,0.10740235056380498,0.10871377663491276,0.0005529323764854914,21,64,0.0004627704620361328,6.198883056640625e-06,10,True
892,0.10669974225775819,0.10740235056380498,0.10871377663491276,0.0005529323764854914,21,64,0.0004856586456298828,4.76837158203125e-06,10,True
893,0.10669974225775819,0.10740235056380498,0.10871377663491276,0.0005529323764854914,21,64,0.00047850608825683594,5.0067901611328125e-06,10,True
894,0.10669974225775819,0.10740235056380498,0.10871377663491276,0.0005529323764854914,21,64,0.00045680999755859375,5.245208740234375e-06,10,True
895,0.10669974225775819,0.10740235056380498,0.10871377663491276,0.0005529323764854914,21,64,0.0004725456237792969,4.76837158203125e-06,10,True
896,0.10669974225775819,0.10740235056380498,0.10871377663491276,0.0005529323764854914,21,64,0.00046062469482421875,4.76837158203125e-06,10,True
897,0.10669974225775819,0.10740235056380498,0.10871377663491276,0.0005529323764854914,21,64,0.0006234645843505859,3.337860107421875e-06,10,True
898,0.10669974225775819,0.10740235056380498,0.10871377663491276,0.0005529323764854914,21,64,0.0005319118499755859,3.337860107421875e-06,10,True
899,0.10669974225775819,0.10740235056380498,0.10871377663491276,0.0005529323764854914,21,64,0.0005614757537841797,4.76837158203125e-06,10,True
900,0.10669974225775819,0.10740235056380498,0.10871377663491276,0.0005529323764854914,21,64,0.0005021095275878906,9.775161743164062e-06,10,True
901,0.10669974225775819,0.10740235056380498,0.10871377663491276,0.0005529323764854914,21,64,0.0004913806915283203,5.0067901611328125e-06,10,True
902,0.10669974225775819,0.10740235056380498,0.10871377663491276,0.0005529323764854914,21,64,0.00041413307189941406,6.198883056640625e-06,10,True
903,0.10669974225775819,0.10740235056380498,0.10871377663491276,0.0005529323764854914,21,64,0.00041675567626953125,3.5762786865234375e-06,10,True
904,0.10669974225775819,0.10740235056380498,0.10871377663491276,0.0005529323764854914,21,64,0.00038361549377441406,3.337860107421875e-06,10,True
905,0.10669974225775819,0.10740235056380498,0.10871377663491276,0.0005529323764854914,21,64,0.0003714561462402344,5.0067901611328125e-06,10,True
906,0.10669974225775819,0.10740235056380498,0.10871377663491276,0.0005529323764854914,21,64,0.00039768218994140625,3.337860107421875e-06,10,True
907,0.10669974225775819,0.10740235056380498,0.10871377663491276,0.0005529323764854914,21,64,0.00038242340087890625,3.337860107421875e-06,10,True
908,0.10669974225775819,0.10740235056380498,0.10871377663491276,0.0005529323764854914,21,64,0.00038695335388183594,3.814697265625e-06,10,True
909,0.10669974225775819,0.10740235056380498,0.10871377663491276,0.0005529323764854914,21,64,0.0003726482391357422,5.0067901611328125e-06,10,True
910,0.10669974225775819,0.10740235056380498,0.10871377663491276,0.0005529323764854914,21,64,0.0003905296325683594,3.814697265625e-06,10,True
911,0.10669974225775819,0.10740235056380498,0.10871377663491276,0.0005529323764854914,21,64,0.0003681182861328125,4.76837158203125e-06,10,True
912,0.10669974225775819,0.10740235056380498,0.10871377663491276,0.0005529323764854914,21,64,0.0003848075866699219,4.76837158203125e-06,10,True
913,0.10669974225775819,0.10740235056380498,0.10871377663491276,0.0005529323764854914,21,64,0.0003788471221923828,4.5299530029296875e-06,10,True
914,0.10669974225775819,0.10740235056380498,0.10871377663491276,0.0005529323764854914,21,64,0.0005590915679931641,3.5762786865234375e-06,10,True
915,0.10669974225775819,0.10740235056380498,0.10871377663491276,0.0005529323764854914,21,64,0.0003905296325683594,4.76837158203125e-06,10,True
916,0.10669974225775819,0.10740235056380498,0.10871377663491276,0.0005529323764854914,21,64,0.0003943443298339844,4.5299530029296875e-06,10,True
917,0.10669974225775819,0.10740235056380498,0.10871377663491276,0.0005529323764854914,21,64,0.0004963874816894531,4.5299530029296875e-06,10,True
918,0.10669974225775819,0.10740235056380498,0.10871377663491276,0.0005529323764854914,21,64,0.0005414485931396484,4.5299530029296875e-06,10,True
919,0.10669974225775819,0.10740235056380498,0.10871377663491276,0.0005529323764854914,21,64,0.0005095005035400391,4.76837158203125e-06,10,True
920,0.10669974225775819,0.10740235056380498,0.10871377663491276,0.0005529323764854914,21,64,0.00046896934509277344,4.76837158203125e-06,10,True
921,0.10669974225775819,0.10740235056380498,0.10871377663491276,0.0005529323764854914,21,64,0.00044989585876464844,3.337860107421875e-06,10,True
922,0.10669974225775819,0.10740235056380498,0.10871377663491276,0.0005529323764854914,21,64,0.000484466552734375,4.76837158203125e-06,10,True
923,0.10669974225775819,0.10740235056380498,0.10871377663491276,0.0005529323764854914,21,64,0.0005640983581542969,4.76837158203125e-06,10,True
924,0.10669974225775819,0.10740235056380498,0.10871377663491276,0.0005529323764854914,21,64,0.0004749298095703125,3.5762786865234375e-06,10,True
925,0.10669974225775819,0.10740235056380498,0.10871377663491276,0.0005529323764854914,21,64,0.0004928112030029297,4.76837158203125e-06,10,True
926,0.10669974225775819,0.10740235056380498,0.10871377663491276,0.0005529323764854914,21,64,0.0005900859832763672,5.7220458984375e-06,10,True
927,0.10669974225775819,0.10740235056380498,0.10871377663491276,0.0005529323764854914,21,64,0.0005221366882324219,7.152557373046875e-06,10,True
928,0.10669974225775819,0.10740235056380498,0.10871377663491276,0.0005529323764854914,21,64,0.0004417896270751953,5.9604644775390625e-06,10,True
929,0.10669974225775819,0.10740235056380498,0.10871377663491276,0.0005529323764854914,21,64,0.000732421875,4.76837158203125e-06,10,True
930,0.10669974225775819,0.10740235056380498,0.10871377663491276,0.0005529323764854914,21,64,0.0004298686981201172,3.5762786865234375e-06,10,True
931,0.10669974225775819,0.10740235056380498,0.10871377663491276,0.0005529323764854914,21,64,0.00042629241943359375,5.0067901611328125e-06,10,True
932,0.10669974225775819,0.10740235056380498,0.10871377663491276,0.0005529323764854914,21,64,0.0005328655242919922,4.0531158447265625e-06,10,True
933,0.10669974225775819,0.10740235056380498,0.10871377663491276,0.0005529323764854914,21,64,0.00036454200744628906,4.76837158203125e-06,10,True
934,0.10669974225775819,0.10740235056380498,0.10871377663491276,0.0005529323764854914,21,64,0.0004582405090332031,5.9604644775390625e-06,10,True
935,0.10669974225775819,0.10740235056380498,0.10871377663491276,0.0005529323764854914,21,64,0.0007228851318359375,5.9604644775390625e-06,10,True
936,0.10669974225775819,0.10740235056380498,0.10871377663491276,0.0005529323764854914,21,64,0.0004811286926269531,1.621246337890625e-05,10,True
937,0.10669974225775819,0.10740235056380498,0.10871377663491276,0.0005529323764854914,21,64,0.0004000663757324219,3.5762786865234375e-06,10,True
938,0.10669974225775819,0.10740235056380498,0.10871377663491276,0.0005529323764854914,21,64,0.0004107952117919922,5.9604644775390625e-06,10,True
939,0.10669974225775819,0.10740235056380498,0.10871377663491276,0.0005529323764854914,21,64,0.0003991127014160156,4.5299530029296875e-06,10,True
940,0.10669974225775819,0.10740235056380498,0.10871377663491276,0.0005529323764854914,21,64,0.0004096031188964844,5.0067901611328125e-06,10,True
941,0.10669974225775819,0.10740235056380498,0.10871377663491276,0.0005529323764854914,21,64,0.00039768218994140625,3.5762786865234375e-06,10,True
942,0.10669974225775819,0.10740235056380498,0.10871377663491276,0.0005529323764854914,21,64,0.0004343986511230469,3.5762786865234375e-06,10,True
943,0.10669974225775819,0.10740235056380498,0.10871377663491276,0.0005529323764854914,21,64,0.0006349086761474609,7.62939453125e-06,10,True
944,0.10669974225775819,0.10740235056380498,0.10871377663491276,0.0005529323764854914,21,64,0.0004870891571044922,5.7220458984375e-06,10,True
945,0.10669974225775819,0.10740235056380498,0.10871377663491276,0.0005529323764854914,21,64,0.0004496574401855469,5.0067901611328125e-06,10,True
946,0.10669974225775819,0.10740235056380498,0.10871377663491276,0.0005529323764854914,21,64,0.0005342960357666016,3.5762786865234375e-06,10,True
947,0.10669974225775819,0.10740235056380498,0.10871377663491276,0.0005529323764854914,21,64,0.0004596710205078125,3.337860107421875e-06,10,True
948,0.10669974225775819,0.10740235056380498,0.10871377663491276,0.0005529323764854914,21,64,0.0004677772521972656,5.7220458984375e-06,10,True
949,0.10669974225775819,0.10740235056380498,0.10871377663491276,0.0005529323764854914,21,64,0.0004546642303466797,3.5762786865234375e-06,10,True
950,0.10669974225775819,0.10740235056380498,0.10871377663491276,0.0005529323764854914,21,64,0.00048661231994628906,5.9604644775390625e-06,10,True
951,0.10669974225775819,0.10740235056380498,0.10871377663491276,0.0005529323764854914,21,64,0.0004987716674804688,4.76837158203125e-06,10,True
952,0.10669974225775819,0.10740235056380498,0.10871377663491276,0.0005529323764854914,21,64,0.0004830360412597656,5.245208740234375e-06,10,True
953,0.10669974225775819,0.10740235056380498,0.10871377663491276,0.0005529323764854914,21,64,0.0005199909210205078,7.152557373046875e-06,10,True
954,0.10669974225775819,0.10740235056380498,0.10871377663491276,0.0005529323764854914,21,64,0.0005590915679931641,4.76837158203125e-06,10,True
955,0.10669974225775819,0.10740235056380498,0.10871377663491276,0.0005529323764854914,21,64,0.0005238056182861328,6.9141387939453125e-06,10,True
956,0.10669974225775819,0.10740235056380498,0.10871377663491276,0.0005529323764854914,21,64,0.0004277229309082031,4.291534423828125e-06,10,True
957,0.10669974225775819,0.10740235056380498,0.10871377663491276,0.0005529323764854914,21,64,0.0005166530609130859,5.7220458984375e-06,10,True
958,0.10669974225775819,0.10740235056380498,0.10871377663491276,0.0005529323764854914,21,64,0.0003857612609863281,5.0067901611328125e-06,10,True
959,0.10669974225775819,0.10740235056380498,0.10871377663491276,0.0005529323764854914,21,64,0.0003762245178222656,7.152557373046875e-06,10,True
960,0.10669974225775819,0.10740235056380498,0.10871377663491276,0.0005529323764854914,21,64,0.0003788471221923828,3.337860107421875e-06,10,True
961,0.10669974225775819,0.10740235056380498,0.10871377663491276,0.0005529323764854914,21,64,0.0003762245178222656,3.814697265625e-06,10,True
962,0.10669974225775819,0.10740235056380498,0.10871377663491276,0.0005529323764854914,21,64,0.0003752708435058594,1.5497207641601562e-05,10,True
963,0.10669974225775819,0.10740235056380498,0.10871377663491276,0.0005529323764854914,21,64,0.0003752708435058594,4.76837158203125e-06,10,True
964,0.10669974225775819,0.10740235056380498,0.10871377663491276,0.0005529323764854914,21,64,0.0004000663757324219,4.76837158203125e-06,10,True
965,0.10669974225775819,0.10740235056380498,0.10871377663491276,0.0005529323764854914,21,64,0.0003848075866699219,3.337860107421875e-06,10,True
966,0.10669974225775819,0.10740235056380498,0.10871377663491276,0.0005529323764854914,21,64,0.0004355907440185547,5.0067901611328125e-06,10,True
967,0.10669974225775819,0.10740235056380498,0.10871377663491276,0.0005529323764854914,21,64,0.0004665851593017578,5.9604644775390625e-06,10,True
968,0.10669974225775819,0.10740235056380498,0.10871377663491276,0.0005529323764854914,21,64,0.00047397613525390625,4.291534423828125e-06,10,True
969,0.10669974225775819,0.10740235056380498,0.10871377663491276,0.0005529323764854914,21,64,0.0004761219024658203,5.9604644775390625e-06,10,True
970,0.10669974225775819,0.10740235056380498,0.10871377663491276,0.0005529323764854914,21,64,0.0005342960357666016,6.198883056640625e-06,10,True
971,0.10669974225775819,0.10740235056380498,0.10871377663491276,0.0005529323764854914,21,64,0.0005638599395751953,5.9604644775390625e-06,10,True
972,0.10669974225775819,0.10740235056380498,0.10871377663491276,0.0005529323764854914,21,64,0.0005629062652587891,4.5299530029296875e-06,10,True
973,0.10669974225775819,0.10740235056380498,0.10871377663491276,0.0005529323764854914,21,64,0.0004951953887939453,4.5299530029296875e-06,10,True
974,0.10669974225775819,0.10740235056380498,0.10871377663491276,0.0005529323764854914,21,64,0.0005507469177246094,5.9604644775390625e-06,10,True
975,0.10669974225775819,0.10740235056380498,0.10871377663491276,0.0005529323764854914,21,64,0.0005924701690673828,5.9604644775390625e-06,10,True
976,0.10669974225775819,0.10740235056380498,0.10871377663491276,0.0005529323764854914,21,64,0.0005390644073486328,7.152557373046875e-06,10,True
977,0.10669974225775819,0.10740235056380498,0.10871377663491276,0.0005529323764854914,21,64,0.00046324729919433594,5.9604644775390625e-06,10,True
978,0.10669974225775819,0.10740235056380498,0.10871377663491276,0.0005529323764854914,21,64,0.0004143714904785156,3.5762786865234375e-06,10,True
979,0.10669974225775819,0.10740235056380498,0.10871377663491276,0.0005529323764854914,21,64,0.0004038810729980469,3.337860107421875e-06,10,True
980,0.10669974225775819,0.10740235056380498,0.10871377663491276,0.0005529323764854914,21,64,0.0003857612609863281,5.0067901611328125e-06,10,True
981,0.10669974225775819,0.10740235056380498,0.10871377663491276,0.0005529323764854914,21,64,0.0004298686981201172,4.5299530029296875e-06,10,True
982,0.10669974225775819,0.10740235056380498,0.10871377663491276,0.0005529323764854914,21,64,0.00041556358337402344,3.5762786865234375e-06,10,True
983,0.10669974225775819,0.10740235056380498,0.10871377663491276,0.0005529323764854914,21,64,0.0003800392150878906,3.5762786865234375e-06,10,True
984,0.10669974225775819,0.10740235056380498,0.10871377663491276,0.0005529323764854914,21,64,0.0003788471221923828,5.9604644775390625e-06,10,True
985,0.10669974225775819,0.10740235056380498,0.10871377663491276,0.0005529323764854914,21,64,0.00036215782165527344,4.76837158203125e-06,10,True
986,0.10669974225775819,0.10740235056380498,0.10871377663491276,0.0005529323764854914,21,64,0.0004012584686279297,5.0067901611328125e-06,10,True
987,0.10669974225775819,0.10740235056380498,0.10871377663491276,0.0005529323764854914,21,64,0.0003845691680908203,6.198883056640625e-06,10,True
988,0.10669974225775819,0.10740235056380498,0.10871377663491276,0.0005529323764854914,21,64,0.00038433074951171875,6.198883056640625e-06,10,True
989,0.10669974225775819,0.10740235056380498,0.10871377663491276,0.0005529323764854914,21,64,0.00036334991455078125,3.337860107421875e-06,10,True
990,0.10669974225775819,0.10740235056380498,0.10871377663491276,0.0005529323764854914,21,64,0.0003857612609863281,5.0067901611328125e-06,10,True
991,0.10669974225775819,0.10740235056380498,0.10871377663491276,0.0005529323764854914,21,64,0.0003826618194580078,1.9073486328125e-06,10,True
992,0.10669974225775819,0.10740235056380498,0.10871377663491276,0.0005529323764854914,21,64,0.0003693103790283203,3.337860107421875e-06,10,True
993,0.10669974225775819,0.10740235056380498,0.10871377663491276,0.0005529323764854914,21,64,0.00037741661071777344,6.198883056640625e-06,10,True
994,0.10669974225775819,0.10740235056380498,0.10871377663491276,0.0005529323764854914,21,64,0.0003845691680908203,6.198883056640625e-06,10,True
995,0.10669974225775819,0.10740235056380498,0.10871377663491276,0.0005529323764854914,21,64,0.00038695335388183594,3.814697265625e-06,10,True
996,0.10669974225775819,0.10740235056380498,0.10871377663491276,0.0005529323764854914,21,64,0.0004146099090576172,2.1457672119140625e-06,10,True
997,0.10669974225775819,0.10740235056380498,0.10871377663491276,0.0005529323764854914,21,64,0.0006244182586669922,6.198883056640625e-06,10,True
998,0.10669974225775819,0.10740235056380498,0.10871377663491276,0.0005529323764854914,21,64,0.0004904270172119141,5.9604644775390625e-06,10,True
999,0.10669974225775819,0.10740235056380498,0.10871377663491276,0.0005529323764854914,21,64,0.0004477500915527344,3.5762786865234375e-06,10,True
1000,0.10669974225775819,0.10740235056380498,0.10871377663491276,0.0005529323764854914,21,64,0.0004534721374511719,3.5762786865234375e-06,10,True
