generation,best_fitness,mean_fitness,worst_fitness,std_fitness,n_hospitals_large,n_hospitals_small,time_simulation,time_offspring,n_population,did_random_restart
0,0.18763188116513838,0.19484178382813686,0.20080345537178199,0.003846732710177132,11,47,3.6603376865386963,0.0002732276916503906,10,False
1,0.1808840210334412,0.1900930569389168,0.19929367177344295,0.004897428459223767,13,46,3.881418466567993,0.0008451938629150391,10,False
2,0.15422182641378562,0.18653143387570215,0.2114761217715644,0.017476923360874693,18,49,3.8625550270080566,0.0006341934204101562,10,False
3,0.16421394329857558,0.17505688739221498,0.18308030064186662,0.007450652566947602,16,52,3.8618600368499756,0.0008301734924316406,10,False
4,0.15415850298343522,0.16844066138251118,0.1861264989202909,0.009521690440851275,19,49,3.9859960079193115,0.0009272098541259766,10,False
5,0.152767113139195,0.16482529620377803,0.17217033733950243,0.004709891284135768,19,51,3.9788155555725098,0.0006673336029052734,10,False
6,0.15284471391370882,0.16004050681273965,0.1654295782100944,0.0047852348365224956,19,48,3.981642484664917,0.0009412765502929688,10,False
7,0.14339470266204862,0.1526059197795034,0.1617460464760559,0.005738115808011301,21,48,3.943535804748535,0.0009429454803466797,10,False
8,0.1430487167642047,0.14690050471489585,0.1483281242748335,0.0019718344633415734,21,50,4.027904510498047,0.0007243156433105469,10,False
9,0.13851932154249672,0.1447848606938957,0.1473118108272426,0.0027439447176660584,22,50,4.059604644775391,0.0007357597351074219,10,False
10,0.1385176823167315,0.1429796670354328,0.14767116965563953,0.003236157541860212,22,49,3.9450247287750244,0.0007827281951904297,10,False
11,0.1298459073737464,0.13857626581095134,0.1437645502334457,0.004827067907318769,24,49,4.015974283218384,0.0008904933929443359,10,False
12,0.12295709602867934,0.1292414874165308,0.13931134937853717,0.0060426344421629875,26,48,4.292298793792725,0.0006871223449707031,10,False
13,0.11992313064054214,0.12407735577922166,0.1306510421631723,0.0031069050979487334,27,48,3.783348560333252,0.0008547306060791016,10,False
14,0.11990998254920673,0.12184343566291489,0.12523919173222564,0.0016678699579732066,27,48,4.207549333572388,0.0009152889251708984,10,False
15,0.11992313064054214,0.12107532032390797,0.12483785040270395,0.0017718354789715018,27,48,4.012374401092529,0.0008108615875244141,10,False
16,0.11904838639725292,0.11985307810275389,0.12000234179869121,0.00026973974107963653,27,48,3.8337910175323486,0.0007445812225341797,10,False
17,0.1197880593125992,0.11998789936268202,0.12018476126639302,0.00010326818661443357,27,49,4.0139477252960205,0.0008349418640136719,10,False
18,0.11678230521908617,0.12012622746755888,0.12519097958188236,0.0019312879415051567,28,49,3.2605745792388916,0.0006992816925048828,10,False
19,0.11761858466411938,0.11901004724003665,0.1200641329322311,0.0010529095809536611,28,47,4.09323787689209,0.0009357929229736328,10,False
20,0.11678230521908617,0.1179226740812404,0.11940160539686606,0.001039059431507775,28,49,4.106090307235718,0.0007255077362060547,10,False
21,0.11379969214065325,0.11596593403219971,0.1177036831499089,0.0015628943336942547,29,49,4.048306703567505,0.0008311271667480469,10,False
22,0.1137735790710619,0.11511227457710711,0.11749293384473908,0.001180195568784828,29,49,3.879408359527588,0.0006911754608154297,10,False
23,0.11374889526711389,0.11556779252286549,0.11862606671562093,0.00165994816274607,29,50,3.876847982406616,0.0008382797241210938,10,False
24,0.11363367076254713,0.11443542412542877,0.11598163117413574,0.0009322853606098246,30,48,3.3031136989593506,0.0006375312805175781,10,False
25,0.1135729889458379,0.11453219736958054,0.11810063347952993,0.0013080771676281181,30,50,3.948514461517334,0.0008680820465087891,10,False
26,0.11356038999319543,0.11391327168394069,0.11446438177207409,0.0003071068288428007,29,50,3.328430414199829,0.0006659030914306641,10,False
27,0.11349953679295743,0.11475743297786851,0.11762699563179989,0.0014954395270819268,29,50,4.099800109863281,0.0008215904235839844,10,False
28,0.1134629538035414,0.11376410241850572,0.11419859303291154,0.0002469127905638746,29,51,4.096682786941528,0.0007815361022949219,10,False
29,0.1134629538035414,0.11368875750140998,0.1140960628723049,0.00017363764469163412,29,51,3.986278533935547,0.0006527900695800781,10,False
30,0.11349953679295743,0.11441540349539461,0.11702651388376706,0.0011588623036378738,29,50,4.119996786117554,0.0008001327514648438,10,False
31,0.11349953679295743,0.11441540349539459,0.11702651388376706,0.0011588623036378738,29,50,0.0008785724639892578,9.298324584960938e-06,10,True
32,0.11349953679295743,0.11441540349539459,0.11702651388376706,0.0011588623036378738,29,50,0.00047469139099121094,7.3909759521484375e-06,10,True
33,0.11349953679295743,0.11441540349539459,0.11702651388376706,0.0011588623036378738,29,50,0.0004668235778808594,4.291534423828125e-06,10,True
34,0.11349953679295743,0.11441540349539459,0.11702651388376706,0.0011588623036378738,29,50,0.00040602684020996094,3.5762786865234375e-06,10,True
35,0.11349953679295743,0.11441540349539459,0.11702651388376706,0.0011588623036378738,29,50,0.0007493495941162109,8.344650268554688e-06,10,True
36,0.11349953679295743,0.11441540349539459,0.11702651388376706,0.0011588623036378738,29,50,0.0003445148468017578,3.337860107421875e-06,10,True
37,0.11349953679295743,0.11441540349539459,0.11702651388376706,0.0011588623036378738,29,50,0.0003323554992675781,4.76837158203125e-06,10,True
38,0.11349953679295743,0.11441540349539459,0.11702651388376706,0.0011588623036378738,29,50,0.0004405975341796875,5.9604644775390625e-06,10,True
39,0.11349953679295743,0.11441540349539459,0.11702651388376706,0.0011588623036378738,29,50,0.0011150836944580078,1.4066696166992188e-05,10,True
40,0.11349953679295743,0.11441540349539459,0.11702651388376706,0.0011588623036378738,29,50,0.0007066726684570312,1.6689300537109375e-05,10,True
41,0.11349953679295743,0.11441540349539459,0.11702651388376706,0.0011588623036378738,29,50,0.0003361701965332031,1.9073486328125e-06,10,True
42,0.11349953679295743,0.11441540349539459,0.11702651388376706,0.0011588623036378738,29,50,0.0003361701965332031,3.337860107421875e-06,10,True
43,0.11349953679295743,0.11441540349539459,0.11702651388376706,0.0011588623036378738,29,50,0.00030732154846191406,3.5762786865234375e-06,10,True
44,0.11349953679295743,0.11441540349539459,0.11702651388376706,0.0011588623036378738,29,50,0.00045013427734375,5.7220458984375e-06,10,True
45,0.11349953679295743,0.11441540349539459,0.11702651388376706,0.0011588623036378738,29,50,0.0006849765777587891,6.198883056640625e-06,10,True
46,0.11349953679295743,0.11441540349539459,0.11702651388376706,0.0011588623036378738,29,50,0.0004429817199707031,4.5299530029296875e-06,10,True
47,0.11349953679295743,0.11441540349539459,0.11702651388376706,0.0011588623036378738,29,50,0.0003669261932373047,4.5299530029296875e-06,10,True
48,0.11349953679295743,0.11441540349539459,0.11702651388376706,0.0011588623036378738,29,50,0.0003371238708496094,4.76837158203125e-06,10,True
49,0.11349953679295743,0.11441540349539459,0.11702651388376706,0.0011588623036378738,29,50,0.00033354759216308594,2.6226043701171875e-06,10,True
50,0.11349953679295743,0.11441540349539459,0.11702651388376706,0.0011588623036378738,29,50,0.0003218650817871094,4.76837158203125e-06,10,True
51,0.11349953679295743,0.11441540349539459,0.11702651388376706,0.0011588623036378738,29,50,0.00032401084899902344,4.76837158203125e-06,10,True
52,0.11349953679295743,0.11441540349539459,0.11702651388376706,0.0011588623036378738,29,50,0.00035500526428222656,4.76837158203125e-06,10,True
53,0.11349953679295743,0.11441540349539459,0.11702651388376706,0.0011588623036378738,29,50,0.00032639503479003906,4.76837158203125e-06,10,True
54,0.11349953679295743,0.11441540349539459,0.11702651388376706,0.0011588623036378738,29,50,0.0003573894500732422,4.5299530029296875e-06,10,True
55,0.11349953679295743,0.11441540349539459,0.11702651388376706,0.0011588623036378738,29,50,0.00036334991455078125,4.76837158203125e-06,10,True
56,0.11349953679295743,0.11441540349539459,0.11702651388376706,0.0011588623036378738,29,50,0.00037026405334472656,3.814697265625e-06,10,True
57,0.11349953679295743,0.11441540349539459,0.11702651388376706,0.0011588623036378738,29,50,0.0004820823669433594,5.0067901611328125e-06,10,True
58,0.11349953679295743,0.11441540349539459,0.11702651388376706,0.0011588623036378738,29,50,0.0003845691680908203,2.6226043701171875e-06,10,True
59,0.11349953679295743,0.11441540349539459,0.11702651388376706,0.0011588623036378738,29,50,0.0005140304565429688,3.814697265625e-06,10,True
60,0.11349953679295743,0.11441540349539459,0.11702651388376706,0.0011588623036378738,29,50,0.00037407875061035156,5.7220458984375e-06,10,True
61,0.11349953679295743,0.11441540349539459,0.11702651388376706,0.0011588623036378738,29,50,0.0003826618194580078,3.0994415283203125e-06,10,True
62,0.11349953679295743,0.11441540349539459,0.11702651388376706,0.0011588623036378738,29,50,0.00036454200744628906,4.76837158203125e-06,10,True
63,0.11349953679295743,0.11441540349539459,0.11702651388376706,0.0011588623036378738,29,50,0.0003979206085205078,4.5299530029296875e-06,10,True
64,0.11349953679295743,0.11441540349539459,0.11702651388376706,0.0011588623036378738,29,50,0.00040602684020996094,5.0067901611328125e-06,10,True
65,0.11349953679295743,0.11441540349539459,0.11702651388376706,0.0011588623036378738,29,50,0.0003848075866699219,3.337860107421875e-06,10,True
66,0.11349953679295743,0.11441540349539459,0.11702651388376706,0.0011588623036378738,29,50,0.00040149688720703125,4.5299530029296875e-06,10,True
67,0.11349953679295743,0.11441540349539459,0.11702651388376706,0.0011588623036378738,29,50,0.00035953521728515625,5.0067901611328125e-06,10,True
68,0.11349953679295743,0.11441540349539459,0.11702651388376706,0.0011588623036378738,29,50,0.0004856586456298828,7.152557373046875e-06,10,True
69,0.11349953679295743,0.11441540349539459,0.11702651388376706,0.0011588623036378738,29,50,0.00066375732421875,5.0067901611328125e-06,10,True
70,0.11349953679295743,0.11441540349539459,0.11702651388376706,0.0011588623036378738,29,50,0.00031948089599609375,4.76837158203125e-06,10,True
71,0.11349953679295743,0.11441540349539459,0.11702651388376706,0.0011588623036378738,29,50,0.00032067298889160156,3.5762786865234375e-06,10,True
72,0.11349953679295743,0.11441540349539459,0.11702651388376706,0.0011588623036378738,29,50,0.0003097057342529297,3.5762786865234375e-06,10,True
73,0.11349953679295743,0.11441540349539459,0.11702651388376706,0.0011588623036378738,29,50,0.00031828880310058594,4.76837158203125e-06,10,True
74,0.11349953679295743,0.11441540349539459,0.11702651388376706,0.0011588623036378738,29,50,0.00067901611328125,5.9604644775390625e-06,10,True
75,0.11349953679295743,0.11441540349539459,0.11702651388376706,0.0011588623036378738,29,50,0.0006682872772216797,8.58306884765625e-06,10,True
76,0.11349953679295743,0.11441540349539459,0.11702651388376706,0.0011588623036378738,29,50,0.0004324913024902344,3.337860107421875e-06,10,True
77,0.11349953679295743,0.11441540349539459,0.11702651388376706,0.0011588623036378738,29,50,0.00039887428283691406,4.76837158203125e-06,10,True
78,0.11349953679295743,0.11441540349539459,0.11702651388376706,0.0011588623036378738,29,50,0.0006923675537109375,4.5299530029296875e-06,10,True
79,0.11349953679295743,0.11441540349539459,0.11702651388376706,0.0011588623036378738,29,50,0.0005829334259033203,6.198883056640625e-06,10,True
80,0.11349953679295743,0.11441540349539459,0.11702651388376706,0.0011588623036378738,29,50,0.0003428459167480469,6.4373016357421875e-06,10,True
81,0.11349953679295743,0.11441540349539459,0.11702651388376706,0.0011588623036378738,29,50,0.0003790855407714844,5.7220458984375e-06,10,True
82,0.11349953679295743,0.11441540349539459,0.11702651388376706,0.0011588623036378738,29,50,0.0003609657287597656,4.76837158203125e-06,10,True
83,0.11349953679295743,0.11441540349539459,0.11702651388376706,0.0011588623036378738,29,50,0.000392913818359375,3.5762786865234375e-06,10,True
84,0.11349953679295743,0.11441540349539459,0.11702651388376706,0.0011588623036378738,29,50,0.00039649009704589844,4.76837158203125e-06,10,True
85,0.11349953679295743,0.11441540349539459,0.11702651388376706,0.0011588623036378738,29,50,0.0003693103790283203,5.9604644775390625e-06,10,True
86,0.11349953679295743,0.11441540349539459,0.11702651388376706,0.0011588623036378738,29,50,0.0004131793975830078,5.221366882324219e-05,10,True
87,0.11349953679295743,0.11441540349539459,0.11702651388376706,0.0011588623036378738,29,50,0.0003762245178222656,5.0067901611328125e-06,10,True
88,0.11349953679295743,0.11441540349539459,0.11702651388376706,0.0011588623036378738,29,50,0.0003859996795654297,4.76837158203125e-06,10,True
89,0.11349953679295743,0.11441540349539459,0.11702651388376706,0.0011588623036378738,29,50,0.0003695487976074219,4.291534423828125e-06,10,True
90,0.11349953679295743,0.11441540349539459,0.11702651388376706,0.0011588623036378738,29,50,0.0003693103790283203,3.5762786865234375e-06,10,True
91,0.11349953679295743,0.11441540349539459,0.11702651388376706,0.0011588623036378738,29,50,0.0003552436828613281,4.5299530029296875e-06,10,True
92,0.11349953679295743,0.11441540349539459,0.11702651388376706,0.0011588623036378738,29,50,0.0003857612609863281,5.0067901611328125e-06,10,True
93,0.11349953679295743,0.11441540349539459,0.11702651388376706,0.0011588623036378738,29,50,0.0004048347473144531,3.814697265625e-06,10,True
94,0.11349953679295743,0.11441540349539459,0.11702651388376706,0.0011588623036378738,29,50,0.0004105567932128906,5.245208740234375e-06,10,True
95,0.11349953679295743,0.11441540349539459,0.11702651388376706,0.0011588623036378738,29,50,0.0003788471221923828,3.337860107421875e-06,10,True
96,0.11349953679295743,0.11441540349539459,0.11702651388376706,0.0011588623036378738,29,50,0.0003762245178222656,4.5299530029296875e-06,10,True
97,0.11349953679295743,0.11441540349539459,0.11702651388376706,0.0011588623036378738,29,50,0.00035262107849121094,4.76837158203125e-06,10,True
98,0.11349953679295743,0.11441540349539459,0.11702651388376706,0.0011588623036378738,29,50,0.00038361549377441406,5.7220458984375e-06,10,True
99,0.11349953679295743,0.11441540349539459,0.11702651388376706,0.0011588623036378738,29,50,0.00032401084899902344,5.0067901611328125e-06,10,True
100,0.11349953679295743,0.11441540349539459,0.11702651388376706,0.0011588623036378738,29,50,0.0003173351287841797,3.0994415283203125e-06,10,True
101,0.11349953679295743,0.11441540349539459,0.11702651388376706,0.0011588623036378738,29,50,0.00037026405334472656,2.86102294921875e-06,10,True
102,0.11349953679295743,0.11441540349539459,0.11702651388376706,0.0011588623036378738,29,50,0.0006625652313232422,5.9604644775390625e-06,10,True
103,0.11349953679295743,0.11441540349539459,0.11702651388376706,0.0011588623036378738,29,50,0.0006504058837890625,5.0067901611328125e-06,10,True
104,0.11349953679295743,0.11441540349539459,0.11702651388376706,0.0011588623036378738,29,50,0.00032520294189453125,2.86102294921875e-06,10,True
105,0.11349953679295743,0.11441540349539459,0.11702651388376706,0.0011588623036378738,29,50,0.00032639503479003906,5.0067901611328125e-06,10,True
106,0.11349953679295743,0.11441540349539459,0.11702651388376706,0.0011588623036378738,29,50,0.0006232261657714844,5.9604644775390625e-06,10,True
107,0.11349953679295743,0.11441540349539459,0.11702651388376706,0.0011588623036378738,29,50,0.0005555152893066406,6.198883056640625e-06,10,True
108,0.11349953679295743,0.11441540349539459,0.11702651388376706,0.0011588623036378738,29,50,0.000335693359375,5.245208740234375e-06,10,True
109,0.11349953679295743,0.11441540349539459,0.11702651388376706,0.0011588623036378738,29,50,0.00032520294189453125,4.76837158203125e-06,10,True
110,0.11349953679295743,0.11441540349539459,0.11702651388376706,0.0011588623036378738,29,50,0.000339508056640625,3.337860107421875e-06,10,True
111,0.11349953679295743,0.11441540349539459,0.11702651388376706,0.0011588623036378738,29,50,0.00035834312438964844,3.814697265625e-06,10,True
112,0.11349953679295743,0.11441540349539459,0.11702651388376706,0.0011588623036378738,29,50,0.0004711151123046875,5.0067901611328125e-06,10,True
113,0.11349953679295743,0.11441540349539459,0.11702651388376706,0.0011588623036378738,29,50,0.0003457069396972656,4.5299530029296875e-06,10,True
114,0.11349953679295743,0.11441540349539459,0.11702651388376706,0.0011588623036378738,29,50,0.00048470497131347656,6.9141387939453125e-06,10,True
115,0.11349953679295743,0.11441540349539459,0.11702651388376706,0.0011588623036378738,29,50,0.0004200935363769531,4.0531158447265625e-06,10,True
116,0.11349953679295743,0.11441540349539459,0.11702651388376706,0.0011588623036378738,29,50,0.000392913818359375,3.5762786865234375e-06,10,True
117,0.11349953679295743,0.11441540349539459,0.11702651388376706,0.0011588623036378738,29,50,0.0003848075866699219,4.5299530029296875e-06,10,True
118,0.11349953679295743,0.11441540349539459,0.11702651388376706,0.0011588623036378738,29,50,0.0003631114959716797,4.0531158447265625e-06,10,True
119,0.11349953679295743,0.11441540349539459,0.11702651388376706,0.0011588623036378738,29,50,0.000377655029296875,3.5762786865234375e-06,10,True
120,0.11349953679295743,0.11441540349539459,0.11702651388376706,0.0011588623036378738,29,50,0.0003669261932373047,4.76837158203125e-06,10,True
121,0.11349953679295743,0.11441540349539459,0.11702651388376706,0.0011588623036378738,29,50,0.00037670135498046875,3.0994415283203125e-06,10,True
122,0.11349953679295743,0.11441540349539459,0.11702651388376706,0.0011588623036378738,29,50,0.00036454200744628906,3.337860107421875e-06,10,True
123,0.11349953679295743,0.11441540349539459,0.11702651388376706,0.0011588623036378738,29,50,0.00037026405334472656,4.76837158203125e-06,10,True
124,0.11349953679295743,0.11441540349539459,0.11702651388376706,0.0011588623036378738,29,50,0.0003643035888671875,3.814697265625e-06,10,True
125,0.11349953679295743,0.11441540349539459,0.11702651388376706,0.0011588623036378738,29,50,0.00037026405334472656,1.2159347534179688e-05,10,True
126,0.11349953679295743,0.11441540349539459,0.11702651388376706,0.0011588623036378738,29,50,0.000446319580078125,5.9604644775390625e-06,10,True
127,0.11349953679295743,0.11441540349539459,0.11702651388376706,0.0011588623036378738,29,50,0.0006873607635498047,4.76837158203125e-06,10,True
128,0.11349953679295743,0.11441540349539459,0.11702651388376706,0.0011588623036378738,29,50,0.00046062469482421875,6.198883056640625e-06,10,True
129,0.11349953679295743,0.11441540349539459,0.11702651388376706,0.0011588623036378738,29,50,0.00045943260192871094,5.0067901611328125e-06,10,True
130,0.11349953679295743,0.11441540349539459,0.11702651388376706,0.0011588623036378738,29,50,0.0003573894500732422,5.7220458984375e-06,10,True
131,0.11349953679295743,0.11441540349539459,0.11702651388376706,0.0011588623036378738,29,50,0.0003275871276855469,5.9604644775390625e-06,10,True
132,0.11349953679295743,0.11441540349539459,0.11702651388376706,0.0011588623036378738,29,50,0.0003147125244140625,4.5299530029296875e-06,10,True
133,0.11349953679295743,0.11441540349539459,0.11702651388376706,0.0011588623036378738,29,50,0.0003075599670410156,3.5762786865234375e-06,10,True
134,0.11349953679295743,0.11441540349539459,0.11702651388376706,0.0011588623036378738,29,50,0.0003147125244140625,3.337860107421875e-06,10,True
135,0.11349953679295743,0.11441540349539459,0.11702651388376706,0.0011588623036378738,29,50,0.0003421306610107422,4.5299530029296875e-06,10,True
136,0.11349953679295743,0.11441540349539459,0.11702651388376706,0.0011588623036378738,29,50,0.0003361701965332031,4.76837158203125e-06,10,True
137,0.11349953679295743,0.11441540349539459,0.11702651388376706,0.0011588623036378738,29,50,0.00041937828063964844,3.337860107421875e-06,10,True
138,0.11349953679295743,0.11441540349539459,0.11702651388376706,0.0011588623036378738,29,50,0.00040149688720703125,4.5299530029296875e-06,10,True
139,0.11349953679295743,0.11441540349539459,0.11702651388376706,0.0011588623036378738,29,50,0.0004096031188964844,3.5762786865234375e-06,10,True
140,0.11349953679295743,0.11441540349539459,0.11702651388376706,0.0011588623036378738,29,50,0.0003991127014160156,4.5299530029296875e-06,10,True
141,0.11349953679295743,0.11441540349539459,0.11702651388376706,0.0011588623036378738,29,50,0.00037980079650878906,3.814697265625e-06,10,True
142,0.11349953679295743,0.11441540349539459,0.11702651388376706,0.0011588623036378738,29,50,0.0003833770751953125,5.0067901611328125e-06,10,True
143,0.11349953679295743,0.11441540349539459,0.11702651388376706,0.0011588623036378738,29,50,0.0004131793975830078,4.76837158203125e-06,10,True
144,0.11349953679295743,0.11441540349539459,0.11702651388376706,0.0011588623036378738,29,50,0.0005152225494384766,7.152557373046875e-06,10,True
145,0.11349953679295743,0.11441540349539459,0.11702651388376706,0.0011588623036378738,29,50,0.0005307197570800781,7.152557373046875e-06,10,True
146,0.11349953679295743,0.11441540349539459,0.11702651388376706,0.0011588623036378738,29,50,0.0003809928894042969,3.814697265625e-06,10,True
147,0.11349953679295743,0.11441540349539459,0.11702651388376706,0.0011588623036378738,29,50,0.0004975795745849609,5.7220458984375e-06,10,True
148,0.11349953679295743,0.11441540349539459,0.11702651388376706,0.0011588623036378738,29,50,0.00039649009704589844,3.5762786865234375e-06,10,True
149,0.11349953679295743,0.11441540349539459,0.11702651388376706,0.0011588623036378738,29,50,0.00044989585876464844,6.198883056640625e-06,10,True
150,0.11349953679295743,0.11441540349539459,0.11702651388376706,0.0011588623036378738,29,50,0.0003905296325683594,3.5762786865234375e-06,10,True
151,0.11349953679295743,0.11441540349539459,0.11702651388376706,0.0011588623036378738,29,50,0.00037288665771484375,3.5762786865234375e-06,10,True
152,0.11349953679295743,0.11441540349539459,0.11702651388376706,0.0011588623036378738,29,50,0.0003502368927001953,4.5299530029296875e-06,10,True
153,0.11349953679295743,0.11441540349539459,0.11702651388376706,0.0011588623036378738,29,50,0.000335693359375,2.86102294921875e-06,10,True
154,0.11349953679295743,0.11441540349539459,0.11702651388376706,0.0011588623036378738,29,50,0.0003323554992675781,3.814697265625e-06,10,True
155,0.11349953679295743,0.11441540349539459,0.11702651388376706,0.0011588623036378738,29,50,0.0003266334533691406,4.5299530029296875e-06,10,True
156,0.11349953679295743,0.11441540349539459,0.11702651388376706,0.0011588623036378738,29,50,0.0003323554992675781,4.76837158203125e-06,10,True
157,0.11349953679295743,0.11441540349539459,0.11702651388376706,0.0011588623036378738,29,50,0.0003275871276855469,6.198883056640625e-06,10,True
158,0.11349953679295743,0.11441540349539459,0.11702651388376706,0.0011588623036378738,29,50,0.00033593177795410156,4.76837158203125e-06,10,True
159,0.11349953679295743,0.11441540349539459,0.11702651388376706,0.0011588623036378738,29,50,0.0003287792205810547,3.814697265625e-06,10,True
160,0.11349953679295743,0.11441540349539459,0.11702651388376706,0.0011588623036378738,29,50,0.0003383159637451172,3.814697265625e-06,10,True
161,0.11349953679295743,0.11441540349539459,0.11702651388376706,0.0011588623036378738,29,50,0.00032520294189453125,3.814697265625e-06,10,True
162,0.11349953679295743,0.11441540349539459,0.11702651388376706,0.0011588623036378738,29,50,0.0003159046173095703,2.384185791015625e-06,10,True
163,0.11349953679295743,0.11441540349539459,0.11702651388376706,0.0011588623036378738,29,50,0.00031828880310058594,4.5299530029296875e-06,10,True
164,0.11349953679295743,0.11441540349539459,0.11702651388376706,0.0011588623036378738,29,50,0.0003299713134765625,3.5762786865234375e-06,10,True
165,0.11349953679295743,0.11441540349539459,0.11702651388376706,0.0011588623036378738,29,50,0.0003371238708496094,3.814697265625e-06,10,True
166,0.11349953679295743,0.11441540349539459,0.11702651388376706,0.0011588623036378738,29,50,0.0003514289855957031,3.814697265625e-06,10,True
167,0.11349953679295743,0.11441540349539459,0.11702651388376706,0.0011588623036378738,29,50,0.0003502368927001953,3.5762786865234375e-06,10,True
168,0.11349953679295743,0.11441540349539459,0.11702651388376706,0.0011588623036378738,29,50,0.0004343986511230469,6.198883056640625e-06,10,True
169,0.11349953679295743,0.11441540349539459,0.11702651388376706,0.0011588623036378738,29,50,0.0008821487426757812,5.9604644775390625e-06,10,True
170,0.11349953679295743,0.11441540349539459,0.11702651388376706,0.0011588623036378738,29,50,0.0005092620849609375,5.9604644775390625e-06,10,True
171,0.11349953679295743,0.11441540349539459,0.11702651388376706,0.0011588623036378738,29,50,0.0004334449768066406,3.5762786865234375e-06,10,True
172,0.11349953679295743,0.11441540349539459,0.11702651388376706,0.0011588623036378738,29,50,0.00041675567626953125,3.5762786865234375e-06,10,True
173,0.11349953679295743,0.11441540349539459,0.11702651388376706,0.0011588623036378738,29,50,0.00041794776916503906,5.7220458984375e-06,10,True
174,0.11349953679295743,0.11441540349539459,0.11702651388376706,0.0011588623036378738,29,50,0.0004355907440185547,5.9604644775390625e-06,10,True
175,0.11349953679295743,0.11441540349539459,0.11702651388376706,0.0011588623036378738,29,50,0.0004253387451171875,3.337860107421875e-06,10,True
176,0.11349953679295743,0.11441540349539459,0.11702651388376706,0.0011588623036378738,29,50,0.0003952980041503906,3.5762786865234375e-06,10,True
177,0.11349953679295743,0.11441540349539459,0.11702651388376706,0.0011588623036378738,29,50,0.0004417896270751953,5.9604644775390625e-06,10,True
178,0.11349953679295743,0.11441540349539459,0.11702651388376706,0.0011588623036378738,29,50,0.00047516822814941406,5.9604644775390625e-06,10,True
179,0.11349953679295743,0.11441540349539459,0.11702651388376706,0.0011588623036378738,29,50,0.00038123130798339844,3.337860107421875e-06,10,True
180,0.11349953679295743,0.11441540349539459,0.11702651388376706,0.0011588623036378738,29,50,0.0003407001495361328,3.5762786865234375e-06,10,True
181,0.11349953679295743,0.11441540349539459,0.11702651388376706,0.0011588623036378738,29,50,0.0005700588226318359,3.337860107421875e-06,10,True
182,0.11349953679295743,0.11441540349539459,0.11702651388376706,0.0011588623036378738,29,50,0.0003216266632080078,5.0067901611328125e-06,10,True
183,0.11349953679295743,0.11441540349539459,0.11702651388376706,0.0011588623036378738,29,50,0.0003619194030761719,3.814697265625e-06,10,True
184,0.11349953679295743,0.11441540349539459,0.11702651388376706,0.0011588623036378738,29,50,0.0003457069396972656,5.7220458984375e-06,10,True
185,0.11349953679295743,0.11441540349539459,0.11702651388376706,0.0011588623036378738,29,50,0.00039887428283691406,4.76837158203125e-06,10,True
186,0.11349953679295743,0.11441540349539459,0.11702651388376706,0.0011588623036378738,29,50,0.00034546852111816406,4.76837158203125e-06,10,True
187,0.11349953679295743,0.11441540349539459,0.11702651388376706,0.0011588623036378738,29,50,0.0003371238708496094,4.76837158203125e-06,10,True
188,0.11349953679295743,0.11441540349539459,0.11702651388376706,0.0011588623036378738,29,50,0.0003609657287597656,5.7220458984375e-06,10,True
189,0.11349953679295743,0.11441540349539459,0.11702651388376706,0.0011588623036378738,29,50,0.00032639503479003906,3.5762786865234375e-06,10,True
190,0.11349953679295743,0.11441540349539459,0.11702651388376706,0.0011588623036378738,29,50,0.0003230571746826172,2.384185791015625e-06,10,True
191,0.11349953679295743,0.11441540349539459,0.11702651388376706,0.0011588623036378738,29,50,0.00030612945556640625,4.0531158447265625e-06,10,True
192,0.11349953679295743,0.11441540349539459,0.11702651388376706,0.0011588623036378738,29,50,0.00031828880310058594,3.5762786865234375e-06,10,True
193,0.11349953679295743,0.11441540349539459,0.11702651388376706,0.0011588623036378738,29,50,0.0003147125244140625,3.337860107421875e-06,10,True
194,0.11349953679295743,0.11441540349539459,0.11702651388376706,0.0011588623036378738,29,50,0.00031948089599609375,2.384185791015625e-06,10,True
195,0.11349953679295743,0.11441540349539459,0.11702651388376706,0.0011588623036378738,29,50,0.0003108978271484375,6.198883056640625e-06,10,True
196,0.11349953679295743,0.11441540349539459,0.11702651388376706,0.0011588623036378738,29,50,0.0003075599670410156,2.384185791015625e-06,10,True
197,0.11349953679295743,0.11441540349539459,0.11702651388376706,0.0011588623036378738,29,50,0.0003192424774169922,2.6226043701171875e-06,10,True
198,0.11349953679295743,0.11441540349539459,0.11702651388376706,0.0011588623036378738,29,50,0.0002980232238769531,2.384185791015625e-06,10,True
199,0.11349953679295743,0.11441540349539459,0.11702651388376706,0.0011588623036378738,29,50,0.00032401084899902344,3.814697265625e-06,10,True
200,0.11349953679295743,0.11441540349539459,0.11702651388376706,0.0011588623036378738,29,50,0.0003006458282470703,3.337860107421875e-06,10,True
201,0.11349953679295743,0.11441540349539459,0.11702651388376706,0.0011588623036378738,29,50,0.0003123283386230469,3.5762786865234375e-06,10,True
202,0.11349953679295743,0.11441540349539459,0.11702651388376706,0.0011588623036378738,29,50,0.0003228187561035156,5.0067901611328125e-06,10,True
203,0.11349953679295743,0.11441540349539459,0.11702651388376706,0.0011588623036378738,29,50,0.0003075599670410156,3.5762786865234375e-06,10,True
204,0.11349953679295743,0.11441540349539459,0.11702651388376706,0.0011588623036378738,29,50,0.0003821849822998047,5.0067901611328125e-06,10,True
205,0.11349953679295743,0.11441540349539459,0.11702651388376706,0.0011588623036378738,29,50,0.0003895759582519531,3.5762786865234375e-06,10,True
206,0.11349953679295743,0.11441540349539459,0.11702651388376706,0.0011588623036378738,29,50,0.0003750324249267578,3.5762786865234375e-06,10,True
207,0.11349953679295743,0.11441540349539459,0.11702651388376706,0.0011588623036378738,29,50,0.0003800392150878906,3.5762786865234375e-06,10,True
208,0.11349953679295743,0.11441540349539459,0.11702651388376706,0.0011588623036378738,29,50,0.00042128562927246094,2.6226043701171875e-06,10,True
209,0.11349953679295743,0.11441540349539459,0.11702651388376706,0.0011588623036378738,29,50,0.0004165172576904297,5.0067901611328125e-06,10,True
210,0.11349953679295743,0.11441540349539459,0.11702651388376706,0.0011588623036378738,29,50,0.00036334991455078125,3.5762786865234375e-06,10,True
211,0.11349953679295743,0.11441540349539459,0.11702651388376706,0.0011588623036378738,29,50,0.0003714561462402344,3.814697265625e-06,10,True
212,0.11349953679295743,0.11441540349539459,0.11702651388376706,0.0011588623036378738,29,50,0.0003643035888671875,3.814697265625e-06,10,True
213,0.11349953679295743,0.11441540349539459,0.11702651388376706,0.0011588623036378738,29,50,0.0003731250762939453,1.9073486328125e-06,10,True
214,0.11349953679295743,0.11441540349539459,0.11702651388376706,0.0011588623036378738,29,50,0.0004146099090576172,4.291534423828125e-06,10,True
215,0.11349953679295743,0.11441540349539459,0.11702651388376706,0.0011588623036378738,29,50,0.0003943443298339844,3.337860107421875e-06,10,True
216,0.11349953679295743,0.11441540349539459,0.11702651388376706,0.0011588623036378738,29,50,0.0004425048828125,7.152557373046875e-06,10,True
217,0.11349953679295743,0.11441540349539459,0.11702651388376706,0.0011588623036378738,29,50,0.0003478527069091797,3.5762786865234375e-06,10,True
218,0.11349953679295743,0.11441540349539459,0.11702651388376706,0.0011588623036378738,29,50,0.00033354759216308594,4.76837158203125e-06,10,True
219,0.11349953679295743,0.11441540349539459,0.11702651388376706,0.0011588623036378738,29,50,0.0003266334533691406,4.76837158203125e-06,10,True
220,0.11349953679295743,0.11441540349539459,0.11702651388376706,0.0011588623036378738,29,50,0.0003123283386230469,4.5299530029296875e-06,10,True
221,0.11349953679295743,0.11441540349539459,0.11702651388376706,0.0011588623036378738,29,50,0.0003666877746582031,4.0531158447265625e-06,10,True
222,0.11349953679295743,0.11441540349539459,0.11702651388376706,0.0011588623036378738,29,50,0.00029659271240234375,3.814697265625e-06,10,True
223,0.11349953679295743,0.11441540349539459,0.11702651388376706,0.0011588623036378738,29,50,0.0002906322479248047,5.0067901611328125e-06,10,True
224,0.11349953679295743,0.11441540349539459,0.11702651388376706,0.0011588623036378738,29,50,0.0003101825714111328,2.1457672119140625e-06,10,True
225,0.11349953679295743,0.11441540349539459,0.11702651388376706,0.0011588623036378738,29,50,0.00029659271240234375,5.0067901611328125e-06,10,True
226,0.11349953679295743,0.11441540349539459,0.11702651388376706,0.0011588623036378738,29,50,0.00030994415283203125,3.337860107421875e-06,10,True
227,0.11349953679295743,0.11441540349539459,0.11702651388376706,0.0011588623036378738,29,50,0.0003714561462402344,6.198883056640625e-06,10,True
228,0.11349953679295743,0.11441540349539459,0.11702651388376706,0.0011588623036378738,29,50,0.0003421306610107422,4.5299530029296875e-06,10,True
229,0.11349953679295743,0.11441540349539459,0.11702651388376706,0.0011588623036378738,29,50,0.0003561973571777344,4.76837158203125e-06,10,True
230,0.11349953679295743,0.11441540349539459,0.11702651388376706,0.0011588623036378738,29,50,0.00031685829162597656,2.6226043701171875e-06,10,True
231,0.11349953679295743,0.11441540349539459,0.11702651388376706,0.0011588623036378738,29,50,0.00030875205993652344,2.1457672119140625e-06,10,True
232,0.11349953679295743,0.11441540349539459,0.11702651388376706,0.0011588623036378738,29,50,0.00029468536376953125,3.0994415283203125e-06,10,True
233,0.11349953679295743,0.11441540349539459,0.11702651388376706,0.0011588623036378738,29,50,0.0003063678741455078,3.5762786865234375e-06,10,True
234,0.11349953679295743,0.11441540349539459,0.11702651388376706,0.0011588623036378738,29,50,0.0003039836883544922,3.5762786865234375e-06,10,True
235,0.11349953679295743,0.11441540349539459,0.11702651388376706,0.0011588623036378738,29,50,0.0003147125244140625,3.337860107421875e-06,10,True
236,0.11349953679295743,0.11441540349539459,0.11702651388376706,0.0011588623036378738,29,50,0.0003218650817871094,3.337860107421875e-06,10,True
237,0.11349953679295743,0.11441540349539459,0.11702651388376706,0.0011588623036378738,29,50,0.0003132820129394531,4.0531158447265625e-06,10,True
238,0.11349953679295743,0.11441540349539459,0.11702651388376706,0.0011588623036378738,29,50,0.00032639503479003906,4.76837158203125e-06,10,True
239,0.11349953679295743,0.11441540349539459,0.11702651388376706,0.0011588623036378738,29,50,0.0003075599670410156,4.76837158203125e-06,10,True
240,0.11349953679295743,0.11441540349539459,0.11702651388376706,0.0011588623036378738,29,50,0.00033354759216308594,3.814697265625e-06,10,True
241,0.11349953679295743,0.11441540349539459,0.11702651388376706,0.0011588623036378738,29,50,0.0004000663757324219,3.5762786865234375e-06,10,True
242,0.11349953679295743,0.11441540349539459,0.11702651388376706,0.0011588623036378738,29,50,0.0003800392150878906,3.337860107421875e-06,10,True
243,0.11349953679295743,0.11441540349539459,0.11702651388376706,0.0011588623036378738,29,50,0.00039768218994140625,3.337860107421875e-06,10,True
244,0.11349953679295743,0.11441540349539459,0.11702651388376706,0.0011588623036378738,29,50,0.0004296302795410156,3.814697265625e-06,10,True
245,0.11349953679295743,0.11441540349539459,0.11702651388376706,0.0011588623036378738,29,50,0.0004227161407470703,5.7220458984375e-06,10,True
246,0.11349953679295743,0.11441540349539459,0.11702651388376706,0.0011588623036378738,29,50,0.00038695335388183594,6.198883056640625e-06,10,True
247,0.11349953679295743,0.11441540349539459,0.11702651388376706,0.0011588623036378738,29,50,0.0003750324249267578,4.76837158203125e-06,10,True
248,0.11349953679295743,0.11441540349539459,0.11702651388376706,0.0011588623036378738,29,50,0.0003788471221923828,3.337860107421875e-06,10,True
249,0.11349953679295743,0.11441540349539459,0.11702651388376706,0.0011588623036378738,29,50,0.0003991127014160156,3.337860107421875e-06,10,True
250,0.11349953679295743,0.11441540349539459,0.11702651388376706,0.0011588623036378738,29,50,0.00040841102600097656,4.76837158203125e-06,10,True
251,0.11349953679295743,0.11441540349539459,0.11702651388376706,0.0011588623036378738,29,50,0.0004260540008544922,3.814697265625e-06,10,True
252,0.11349953679295743,0.11441540349539459,0.11702651388376706,0.0011588623036378738,29,50,0.0003304481506347656,4.291534423828125e-06,10,True
253,0.11349953679295743,0.11441540349539459,0.11702651388376706,0.0011588623036378738,29,50,0.00033473968505859375,5.0067901611328125e-06,10,True
254,0.11349953679295743,0.11441540349539459,0.11702651388376706,0.0011588623036378738,29,50,0.00033736228942871094,4.5299530029296875e-06,10,True
255,0.11349953679295743,0.11441540349539459,0.11702651388376706,0.0011588623036378738,29,50,0.0003192424774169922,3.814697265625e-06,10,True
256,0.11349953679295743,0.11441540349539459,0.11702651388376706,0.0011588623036378738,29,50,0.0005295276641845703,3.337860107421875e-06,10,True
257,0.11349953679295743,0.11441540349539459,0.11702651388376706,0.0011588623036378738,29,50,0.0003097057342529297,4.0531158447265625e-06,10,True
258,0.11349953679295743,0.11441540349539459,0.11702651388376706,0.0011588623036378738,29,50,0.00029921531677246094,3.5762786865234375e-06,10,True
259,0.11349953679295743,0.11441540349539459,0.11702651388376706,0.0011588623036378738,29,50,0.00030159950256347656,2.6226043701171875e-06,10,True
260,0.11349953679295743,0.11441540349539459,0.11702651388376706,0.0011588623036378738,29,50,0.0004379749298095703,4.76837158203125e-06,10,True
261,0.11349953679295743,0.11441540349539459,0.11702651388376706,0.0011588623036378738,29,50,0.0003120899200439453,3.814697265625e-06,10,True
262,0.11349953679295743,0.11441540349539459,0.11702651388376706,0.0011588623036378738,29,50,0.00031185150146484375,5.245208740234375e-06,10,True
263,0.11349953679295743,0.11441540349539459,0.11702651388376706,0.0011588623036378738,29,50,0.0002906322479248047,5.0067901611328125e-06,10,True
264,0.11349953679295743,0.11441540349539459,0.11702651388376706,0.0011588623036378738,29,50,0.0003159046173095703,3.5762786865234375e-06,10,True
265,0.11349953679295743,0.11441540349539459,0.11702651388376706,0.0011588623036378738,29,50,0.0002911090850830078,2.1457672119140625e-06,10,True
266,0.11349953679295743,0.11441540349539459,0.11702651388376706,0.0011588623036378738,29,50,0.0003204345703125,3.814697265625e-06,10,True
267,0.11349953679295743,0.11441540349539459,0.11702651388376706,0.0011588623036378738,29,50,0.00029921531677246094,3.5762786865234375e-06,10,True
268,0.11349953679295743,0.11441540349539459,0.11702651388376706,0.0011588623036378738,29,50,0.0003027915954589844,3.5762786865234375e-06,10,True
269,0.11349953679295743,0.11441540349539459,0.11702651388376706,0.0011588623036378738,29,50,0.0004725456237792969,2.1457672119140625e-06,10,True
270,0.11349953679295743,0.11441540349539459,0.11702651388376706,0.0011588623036378738,29,50,0.0003027915954589844,4.76837158203125e-06,10,True
271,0.11349953679295743,0.11441540349539459,0.11702651388376706,0.0011588623036378738,29,50,0.0003287792205810547,5.0067901611328125e-06,10,True
272,0.11349953679295743,0.11441540349539459,0.11702651388376706,0.0011588623036378738,29,50,0.0003075599670410156,4.76837158203125e-06,10,True
273,0.11349953679295743,0.11441540349539459,0.11702651388376706,0.0011588623036378738,29,50,0.0003528594970703125,2.1457672119140625e-06,10,True
274,0.11349953679295743,0.11441540349539459,0.11702651388376706,0.0011588623036378738,29,50,0.0003788471221923828,4.76837158203125e-06,10,True
275,0.11349953679295743,0.11441540349539459,0.11702651388376706,0.0011588623036378738,29,50,0.0003821849822998047,4.0531158447265625e-06,10,True
276,0.11349953679295743,0.11441540349539459,0.11702651388376706,0.0011588623036378738,29,50,0.0003871917724609375,3.337860107421875e-06,10,True
277,0.11349953679295743,0.11441540349539459,0.11702651388376706,0.0011588623036378738,29,50,0.0005216598510742188,3.0994415283203125e-06,10,True
278,0.11349953679295743,0.11441540349539459,0.11702651388376706,0.0011588623036378738,29,50,0.0003991127014160156,3.337860107421875e-06,10,True
279,0.11349953679295743,0.11441540349539459,0.11702651388376706,0.0011588623036378738,29,50,0.0004394054412841797,4.5299530029296875e-06,10,True
280,0.11349953679295743,0.11441540349539459,0.11702651388376706,0.0011588623036378738,29,50,0.0003943443298339844,4.5299530029296875e-06,10,True
281,0.11349953679295743,0.11441540349539459,0.11702651388376706,0.0011588623036378738,29,50,0.00040602684020996094,3.5762786865234375e-06,10,True
282,0.11349953679295743,0.11441540349539459,0.11702651388376706,0.0011588623036378738,29,50,0.0004417896270751953,4.76837158203125e-06,10,True
283,0.11349953679295743,0.11441540349539459,0.11702651388376706,0.0011588623036378738,29,50,0.0004000663757324219,6.198883056640625e-06,10,True
284,0.11349953679295743,0.11441540349539459,0.11702651388376706,0.0011588623036378738,29,50,0.0003361701965332031,5.9604644775390625e-06,10,True
285,0.11349953679295743,0.11441540349539459,0.11702651388376706,0.0011588623036378738,29,50,0.0003135204315185547,3.337860107421875e-06,10,True
286,0.11349953679295743,0.11441540349539459,0.11702651388376706,0.0011588623036378738,29,50,0.0003147125244140625,3.337860107421875e-06,10,True
287,0.11349953679295743,0.11441540349539459,0.11702651388376706,0.0011588623036378738,29,50,0.0002980232238769531,3.5762786865234375e-06,10,True
288,0.11349953679295743,0.11441540349539459,0.11702651388376706,0.0011588623036378738,29,50,0.00031113624572753906,3.337860107421875e-06,10,True
289,0.11349953679295743,0.11441540349539459,0.11702651388376706,0.0011588623036378738,29,50,0.0003039836883544922,1.52587890625e-05,10,True
290,0.11349953679295743,0.11441540349539459,0.11702651388376706,0.0011588623036378738,29,50,0.0003027915954589844,3.337860107421875e-06,10,True
291,0.11349953679295743,0.11441540349539459,0.11702651388376706,0.0011588623036378738,29,50,0.00042510032653808594,4.76837158203125e-06,10,True
292,0.11349953679295743,0.11441540349539459,0.11702651388376706,0.0011588623036378738,29,50,0.0003159046173095703,4.76837158203125e-06,10,True
293,0.11349953679295743,0.11441540349539459,0.11702651388376706,0.0011588623036378738,29,50,0.0003230571746826172,4.76837158203125e-06,10,True
294,0.11349953679295743,0.11441540349539459,0.11702651388376706,0.0011588623036378738,29,50,0.00030994415283203125,3.5762786865234375e-06,10,True
295,0.11349953679295743,0.11441540349539459,0.11702651388376706,0.0011588623036378738,29,50,0.00044655799865722656,3.337860107421875e-06,10,True
296,0.11349953679295743,0.11441540349539459,0.11702651388376706,0.0011588623036378738,29,50,0.00031685829162597656,2.6226043701171875e-06,10,True
297,0.11349953679295743,0.11441540349539459,0.11702651388376706,0.0011588623036378738,29,50,0.00032901763916015625,4.5299530029296875e-06,10,True
298,0.11349953679295743,0.11441540349539459,0.11702651388376706,0.0011588623036378738,29,50,0.00030875205993652344,3.337860107421875e-06,10,True
299,0.11349953679295743,0.11441540349539459,0.11702651388376706,0.0011588623036378738,29,50,0.00034332275390625,3.337860107421875e-06,10,True
300,0.11349953679295743,0.11441540349539459,0.11702651388376706,0.0011588623036378738,29,50,0.0003275871276855469,3.814697265625e-06,10,True
301,0.11349953679295743,0.11441540349539459,0.11702651388376706,0.0011588623036378738,29,50,0.0003154277801513672,4.0531158447265625e-06,10,True
302,0.11349953679295743,0.11441540349539459,0.11702651388376706,0.0011588623036378738,29,50,0.00032639503479003906,5.0067901611328125e-06,10,True
303,0.11349953679295743,0.11441540349539459,0.11702651388376706,0.0011588623036378738,29,50,0.0003123283386230469,4.5299530029296875e-06,10,True
304,0.11349953679295743,0.11441540349539459,0.11702651388376706,0.0011588623036378738,29,50,0.0003108978271484375,4.76837158203125e-06,10,True
305,0.11349953679295743,0.11441540349539459,0.11702651388376706,0.0011588623036378738,29,50,0.0003097057342529297,4.0531158447265625e-06,10,True
306,0.11349953679295743,0.11441540349539459,0.11702651388376706,0.0011588623036378738,29,50,0.0003066062927246094,3.0994415283203125e-06,10,True
307,0.11349953679295743,0.11441540349539459,0.11702651388376706,0.0011588623036378738,29,50,0.00031685829162597656,5.0067901611328125e-06,10,True
308,0.11349953679295743,0.11441540349539459,0.11702651388376706,0.0011588623036378738,29,50,0.0003027915954589844,3.814697265625e-06,10,True
309,0.11349953679295743,0.11441540349539459,0.11702651388376706,0.0011588623036378738,29,50,0.0004215240478515625,4.76837158203125e-06,10,True
310,0.11349953679295743,0.11441540349539459,0.11702651388376706,0.0011588623036378738,29,50,0.0003407001495361328,3.5762786865234375e-06,10,True
311,0.11349953679295743,0.11441540349539459,0.11702651388376706,0.0011588623036378738,29,50,0.0003979206085205078,5.7220458984375e-06,10,True
312,0.11349953679295743,0.11441540349539459,0.11702651388376706,0.0011588623036378738,29,50,0.0003681182861328125,4.5299530029296875e-06,10,True
313,0.11349953679295743,0.11441540349539459,0.11702651388376706,0.0011588623036378738,29,50,0.0004012584686279297,4.76837158203125e-06,10,True
314,0.11349953679295743,0.11441540349539459,0.11702651388376706,0.0011588623036378738,29,50,0.00040602684020996094,3.5762786865234375e-06,10,True
315,0.11349953679295743,0.11441540349539459,0.11702651388376706,0.0011588623036378738,29,50,0.0004439353942871094,4.76837158203125e-06,10,True
316,0.11349953679295743,0.11441540349539459,0.11702651388376706,0.0011588623036378738,29,50,0.0004181861877441406,3.5762786865234375e-06,10,True
317,0.11349953679295743,0.11441540349539459,0.11702651388376706,0.0011588623036378738,29,50,0.0003802776336669922,4.5299530029296875e-06,10,True
318,0.11349953679295743,0.11441540349539459,0.11702651388376706,0.0011588623036378738,29,50,0.0003714561462402344,3.814697265625e-06,10,True
319,0.11349953679295743,0.11441540349539459,0.11702651388376706,0.0011588623036378738,29,50,0.0003871917724609375,3.337860107421875e-06,10,True
320,0.11349953679295743,0.11441540349539459,0.11702651388376706,0.0011588623036378738,29,50,0.00044655799865722656,4.5299530029296875e-06,10,True
321,0.11349953679295743,0.11441540349539459,0.11702651388376706,0.0011588623036378738,29,50,0.00040841102600097656,3.337860107421875e-06,10,True
322,0.11349953679295743,0.11441540349539459,0.11702651388376706,0.0011588623036378738,29,50,0.0004239082336425781,4.5299530029296875e-06,10,True
323,0.11349953679295743,0.11441540349539459,0.11702651388376706,0.0011588623036378738,29,50,0.00034546852111816406,4.76837158203125e-06,10,True
324,0.11349953679295743,0.11441540349539459,0.11702651388376706,0.0011588623036378738,29,50,0.0005593299865722656,3.337860107421875e-06,10,True
325,0.11349953679295743,0.11441540349539459,0.11702651388376706,0.0011588623036378738,29,50,0.0003275871276855469,3.814697265625e-06,10,True
326,0.11349953679295743,0.11441540349539459,0.11702651388376706,0.0011588623036378738,29,50,0.0003178119659423828,5.245208740234375e-06,10,True
327,0.11349953679295743,0.11441540349539459,0.11702651388376706,0.0011588623036378738,29,50,0.00030875205993652344,3.5762786865234375e-06,10,True
328,0.11349953679295743,0.11441540349539459,0.11702651388376706,0.0011588623036378738,29,50,0.00032639503479003906,2.6226043701171875e-06,10,True
329,0.11349953679295743,0.11441540349539459,0.11702651388376706,0.0011588623036378738,29,50,0.00042510032653808594,5.9604644775390625e-06,10,True
330,0.11349953679295743,0.11441540349539459,0.11702651388376706,0.0011588623036378738,29,50,0.0003669261932373047,4.76837158203125e-06,10,True
331,0.11349953679295743,0.11441540349539459,0.11702651388376706,0.0011588623036378738,29,50,0.000431060791015625,5.7220458984375e-06,10,True
332,0.11349953679295743,0.11441540349539459,0.11702651388376706,0.0011588623036378738,29,50,0.0003516674041748047,4.5299530029296875e-06,10,True
333,0.11349953679295743,0.11441540349539459,0.11702651388376706,0.0011588623036378738,29,50,0.0003135204315185547,4.5299530029296875e-06,10,True
334,0.11349953679295743,0.11441540349539459,0.11702651388376706,0.0011588623036378738,29,50,0.0003135204315185547,3.337860107421875e-06,10,True
335,0.11349953679295743,0.11441540349539459,0.11702651388376706,0.0011588623036378738,29,50,0.00031566619873046875,2.6226043701171875e-06,10,True
336,0.11349953679295743,0.11441540349539459,0.11702651388376706,0.0011588623036378738,29,50,0.00030159950256347656,1.430511474609375e-06,10,True
337,0.11349953679295743,0.11441540349539459,0.11702651388376706,0.0011588623036378738,29,50,0.0003039836883544922,3.337860107421875e-06,10,True
338,0.11349953679295743,0.11441540349539459,0.11702651388376706,0.0011588623036378738,29,50,0.00030159950256347656,2.6226043701171875e-06,10,True
339,0.11349953679295743,0.11441540349539459,0.11702651388376706,0.0011588623036378738,29,50,0.00030875205993652344,4.76837158203125e-06,10,True
340,0.11349953679295743,0.11441540349539459,0.11702651388376706,0.0011588623036378738,29,50,0.0003123283386230469,3.5762786865234375e-06,10,True
341,0.11349953679295743,0.11441540349539459,0.11702651388376706,0.0011588623036378738,29,50,0.00033593177795410156,2.6226043701171875e-06,10,True
342,0.11349953679295743,0.11441540349539459,0.11702651388376706,0.0011588623036378738,29,50,0.0003204345703125,2.6226043701171875e-06,10,True
343,0.11349953679295743,0.11441540349539459,0.11702651388376706,0.0011588623036378738,29,50,0.0004143714904785156,4.5299530029296875e-06,10,True
344,0.11349953679295743,0.11441540349539459,0.11702651388376706,0.0011588623036378738,29,50,0.0003802776336669922,4.5299530029296875e-06,10,True
345,0.11349953679295743,0.11441540349539459,0.11702651388376706,0.0011588623036378738,29,50,0.00039887428283691406,3.814697265625e-06,10,True
346,0.11349953679295743,0.11441540349539459,0.11702651388376706,0.0011588623036378738,29,50,0.00040841102600097656,3.337860107421875e-06,10,True
347,0.11349953679295743,0.11441540349539459,0.11702651388376706,0.0011588623036378738,29,50,0.00042247772216796875,5.0067901611328125e-06,10,True
348,0.11349953679295743,0.11441540349539459,0.11702651388376706,0.0011588623036378738,29,50,0.0004119873046875,3.5762786865234375e-06,10,True
349,0.11349953679295743,0.11441540349539459,0.11702651388376706,0.0011588623036378738,29,50,0.0003979206085205078,5.7220458984375e-06,10,True
350,0.11349953679295743,0.11441540349539459,0.11702651388376706,0.0011588623036378738,29,50,0.0003943443298339844,3.5762786865234375e-06,10,True
351,0.11349953679295743,0.11441540349539459,0.11702651388376706,0.0011588623036378738,29,50,0.000431060791015625,4.76837158203125e-06,10,True
352,0.11349953679295743,0.11441540349539459,0.11702651388376706,0.0011588623036378738,29,50,0.00064849853515625,4.5299530029296875e-06,10,True
353,0.11349953679295743,0.11441540349539459,0.11702651388376706,0.0011588623036378738,29,50,0.0003383159637451172,3.814697265625e-06,10,True
354,0.11349953679295743,0.11441540349539459,0.11702651388376706,0.0011588623036378738,29,50,0.00032639503479003906,3.814697265625e-06,10,True
355,0.11349953679295743,0.11441540349539459,0.11702651388376706,0.0011588623036378738,29,50,0.00031113624572753906,3.5762786865234375e-06,10,True
356,0.11349953679295743,0.11441540349539459,0.11702651388376706,0.0011588623036378738,29,50,0.0004761219024658203,3.5762786865234375e-06,10,True
357,0.11349953679295743,0.11441540349539459,0.11702651388376706,0.0011588623036378738,29,50,0.0003075599670410156,3.5762786865234375e-06,10,True
358,0.11349953679295743,0.11441540349539459,0.11702651388376706,0.0011588623036378738,29,50,0.0003228187561035156,3.814697265625e-06,10,True
359,0.11349953679295743,0.11441540349539459,0.11702651388376706,0.0011588623036378738,29,50,0.0003147125244140625,3.0994415283203125e-06,10,True
360,0.11349953679295743,0.11441540349539459,0.11702651388376706,0.0011588623036378738,29,50,0.0003337860107421875,3.337860107421875e-06,10,True
361,0.11349953679295743,0.11441540349539459,0.11702651388376706,0.0011588623036378738,29,50,0.0003077983856201172,1.9073486328125e-06,10,True
362,0.11349953679295743,0.11441540349539459,0.11702651388376706,0.0011588623036378738,29,50,0.0003085136413574219,2.6226043701171875e-06,10,True
363,0.11349953679295743,0.11441540349539459,0.11702651388376706,0.0011588623036378738,29,50,0.0004608631134033203,4.5299530029296875e-06,10,True
364,0.11349953679295743,0.11441540349539459,0.11702651388376706,0.0011588623036378738,29,50,0.00031566619873046875,3.814697265625e-06,10,True
365,0.11349953679295743,0.11441540349539459,0.11702651388376706,0.0011588623036378738,29,50,0.00032639503479003906,3.5762786865234375e-06,10,True
366,0.11349953679295743,0.11441540349539459,0.11702651388376706,0.0011588623036378738,29,50,0.00030159950256347656,3.5762786865234375e-06,10,True
367,0.11349953679295743,0.11441540349539459,0.11702651388376706,0.0011588623036378738,29,50,0.00032901763916015625,3.337860107421875e-06,10,True
368,0.11349953679295743,0.11441540349539459,0.11702651388376706,0.0011588623036378738,29,50,0.0003135204315185547,4.76837158203125e-06,10,True
369,0.11349953679295743,0.11441540349539459,0.11702651388376706,0.0011588623036378738,29,50,0.0003159046173095703,2.384185791015625e-06,10,True
370,0.11349953679295743,0.11441540349539459,0.11702651388376706,0.0011588623036378738,29,50,0.0003039836883544922,3.337860107421875e-06,10,True
371,0.11349953679295743,0.11441540349539459,0.11702651388376706,0.0011588623036378738,29,50,0.0003147125244140625,3.337860107421875e-06,10,True
372,0.11349953679295743,0.11441540349539459,0.11702651388376706,0.0011588623036378738,29,50,0.0003039836883544922,4.76837158203125e-06,10,True
373,0.11349953679295743,0.11441540349539459,0.11702651388376706,0.0011588623036378738,29,50,0.00030875205993652344,4.5299530029296875e-06,10,True
374,0.11349953679295743,0.11441540349539459,0.11702651388376706,0.0011588623036378738,29,50,0.0005071163177490234,3.337860107421875e-06,10,True
375,0.11349953679295743,0.11441540349539459,0.11702651388376706,0.0011588623036378738,29,50,0.0003159046173095703,5.9604644775390625e-06,10,True
376,0.11349953679295743,0.11441540349539459,0.11702651388376706,0.0011588623036378738,29,50,0.0003311634063720703,2.384185791015625e-06,10,True
377,0.11349953679295743,0.11441540349539459,0.11702651388376706,0.0011588623036378738,29,50,0.0003421306610107422,4.291534423828125e-06,10,True
378,0.11349953679295743,0.11441540349539459,0.11702651388376706,0.0011588623036378738,29,50,0.00040841102600097656,3.5762786865234375e-06,10,True
379,0.11349953679295743,0.11441540349539459,0.11702651388376706,0.0011588623036378738,29,50,0.0003705024719238281,5.0067901611328125e-06,10,True
380,0.11349953679295743,0.11441540349539459,0.11702651388376706,0.0011588623036378738,29,50,0.0004036426544189453,4.76837158203125e-06,10,True
381,0.11349953679295743,0.11441540349539459,0.11702651388376706,0.0011588623036378738,29,50,0.0004107952117919922,5.9604644775390625e-06,10,True
382,0.11349953679295743,0.11441540349539459,0.11702651388376706,0.0011588623036378738,29,50,0.0004343986511230469,4.76837158203125e-06,10,True
383,0.11349953679295743,0.11441540349539459,0.11702651388376706,0.0011588623036378738,29,50,0.0003871917724609375,3.337860107421875e-06,10,True
384,0.11349953679295743,0.11441540349539459,0.11702651388376706,0.0011588623036378738,29,50,0.0003800392150878906,5.7220458984375e-06,10,True
385,0.11349953679295743,0.11441540349539459,0.11702651388376706,0.0011588623036378738,29,50,0.0003788471221923828,4.5299530029296875e-06,10,True
386,0.11349953679295743,0.11441540349539459,0.11702651388376706,0.0011588623036378738,29,50,0.0004405975341796875,4.5299530029296875e-06,10,True
387,0.11349953679295743,0.11441540349539459,0.11702651388376706,0.0011588623036378738,29,50,0.00048661231994628906,5.0067901611328125e-06,10,True
388,0.11349953679295743,0.11441540349539459,0.11702651388376706,0.0011588623036378738,29,50,0.0003421306610107422,3.0994415283203125e-06,10,True
389,0.11349953679295743,0.11441540349539459,0.11702651388376706,0.0011588623036378738,29,50,0.0003371238708496094,3.5762786865234375e-06,10,True
390,0.11349953679295743,0.11441540349539459,0.11702651388376706,0.0011588623036378738,29,50,0.0003275871276855469,3.5762786865234375e-06,10,True
391,0.11349953679295743,0.11441540349539459,0.11702651388376706,0.0011588623036378738,29,50,0.0003380775451660156,2.6226043701171875e-06,10,True
392,0.11349953679295743,0.11441540349539459,0.11702651388376706,0.0011588623036378738,29,50,0.0003516674041748047,2.384185791015625e-06,10,True
393,0.11349953679295743,0.11441540349539459,0.11702651388376706,0.0011588623036378738,29,50,0.00031685829162597656,3.5762786865234375e-06,10,True
394,0.11349953679295743,0.11441540349539459,0.11702651388376706,0.0011588623036378738,29,50,0.0003027915954589844,4.5299530029296875e-06,10,True
395,0.11349953679295743,0.11441540349539459,0.11702651388376706,0.0011588623036378738,29,50,0.00031948089599609375,4.5299530029296875e-06,10,True
396,0.11349953679295743,0.11441540349539459,0.11702651388376706,0.0011588623036378738,29,50,0.00032067298889160156,3.337860107421875e-06,10,True
397,0.11349953679295743,0.11441540349539459,0.11702651388376706,0.0011588623036378738,29,50,0.00032782554626464844,2.384185791015625e-06,10,True
398,0.11349953679295743,0.11441540349539459,0.11702651388376706,0.0011588623036378738,29,50,0.00046563148498535156,4.291534423828125e-06,10,True
399,0.11349953679295743,0.11441540349539459,0.11702651388376706,0.0011588623036378738,29,50,0.00031948089599609375,5.9604644775390625e-06,10,True
400,0.11349953679295743,0.11441540349539459,0.11702651388376706,0.0011588623036378738,29,50,0.00032401084899902344,3.814697265625e-06,10,True
401,0.11349953679295743,0.11441540349539459,0.11702651388376706,0.0011588623036378738,29,50,0.0003361701965332031,2.384185791015625e-06,10,True
402,0.11349953679295743,0.11441540349539459,0.11702651388376706,0.0011588623036378738,29,50,0.00033855438232421875,4.5299530029296875e-06,10,True
403,0.11349953679295743,0.11441540349539459,0.11702651388376706,0.0011588623036378738,29,50,0.0003159046173095703,3.337860107421875e-06,10,True
404,0.11349953679295743,0.11441540349539459,0.11702651388376706,0.0011588623036378738,29,50,0.00035643577575683594,0.0001575946807861328,10,True
405,0.11349953679295743,0.11441540349539459,0.11702651388376706,0.0011588623036378738,29,50,0.0003230571746826172,4.76837158203125e-06,10,True
406,0.11349953679295743,0.11441540349539459,0.11702651388376706,0.0011588623036378738,29,50,0.00041794776916503906,4.5299530029296875e-06,10,True
407,0.11349953679295743,0.11441540349539459,0.11702651388376706,0.0011588623036378738,29,50,0.00031948089599609375,4.5299530029296875e-06,10,True
408,0.11349953679295743,0.11441540349539459,0.11702651388376706,0.0011588623036378738,29,50,0.0003204345703125,3.5762786865234375e-06,10,True
409,0.11349953679295743,0.11441540349539459,0.11702651388376706,0.0011588623036378738,29,50,0.00031566619873046875,3.5762786865234375e-06,10,True
410,0.11349953679295743,0.11441540349539459,0.11702651388376706,0.0011588623036378738,29,50,0.0003218650817871094,2.1457672119140625e-06,10,True
411,0.11349953679295743,0.11441540349539459,0.11702651388376706,0.0011588623036378738,29,50,0.0004131793975830078,3.5762786865234375e-06,10,True
412,0.11349953679295743,0.11441540349539459,0.11702651388376706,0.0011588623036378738,29,50,0.0003654956817626953,3.5762786865234375e-06,10,True
413,0.11349953679295743,0.11441540349539459,0.11702651388376706,0.0011588623036378738,29,50,0.0003941059112548828,5.0067901611328125e-06,10,True
414,0.11349953679295743,0.11441540349539459,0.11702651388376706,0.0011588623036378738,29,50,0.00042057037353515625,4.76837158203125e-06,10,True
415,0.11349953679295743,0.11441540349539459,0.11702651388376706,0.0011588623036378738,29,50,0.0004343986511230469,5.0067901611328125e-06,10,True
416,0.11349953679295743,0.11441540349539459,0.11702651388376706,0.0011588623036378738,29,50,0.0004475116729736328,5.0067901611328125e-06,10,True
417,0.11349953679295743,0.11441540349539459,0.11702651388376706,0.0011588623036378738,29,50,0.0004379749298095703,5.0067901611328125e-06,10,True
418,0.11349953679295743,0.11441540349539459,0.11702651388376706,0.0011588623036378738,29,50,0.00039505958557128906,5.245208740234375e-06,10,True
419,0.11349953679295743,0.11441540349539459,0.11702651388376706,0.0011588623036378738,29,50,0.0004096031188964844,5.0067901611328125e-06,10,True
420,0.11349953679295743,0.11441540349539459,0.11702651388376706,0.0011588623036378738,29,50,0.0004191398620605469,5.9604644775390625e-06,10,True
421,0.11349953679295743,0.11441540349539459,0.11702651388376706,0.0011588623036378738,29,50,0.0007007122039794922,4.5299530029296875e-06,10,True
422,0.11349953679295743,0.11441540349539459,0.11702651388376706,0.0011588623036378738,29,50,0.0003540515899658203,5.7220458984375e-06,10,True
423,0.11349953679295743,0.11441540349539459,0.11702651388376706,0.0011588623036378738,29,50,0.0003249645233154297,5.245208740234375e-06,10,True
424,0.11349953679295743,0.11441540349539459,0.11702651388376706,0.0011588623036378738,29,50,0.00032782554626464844,4.5299530029296875e-06,10,True
425,0.11349953679295743,0.11441540349539459,0.11702651388376706,0.0011588623036378738,29,50,0.00035643577575683594,4.5299530029296875e-06,10,True
426,0.11349953679295743,0.11441540349539459,0.11702651388376706,0.0011588623036378738,29,50,0.00034308433532714844,3.5762786865234375e-06,10,True
427,0.11349953679295743,0.11441540349539459,0.11702651388376706,0.0011588623036378738,29,50,0.0003266334533691406,3.337860107421875e-06,10,True
428,0.11349953679295743,0.11441540349539459,0.11702651388376706,0.0011588623036378738,29,50,0.0003120899200439453,3.814697265625e-06,10,True
429,0.11349953679295743,0.11441540349539459,0.11702651388376706,0.0011588623036378738,29,50,0.0004987716674804688,2.1457672119140625e-06,10,True
430,0.11349953679295743,0.11441540349539459,0.11702651388376706,0.0011588623036378738,29,50,0.00032901763916015625,9.72747802734375e-05,10,True
431,0.11349953679295743,0.11441540349539459,0.11702651388376706,0.0011588623036378738,29,50,0.0003619194030761719,4.0531158447265625e-06,10,True
432,0.11349953679295743,0.11441540349539459,0.11702651388376706,0.0011588623036378738,29,50,0.0003204345703125,5.0067901611328125e-06,10,True
433,0.11349953679295743,0.11441540349539459,0.11702651388376706,0.0011588623036378738,29,50,0.0003299713134765625,3.5762786865234375e-06,10,True
434,0.11349953679295743,0.11441540349539459,0.11702651388376706,0.0011588623036378738,29,50,0.00034332275390625,3.337860107421875e-06,10,True
435,0.11349953679295743,0.11441540349539459,0.11702651388376706,0.0011588623036378738,29,50,0.0003123283386230469,3.5762786865234375e-06,10,True
436,0.11349953679295743,0.11441540349539459,0.11702651388376706,0.0011588623036378738,29,50,0.00030517578125,2.6226043701171875e-06,10,True
437,0.11349953679295743,0.11441540349539459,0.11702651388376706,0.0011588623036378738,29,50,0.0002970695495605469,3.5762786865234375e-06,10,True
438,0.11349953679295743,0.11441540349539459,0.11702651388376706,0.0011588623036378738,29,50,0.0003173351287841797,4.291534423828125e-06,10,True
439,0.11349953679295743,0.11441540349539459,0.11702651388376706,0.0011588623036378738,29,50,0.00030159950256347656,4.76837158203125e-06,10,True
440,0.11349953679295743,0.11441540349539459,0.11702651388376706,0.0011588623036378738,29,50,0.0003204345703125,3.5762786865234375e-06,10,True
441,0.11349953679295743,0.11441540349539459,0.11702651388376706,0.0011588623036378738,29,50,0.00030994415283203125,3.814697265625e-06,10,True
442,0.11349953679295743,0.11441540349539459,0.11702651388376706,0.0011588623036378738,29,50,0.0003132820129394531,3.5762786865234375e-06,10,True
443,0.11349953679295743,0.11441540349539459,0.11702651388376706,0.0011588623036378738,29,50,0.0003204345703125,5.0067901611328125e-06,10,True
444,0.11349953679295743,0.11441540349539459,0.11702651388376706,0.0011588623036378738,29,50,0.0003871917724609375,3.337860107421875e-06,10,True
445,0.11349953679295743,0.11441540349539459,0.11702651388376706,0.0011588623036378738,29,50,0.00037741661071777344,4.76837158203125e-06,10,True
446,0.11349953679295743,0.11441540349539459,0.11702651388376706,0.0011588623036378738,29,50,0.00036215782165527344,5.9604644775390625e-06,10,True
447,0.11349953679295743,0.11441540349539459,0.11702651388376706,0.0011588623036378738,29,50,0.0004086494445800781,5.7220458984375e-06,10,True
448,0.11349953679295743,0.11441540349539459,0.11702651388376706,0.0011588623036378738,29,50,0.00044989585876464844,4.76837158203125e-06,10,True
449,0.11349953679295743,0.11441540349539459,0.11702651388376706,0.0011588623036378738,29,50,0.0004665851593017578,7.152557373046875e-06,10,True
450,0.11349953679295743,0.11441540349539459,0.11702651388376706,0.0011588623036378738,29,50,0.000640869140625,5.0067901611328125e-06,10,True
451,0.11349953679295743,0.11441540349539459,0.11702651388376706,0.0011588623036378738,29,50,0.00041556358337402344,5.7220458984375e-06,10,True
452,0.11349953679295743,0.11441540349539459,0.11702651388376706,0.0011588623036378738,29,50,0.0004146099090576172,5.4836273193359375e-06,10,True
453,0.11349953679295743,0.11441540349539459,0.11702651388376706,0.0011588623036378738,29,50,0.00043463706970214844,5.9604644775390625e-06,10,True
454,0.11349953679295743,0.11441540349539459,0.11702651388376706,0.0011588623036378738,29,50,0.0004322528839111328,4.76837158203125e-06,10,True
455,0.11349953679295743,0.11441540349539459,0.11702651388376706,0.0011588623036378738,29,50,0.00043582916259765625,3.337860107421875e-06,10,True
456,0.11349953679295743,0.11441540349539459,0.11702651388376706,0.0011588623036378738,29,50,0.0005054473876953125,6.198883056640625e-06,10,True
457,0.11349953679295743,0.11441540349539459,0.11702651388376706,0.0011588623036378738,29,50,0.0005164146423339844,5.7220458984375e-06,10,True
458,0.11349953679295743,0.11441540349539459,0.11702651388376706,0.0011588623036378738,29,50,0.0007386207580566406,5.7220458984375e-06,10,True
459,0.11349953679295743,0.11441540349539459,0.11702651388376706,0.0011588623036378738,29,50,0.0004608631134033203,4.5299530029296875e-06,10,True
460,0.11349953679295743,0.11441540349539459,0.11702651388376706,0.0011588623036378738,29,50,0.00037860870361328125,3.5762786865234375e-06,10,True
461,0.11349953679295743,0.11441540349539459,0.11702651388376706,0.0011588623036378738,29,50,0.0004973411560058594,5.9604644775390625e-06,10,True
462,0.11349953679295743,0.11441540349539459,0.11702651388376706,0.0011588623036378738,29,50,0.0003478527069091797,5.9604644775390625e-06,10,True
463,0.11349953679295743,0.11441540349539459,0.11702651388376706,0.0011588623036378738,29,50,0.00037980079650878906,5.9604644775390625e-06,10,True
464,0.11349953679295743,0.11441540349539459,0.11702651388376706,0.0011588623036378738,29,50,0.00039196014404296875,4.5299530029296875e-06,10,True
465,0.11349953679295743,0.11441540349539459,0.11702651388376706,0.0011588623036378738,29,50,0.00032901763916015625,4.5299530029296875e-06,10,True
466,0.11349953679295743,0.11441540349539459,0.11702651388376706,0.0011588623036378738,29,50,0.0003266334533691406,4.76837158203125e-06,10,True
467,0.11349953679295743,0.11441540349539459,0.11702651388376706,0.0011588623036378738,29,50,0.0003287792205810547,2.384185791015625e-06,10,True
468,0.11349953679295743,0.11441540349539459,0.11702651388376706,0.0011588623036378738,29,50,0.0003159046173095703,3.337860107421875e-06,10,True
469,0.11349953679295743,0.11441540349539459,0.11702651388376706,0.0011588623036378738,29,50,0.0003609657287597656,3.5762786865234375e-06,10,True
470,0.11349953679295743,0.11441540349539459,0.11702651388376706,0.0011588623036378738,29,50,0.0003132820129394531,5.0067901611328125e-06,10,True
471,0.11349953679295743,0.11441540349539459,0.11702651388376706,0.0011588623036378738,29,50,0.00033736228942871094,3.337860107421875e-06,10,True
472,0.11349953679295743,0.11441540349539459,0.11702651388376706,0.0011588623036378738,29,50,0.0003180503845214844,2.86102294921875e-06,10,True
473,0.11349953679295743,0.11441540349539459,0.11702651388376706,0.0011588623036378738,29,50,0.00032901763916015625,3.5762786865234375e-06,10,True
474,0.11349953679295743,0.11441540349539459,0.11702651388376706,0.0011588623036378738,29,50,0.0003097057342529297,5.0067901611328125e-06,10,True
475,0.11349953679295743,0.11441540349539459,0.11702651388376706,0.0011588623036378738,29,50,0.0004036426544189453,4.76837158203125e-06,10,True
476,0.11349953679295743,0.11441540349539459,0.11702651388376706,0.0011588623036378738,29,50,0.00036907196044921875,5.0067901611328125e-06,10,True
477,0.11349953679295743,0.11441540349539459,0.11702651388376706,0.0011588623036378738,29,50,0.00044274330139160156,7.152557373046875e-06,10,True
478,0.11349953679295743,0.11441540349539459,0.11702651388376706,0.0011588623036378738,29,50,0.0004227161407470703,3.5762786865234375e-06,10,True
479,0.11349953679295743,0.11441540349539459,0.11702651388376706,0.0011588623036378738,29,50,0.0004394054412841797,6.198883056640625e-06,10,True
480,0.11349953679295743,0.11441540349539459,0.11702651388376706,0.0011588623036378738,29,50,0.0004546642303466797,5.0067901611328125e-06,10,True
481,0.11349953679295743,0.11441540349539459,0.11702651388376706,0.0011588623036378738,29,50,0.0005521774291992188,5.7220458984375e-06,10,True
482,0.11349953679295743,0.11441540349539459,0.11702651388376706,0.0011588623036378738,29,50,0.00041794776916503906,3.337860107421875e-06,10,True
483,0.11349953679295743,0.11441540349539459,0.11702651388376706,0.0011588623036378738,29,50,0.00043487548828125,4.5299530029296875e-06,10,True
484,0.11349953679295743,0.11441540349539459,0.11702651388376706,0.0011588623036378738,29,50,0.0004405975341796875,3.337860107421875e-06,10,True
485,0.11349953679295743,0.11441540349539459,0.11702651388376706,0.0011588623036378738,29,50,0.00038242340087890625,4.76837158203125e-06,10,True
486,0.11349953679295743,0.11441540349539459,0.11702651388376706,0.0011588623036378738,29,50,0.00032901763916015625,4.5299530029296875e-06,10,True
487,0.11349953679295743,0.11441540349539459,0.11702651388376706,0.0011588623036378738,29,50,0.00033736228942871094,3.337860107421875e-06,10,True
488,0.11349953679295743,0.11441540349539459,0.11702651388376706,0.0011588623036378738,29,50,0.00031566619873046875,3.814697265625e-06,10,True
489,0.11349953679295743,0.11441540349539459,0.11702651388376706,0.0011588623036378738,29,50,0.0003218650817871094,3.337860107421875e-06,10,True
490,0.11349953679295743,0.11441540349539459,0.11702651388376706,0.0011588623036378738,29,50,0.0003132820129394531,5.0067901611328125e-06,10,True
491,0.11349953679295743,0.11441540349539459,0.11702651388376706,0.0011588623036378738,29,50,0.00032401084899902344,5.0067901611328125e-06,10,True
492,0.11349953679295743,0.11441540349539459,0.11702651388376706,0.0011588623036378738,29,50,0.00033593177795410156,4.76837158203125e-06,10,True
493,0.11349953679295743,0.11441540349539459,0.11702651388376706,0.0011588623036378738,29,50,0.0003192424774169922,3.814697265625e-06,10,True
494,0.11349953679295743,0.11441540349539459,0.11702651388376706,0.0011588623036378738,29,50,0.00047397613525390625,4.291534423828125e-06,10,True
495,0.11349953679295743,0.11441540349539459,0.11702651388376706,0.0011588623036378738,29,50,0.00032901763916015625,4.5299530029296875e-06,10,True
496,0.11349953679295743,0.11441540349539459,0.11702651388376706,0.0011588623036378738,29,50,0.00032520294189453125,4.76837158203125e-06,10,True
497,0.11349953679295743,0.11441540349539459,0.11702651388376706,0.0011588623036378738,29,50,0.0003407001495361328,5.0067901611328125e-06,10,True
498,0.11349953679295743,0.11441540349539459,0.11702651388376706,0.0011588623036378738,29,50,0.0003337860107421875,3.337860107421875e-06,10,True
499,0.11349953679295743,0.11441540349539459,0.11702651388376706,0.0011588623036378738,29,50,0.0003218650817871094,4.76837158203125e-06,10,True
500,0.11349953679295743,0.11441540349539459,0.11702651388376706,0.0011588623036378738,29,50,0.0003085136413574219,3.814697265625e-06,10,True
501,0.11349953679295743,0.11441540349539459,0.11702651388376706,0.0011588623036378738,29,50,0.00031113624572753906,3.5762786865234375e-06,10,True
502,0.11349953679295743,0.11441540349539459,0.11702651388376706,0.0011588623036378738,29,50,0.0003132820129394531,2.6226043701171875e-06,10,True
503,0.11349953679295743,0.11441540349539459,0.11702651388376706,0.0011588623036378738,29,50,0.00030612945556640625,2.6226043701171875e-06,10,True
504,0.11349953679295743,0.11441540349539459,0.11702651388376706,0.0011588623036378738,29,50,0.0003170967102050781,3.337860107421875e-06,10,True
505,0.11349953679295743,0.11441540349539459,0.11702651388376706,0.0011588623036378738,29,50,0.0003407001495361328,4.76837158203125e-06,10,True
506,0.11349953679295743,0.11441540349539459,0.11702651388376706,0.0011588623036378738,29,50,0.0003380775451660156,4.0531158447265625e-06,10,True
507,0.11349953679295743,0.11441540349539459,0.11702651388376706,0.0011588623036378738,29,50,0.0003895759582519531,5.9604644775390625e-06,10,True
508,0.11349953679295743,0.11441540349539459,0.11702651388376706,0.0011588623036378738,29,50,0.0003657341003417969,5.9604644775390625e-06,10,True
509,0.11349953679295743,0.11441540349539459,0.11702651388376706,0.0011588623036378738,29,50,0.00033211708068847656,4.0531158447265625e-06,10,True
510,0.11349953679295743,0.11441540349539459,0.11702651388376706,0.0011588623036378738,29,50,0.0003905296325683594,5.9604644775390625e-06,10,True
511,0.11349953679295743,0.11441540349539459,0.11702651388376706,0.0011588623036378738,29,50,0.00044417381286621094,3.337860107421875e-06,10,True
512,0.11349953679295743,0.11441540349539459,0.11702651388376706,0.0011588623036378738,29,50,0.0004382133483886719,4.5299530029296875e-06,10,True
513,0.11349953679295743,0.11441540349539459,0.11702651388376706,0.0011588623036378738,29,50,0.00042247772216796875,4.76837158203125e-06,10,True
514,0.11349953679295743,0.11441540349539459,0.11702651388376706,0.0011588623036378738,29,50,0.0006220340728759766,5.0067901611328125e-06,10,True
515,0.11349953679295743,0.11441540349539459,0.11702651388376706,0.0011588623036378738,29,50,0.0004191398620605469,4.76837158203125e-06,10,True
516,0.11349953679295743,0.11441540349539459,0.11702651388376706,0.0011588623036378738,29,50,0.000431060791015625,3.5762786865234375e-06,10,True
517,0.11349953679295743,0.11441540349539459,0.11702651388376706,0.0011588623036378738,29,50,0.0004703998565673828,5.9604644775390625e-06,10,True
518,0.11349953679295743,0.11441540349539459,0.11702651388376706,0.0011588623036378738,29,50,0.0006589889526367188,5.9604644775390625e-06,10,True
519,0.11349953679295743,0.11441540349539459,0.11702651388376706,0.0011588623036378738,29,50,0.0004582405090332031,7.152557373046875e-06,10,True
520,0.11349953679295743,0.11441540349539459,0.11702651388376706,0.0011588623036378738,29,50,0.0004203319549560547,4.5299530029296875e-06,10,True
521,0.11349953679295743,0.11441540349539459,0.11702651388376706,0.0011588623036378738,29,50,0.0003705024719238281,5.9604644775390625e-06,10,True
522,0.11349953679295743,0.11441540349539459,0.11702651388376706,0.0011588623036378738,29,50,0.0003693103790283203,4.76837158203125e-06,10,True
523,0.11349953679295743,0.11441540349539459,0.11702651388376706,0.0011588623036378738,29,50,0.0003421306610107422,4.5299530029296875e-06,10,True
524,0.11349953679295743,0.11441540349539459,0.11702651388376706,0.0011588623036378738,29,50,0.0003407001495361328,5.9604644775390625e-06,10,True
525,0.11349953679295743,0.11441540349539459,0.11702651388376706,0.0011588623036378738,29,50,0.0003361701965332031,3.0994415283203125e-06,10,True
526,0.11349953679295743,0.11441540349539459,0.11702651388376706,0.0011588623036378738,29,50,0.0003681182861328125,4.76837158203125e-06,10,True
527,0.11349953679295743,0.11441540349539459,0.11702651388376706,0.0011588623036378738,29,50,0.0003147125244140625,4.76837158203125e-06,10,True
528,0.11349953679295743,0.11441540349539459,0.11702651388376706,0.0011588623036378738,29,50,0.00031685829162597656,3.814697265625e-06,10,True
529,0.11349953679295743,0.11441540349539459,0.11702651388376706,0.0011588623036378738,29,50,0.0003705024719238281,3.5762786865234375e-06,10,True
530,0.11349953679295743,0.11441540349539459,0.11702651388376706,0.0011588623036378738,29,50,0.00032901763916015625,5.9604644775390625e-06,10,True
531,0.11349953679295743,0.11441540349539459,0.11702651388376706,0.0011588623036378738,29,50,0.00032806396484375,3.0994415283203125e-06,10,True
532,0.11349953679295743,0.11441540349539459,0.11702651388376706,0.0011588623036378738,29,50,0.00030875205993652344,2.384185791015625e-06,10,True
533,0.11349953679295743,0.11441540349539459,0.11702651388376706,0.0011588623036378738,29,50,0.0003135204315185547,3.5762786865234375e-06,10,True
534,0.11349953679295743,0.11441540349539459,0.11702651388376706,0.0011588623036378738,29,50,0.00029921531677246094,5.0067901611328125e-06,10,True
535,0.11349953679295743,0.11441540349539459,0.11702651388376706,0.0011588623036378738,29,50,0.00031948089599609375,4.76837158203125e-06,10,True
536,0.11349953679295743,0.11441540349539459,0.11702651388376706,0.0011588623036378738,29,50,0.00031447410583496094,5.0067901611328125e-06,10,True
537,0.11349953679295743,0.11441540349539459,0.11702651388376706,0.0011588623036378738,29,50,0.0003159046173095703,4.76837158203125e-06,10,True
538,0.11349953679295743,0.11441540349539459,0.11702651388376706,0.0011588623036378738,29,50,0.00032520294189453125,5.245208740234375e-06,10,True
539,0.11349953679295743,0.11441540349539459,0.11702651388376706,0.0011588623036378738,29,50,0.00031828880310058594,4.5299530029296875e-06,10,True
540,0.11349953679295743,0.11441540349539459,0.11702651388376706,0.0011588623036378738,29,50,0.0004050731658935547,5.9604644775390625e-06,10,True
541,0.11349953679295743,0.11441540349539459,0.11702651388376706,0.0011588623036378738,29,50,0.00035381317138671875,3.5762786865234375e-06,10,True
542,0.11349953679295743,0.11441540349539459,0.11702651388376706,0.0011588623036378738,29,50,0.00037407875061035156,3.337860107421875e-06,10,True
543,0.11349953679295743,0.11441540349539459,0.11702651388376706,0.0011588623036378738,29,50,0.00040721893310546875,4.76837158203125e-06,10,True
544,0.11349953679295743,0.11441540349539459,0.11702651388376706,0.0011588623036378738,29,50,0.0004215240478515625,4.76837158203125e-06,10,True
545,0.11349953679295743,0.11441540349539459,0.11702651388376706,0.0011588623036378738,29,50,0.00036454200744628906,3.5762786865234375e-06,10,True
546,0.11349953679295743,0.11441540349539459,0.11702651388376706,0.0011588623036378738,29,50,0.0003762245178222656,3.814697265625e-06,10,True
547,0.11349953679295743,0.11441540349539459,0.11702651388376706,0.0011588623036378738,29,50,0.0003802776336669922,3.337860107421875e-06,10,True
548,0.11349953679295743,0.11441540349539459,0.11702651388376706,0.0011588623036378738,29,50,0.00038695335388183594,5.0067901611328125e-06,10,True
549,0.11349953679295743,0.11441540349539459,0.11702651388376706,0.0011588623036378738,29,50,0.0004131793975830078,5.9604644775390625e-06,10,True
550,0.11349953679295743,0.11441540349539459,0.11702651388376706,0.0011588623036378738,29,50,0.0005154609680175781,5.7220458984375e-06,10,True
551,0.11349953679295743,0.11441540349539459,0.11702651388376706,0.0011588623036378738,29,50,0.00041675567626953125,3.814697265625e-06,10,True
552,0.11349953679295743,0.11441540349539459,0.11702651388376706,0.0011588623036378738,29,50,0.0003573894500732422,5.7220458984375e-06,10,True
553,0.11349953679295743,0.11441540349539459,0.11702651388376706,0.0011588623036378738,29,50,0.00032639503479003906,3.5762786865234375e-06,10,True
554,0.11349953679295743,0.11441540349539459,0.11702651388376706,0.0011588623036378738,29,50,0.0005712509155273438,4.5299530029296875e-06,10,True
555,0.11349953679295743,0.11441540349539459,0.11702651388376706,0.0011588623036378738,29,50,0.00033855438232421875,3.337860107421875e-06,10,True
556,0.11349953679295743,0.11441540349539459,0.11702651388376706,0.0011588623036378738,29,50,0.0011610984802246094,5.0067901611328125e-06,10,True
557,0.11349953679295743,0.11441540349539459,0.11702651388376706,0.0011588623036378738,29,50,0.00046563148498535156,4.5299530029296875e-06,10,True
558,0.11349953679295743,0.11441540349539459,0.11702651388376706,0.0011588623036378738,29,50,0.00032806396484375,3.0994415283203125e-06,10,True
559,0.11349953679295743,0.11441540349539459,0.11702651388376706,0.0011588623036378738,29,50,0.00031447410583496094,3.814697265625e-06,10,True
560,0.11349953679295743,0.11441540349539459,0.11702651388376706,0.0011588623036378738,29,50,0.00032401084899902344,3.5762786865234375e-06,10,True
561,0.11349953679295743,0.11441540349539459,0.11702651388376706,0.0011588623036378738,29,50,0.00030612945556640625,4.0531158447265625e-06,10,True
562,0.11349953679295743,0.11441540349539459,0.11702651388376706,0.0011588623036378738,29,50,0.0002956390380859375,3.337860107421875e-06,10,True
563,0.11349953679295743,0.11441540349539459,0.11702651388376706,0.0011588623036378738,29,50,0.00033855438232421875,4.5299530029296875e-06,10,True
564,0.11349953679295743,0.11441540349539459,0.11702651388376706,0.0011588623036378738,29,50,0.0003027915954589844,3.5762786865234375e-06,10,True
565,0.11349953679295743,0.11441540349539459,0.11702651388376706,0.0011588623036378738,29,50,0.0003075599670410156,4.76837158203125e-06,10,True
566,0.11349953679295743,0.11441540349539459,0.11702651388376706,0.0011588623036378738,29,50,0.00030493736267089844,3.814697265625e-06,10,True
567,0.11349953679295743,0.11441540349539459,0.11702651388376706,0.0011588623036378738,29,50,0.00029921531677246094,3.337860107421875e-06,10,True
568,0.11349953679295743,0.11441540349539459,0.11702651388376706,0.0011588623036378738,29,50,0.0003275871276855469,3.814697265625e-06,10,True
569,0.11349953679295743,0.11441540349539459,0.11702651388376706,0.0011588623036378738,29,50,0.0003075599670410156,4.5299530029296875e-06,10,True
570,0.11349953679295743,0.11441540349539459,0.11702651388376706,0.0011588623036378738,29,50,0.00038242340087890625,3.5762786865234375e-06,10,True
571,0.11349953679295743,0.11441540349539459,0.11702651388376706,0.0011588623036378738,29,50,0.0003421306610107422,4.5299530029296875e-06,10,True
572,0.11349953679295743,0.11441540349539459,0.11702651388376706,0.0011588623036378738,29,50,0.000408172607421875,4.0531158447265625e-06,10,True
573,0.11349953679295743,0.11441540349539459,0.11702651388376706,0.0011588623036378738,29,50,0.00036454200744628906,3.5762786865234375e-06,10,True
574,0.11349953679295743,0.11441540349539459,0.11702651388376706,0.0011588623036378738,29,50,0.0004024505615234375,4.76837158203125e-06,10,True
575,0.11349953679295743,0.11441540349539459,0.11702651388376706,0.0011588623036378738,29,50,0.0004000663757324219,6.198883056640625e-06,10,True
576,0.11349953679295743,0.11441540349539459,0.11702651388376706,0.0011588623036378738,29,50,0.0004227161407470703,3.5762786865234375e-06,10,True
577,0.11349953679295743,0.11441540349539459,0.11702651388376706,0.0011588623036378738,29,50,0.00041937828063964844,4.5299530029296875e-06,10,True
578,0.11349953679295743,0.11441540349539459,0.11702651388376706,0.0011588623036378738,29,50,0.0003693103790283203,4.291534423828125e-06,10,True
579,0.11349953679295743,0.11441540349539459,0.11702651388376706,0.0011588623036378738,29,50,0.0003681182861328125,4.76837158203125e-06,10,True
580,0.11349953679295743,0.11441540349539459,0.11702651388376706,0.0011588623036378738,29,50,0.0003631114959716797,4.0531158447265625e-06,10,True
581,0.11349953679295743,0.11441540349539459,0.11702651388376706,0.0011588623036378738,29,50,0.0003821849822998047,3.814697265625e-06,10,True
582,0.11349953679295743,0.11441540349539459,0.11702651388376706,0.0011588623036378738,29,50,0.00042629241943359375,4.76837158203125e-06,10,True
583,0.11349953679295743,0.11441540349539459,0.11702651388376706,0.0011588623036378738,29,50,0.0006601810455322266,5.7220458984375e-06,10,True
584,0.11349953679295743,0.11441540349539459,0.11702651388376706,0.0011588623036378738,29,50,0.0005257129669189453,6.198883056640625e-06,10,True
585,0.11349953679295743,0.11441540349539459,0.11702651388376706,0.0011588623036378738,29,50,0.0004451274871826172,7.152557373046875e-06,10,True
586,0.11349953679295743,0.11441540349539459,0.11702651388376706,0.0011588623036378738,29,50,0.0004107952117919922,5.0067901611328125e-06,10,True
587,0.11349953679295743,0.11441540349539459,0.11702651388376706,0.0011588623036378738,29,50,0.00037169456481933594,4.76837158203125e-06,10,True
588,0.11349953679295743,0.11441540349539459,0.11702651388376706,0.0011588623036378738,29,50,0.0004181861877441406,1.3828277587890625e-05,10,True
589,0.11349953679295743,0.11441540349539459,0.11702651388376706,0.0011588623036378738,29,50,0.00043702125549316406,4.5299530029296875e-06,10,True
590,0.11349953679295743,0.11441540349539459,0.11702651388376706,0.0011588623036378738,29,50,0.0007016658782958984,8.106231689453125e-06,10,True
591,0.11349953679295743,0.11441540349539459,0.11702651388376706,0.0011588623036378738,29,50,0.0005426406860351562,7.152557373046875e-06,10,True
592,0.11349953679295743,0.11441540349539459,0.11702651388376706,0.0011588623036378738,29,50,0.0003170967102050781,3.337860107421875e-06,10,True
593,0.11349953679295743,0.11441540349539459,0.11702651388376706,0.0011588623036378738,29,50,0.0003123283386230469,3.5762786865234375e-06,10,True
594,0.11349953679295743,0.11441540349539459,0.11702651388376706,0.0011588623036378738,29,50,0.0003299713134765625,4.76837158203125e-06,10,True
595,0.11349953679295743,0.11441540349539459,0.11702651388376706,0.0011588623036378738,29,50,0.0003135204315185547,2.384185791015625e-06,10,True
596,0.11349953679295743,0.11441540349539459,0.11702651388376706,0.0011588623036378738,29,50,0.0003230571746826172,3.5762786865234375e-06,10,True
597,0.11349953679295743,0.11441540349539459,0.11702651388376706,0.0011588623036378738,29,50,0.0003407001495361328,4.76837158203125e-06,10,True
598,0.11349953679295743,0.11441540349539459,0.11702651388376706,0.0011588623036378738,29,50,0.0003230571746826172,3.5762786865234375e-06,10,True
599,0.11349953679295743,0.11441540349539459,0.11702651388376706,0.0011588623036378738,29,50,0.0003027915954589844,3.5762786865234375e-06,10,True
600,0.11349953679295743,0.11441540349539459,0.11702651388376706,0.0011588623036378738,29,50,0.0003597736358642578,4.76837158203125e-06,10,True
601,0.11349953679295743,0.11441540349539459,0.11702651388376706,0.0011588623036378738,29,50,0.0004248619079589844,5.9604644775390625e-06,10,True
602,0.11349953679295743,0.11441540349539459,0.11702651388376706,0.0011588623036378738,29,50,0.00036787986755371094,3.814697265625e-06,10,True
603,0.11349953679295743,0.11441540349539459,0.11702651388376706,0.0011588623036378738,29,50,0.000396728515625,3.337860107421875e-06,10,True
604,0.11349953679295743,0.11441540349539459,0.11702651388376706,0.0011588623036378738,29,50,0.00038433074951171875,6.198883056640625e-06,10,True
605,0.11349953679295743,0.11441540349539459,0.11702651388376706,0.0011588623036378738,29,50,0.0003991127014160156,4.5299530029296875e-06,10,True
606,0.11349953679295743,0.11441540349539459,0.11702651388376706,0.0011588623036378738,29,50,0.0004394054412841797,4.5299530029296875e-06,10,True
607,0.11349953679295743,0.11441540349539459,0.11702651388376706,0.0011588623036378738,29,50,0.0004239082336425781,5.0067901611328125e-06,10,True
608,0.11349953679295743,0.11441540349539459,0.11702651388376706,0.0011588623036378738,29,50,0.0005140304565429688,5.0067901611328125e-06,10,True
609,0.11349953679295743,0.11441540349539459,0.11702651388376706,0.0011588623036378738,29,50,0.00040268898010253906,4.5299530029296875e-06,10,True
610,0.11349953679295743,0.11441540349539459,0.11702651388376706,0.0011588623036378738,29,50,0.0004596710205078125,4.291534423828125e-06,10,True
611,0.11349953679295743,0.11441540349539459,0.11702651388376706,0.0011588623036378738,29,50,0.0004343986511230469,4.76837158203125e-06,10,True
612,0.11349953679295743,0.11441540349539459,0.11702651388376706,0.0011588623036378738,29,50,0.000377655029296875,2.1457672119140625e-06,10,True
613,0.11349953679295743,0.11441540349539459,0.11702651388376706,0.0011588623036378738,29,50,0.0003478527069091797,3.337860107421875e-06,10,True
614,0.11349953679295743,0.11441540349539459,0.11702651388376706,0.0011588623036378738,29,50,0.0003228187561035156,2.6226043701171875e-06,10,True
615,0.11349953679295743,0.11441540349539459,0.11702651388376706,0.0011588623036378738,29,50,0.0003349781036376953,3.337860107421875e-06,10,True
616,0.11349953679295743,0.11441540349539459,0.11702651388376706,0.0011588623036378738,29,50,0.0003180503845214844,2.6226043701171875e-06,10,True
617,0.11349953679295743,0.11441540349539459,0.11702651388376706,0.0011588623036378738,29,50,0.0003299713134765625,5.0067901611328125e-06,10,True
618,0.11349953679295743,0.11441540349539459,0.11702651388376706,0.0011588623036378738,29,50,0.0003230571746826172,4.76837158203125e-06,10,True
619,0.11349953679295743,0.11441540349539459,0.11702651388376706,0.0011588623036378738,29,50,0.0003132820129394531,5.0067901611328125e-06,10,True
620,0.11349953679295743,0.11441540349539459,0.11702651388376706,0.0011588623036378738,29,50,0.0003218650817871094,4.76837158203125e-06,10,True
621,0.11349953679295743,0.11441540349539459,0.11702651388376706,0.0011588623036378738,29,50,0.00045228004455566406,4.5299530029296875e-06,10,True
622,0.11349953679295743,0.11441540349539459,0.11702651388376706,0.0011588623036378738,29,50,0.0003407001495361328,4.76837158203125e-06,10,True
623,0.11349953679295743,0.11441540349539459,0.11702651388376706,0.0011588623036378738,29,50,0.00033354759216308594,4.76837158203125e-06,10,True
624,0.11349953679295743,0.11441540349539459,0.11702651388376706,0.0011588623036378738,29,50,0.0003597736358642578,4.76837158203125e-06,10,True
625,0.11349953679295743,0.11441540349539459,0.11702651388376706,0.0011588623036378738,29,50,0.0003323554992675781,3.337860107421875e-06,10,True
626,0.11349953679295743,0.11441540349539459,0.11702651388376706,0.0011588623036378738,29,50,0.0003254413604736328,4.5299530029296875e-06,10,True
627,0.11349953679295743,0.11441540349539459,0.11702651388376706,0.0011588623036378738,29,50,0.00031447410583496094,5.0067901611328125e-06,10,True
628,0.11349953679295743,0.11441540349539459,0.11702651388376706,0.0011588623036378738,29,50,0.000392913818359375,2.6226043701171875e-06,10,True
629,0.11349953679295743,0.11441540349539459,0.11702651388376706,0.0011588623036378738,29,50,0.00030517578125,4.5299530029296875e-06,10,True
630,0.11349953679295743,0.11441540349539459,0.11702651388376706,0.0011588623036378738,29,50,0.0003066062927246094,3.0994415283203125e-06,10,True
631,0.11349953679295743,0.11441540349539459,0.11702651388376706,0.0011588623036378738,29,50,0.00042629241943359375,3.5762786865234375e-06,10,True
632,0.11349953679295743,0.11441540349539459,0.11702651388376706,0.0011588623036378738,29,50,0.00033020973205566406,3.337860107421875e-06,10,True
633,0.11349953679295743,0.11441540349539459,0.11702651388376706,0.0011588623036378738,29,50,0.0003228187561035156,5.245208740234375e-06,10,True
634,0.11349953679295743,0.11441540349539459,0.11702651388376706,0.0011588623036378738,29,50,0.0003275871276855469,3.814697265625e-06,10,True
635,0.11349953679295743,0.11441540349539459,0.11702651388376706,0.0011588623036378738,29,50,0.0004379749298095703,4.76837158203125e-06,10,True
636,0.11349953679295743,0.11441540349539459,0.11702651388376706,0.0011588623036378738,29,50,0.00043201446533203125,5.0067901611328125e-06,10,True
637,0.11349953679295743,0.11441540349539459,0.11702651388376706,0.0011588623036378738,29,50,0.00040268898010253906,3.337860107421875e-06,10,True
638,0.11349953679295743,0.11441540349539459,0.11702651388376706,0.0011588623036378738,29,50,0.00047969818115234375,3.5762786865234375e-06,10,True
639,0.11349953679295743,0.11441540349539459,0.11702651388376706,0.0011588623036378738,29,50,0.00047016143798828125,4.5299530029296875e-06,10,True
640,0.11349953679295743,0.11441540349539459,0.11702651388376706,0.0011588623036378738,29,50,0.00037169456481933594,3.5762786865234375e-06,10,True
641,0.11349953679295743,0.11441540349539459,0.11702651388376706,0.0011588623036378738,29,50,0.00036215782165527344,4.5299530029296875e-06,10,True
642,0.11349953679295743,0.11441540349539459,0.11702651388376706,0.0011588623036378738,29,50,0.0004334449768066406,5.9604644775390625e-06,10,True
643,0.11349953679295743,0.11441540349539459,0.11702651388376706,0.0011588623036378738,29,50,0.00040602684020996094,7.152557373046875e-06,10,True
644,0.11349953679295743,0.11441540349539459,0.11702651388376706,0.0011588623036378738,29,50,0.0004024505615234375,4.76837158203125e-06,10,True
645,0.11349953679295743,0.11441540349539459,0.11702651388376706,0.0011588623036378738,29,50,0.0003955364227294922,3.5762786865234375e-06,10,True
646,0.11349953679295743,0.11441540349539459,0.11702651388376706,0.0011588623036378738,29,50,0.00037026405334472656,3.814697265625e-06,10,True
647,0.11349953679295743,0.11441540349539459,0.11702651388376706,0.0011588623036378738,29,50,0.00037407875061035156,4.5299530029296875e-06,10,True
648,0.11349953679295743,0.11441540349539459,0.11702651388376706,0.0011588623036378738,29,50,0.0003597736358642578,5.7220458984375e-06,10,True
649,0.11349953679295743,0.11441540349539459,0.11702651388376706,0.0011588623036378738,29,50,0.0003325939178466797,4.5299530029296875e-06,10,True
650,0.11349953679295743,0.11441540349539459,0.11702651388376706,0.0011588623036378738,29,50,0.0003845691680908203,3.5762786865234375e-06,10,True
651,0.11349953679295743,0.11441540349539459,0.11702651388376706,0.0011588623036378738,29,50,0.0003514289855957031,5.0067901611328125e-06,10,True
652,0.11349953679295743,0.11441540349539459,0.11702651388376706,0.0011588623036378738,29,50,0.0007159709930419922,4.76837158203125e-06,10,True
653,0.11349953679295743,0.11441540349539459,0.11702651388376706,0.0011588623036378738,29,50,0.0006163120269775391,6.198883056640625e-06,10,True
654,0.11349953679295743,0.11441540349539459,0.11702651388376706,0.0011588623036378738,29,50,0.0003609657287597656,5.0067901611328125e-06,10,True
655,0.11349953679295743,0.11441540349539459,0.11702651388376706,0.0011588623036378738,29,50,0.00035858154296875,4.76837158203125e-06,10,True
656,0.11349953679295743,0.11441540349539459,0.11702651388376706,0.0011588623036378738,29,50,0.0003421306610107422,4.5299530029296875e-06,10,True
657,0.11349953679295743,0.11441540349539459,0.11702651388376706,0.0011588623036378738,29,50,0.00033593177795410156,3.814697265625e-06,10,True
658,0.11349953679295743,0.11441540349539459,0.11702651388376706,0.0011588623036378738,29,50,0.0003218650817871094,4.76837158203125e-06,10,True
659,0.11349953679295743,0.11441540349539459,0.11702651388376706,0.0011588623036378738,29,50,0.0003371238708496094,3.5762786865234375e-06,10,True
660,0.11349953679295743,0.11441540349539459,0.11702651388376706,0.0011588623036378738,29,50,0.0003254413604736328,3.337860107421875e-06,10,True
661,0.11349953679295743,0.11441540349539459,0.11702651388376706,0.0011588623036378738,29,50,0.00034427642822265625,3.5762786865234375e-06,10,True
662,0.11349953679295743,0.11441540349539459,0.11702651388376706,0.0011588623036378738,29,50,0.0003299713134765625,5.0067901611328125e-06,10,True
663,0.11349953679295743,0.11441540349539459,0.11702651388376706,0.0011588623036378738,29,50,0.00032901763916015625,4.5299530029296875e-06,10,True
664,0.11349953679295743,0.11441540349539459,0.11702651388376706,0.0011588623036378738,29,50,0.0003323554992675781,3.5762786865234375e-06,10,True
665,0.11349953679295743,0.11441540349539459,0.11702651388376706,0.0011588623036378738,29,50,0.00042247772216796875,5.0067901611328125e-06,10,True
666,0.11349953679295743,0.11441540349539459,0.11702651388376706,0.0011588623036378738,29,50,0.00038695335388183594,3.814697265625e-06,10,True
667,0.11349953679295743,0.11441540349539459,0.11702651388376706,0.0011588623036378738,29,50,0.00040602684020996094,4.76837158203125e-06,10,True
668,0.11349953679295743,0.11441540349539459,0.11702651388376706,0.0011588623036378738,29,50,0.00040721893310546875,3.5762786865234375e-06,10,True
669,0.11349953679295743,0.11441540349539459,0.11702651388376706,0.0011588623036378738,29,50,0.0004286766052246094,3.337860107421875e-06,10,True
670,0.11349953679295743,0.11441540349539459,0.11702651388376706,0.0011588623036378738,29,50,0.00047278404235839844,5.9604644775390625e-06,10,True
671,0.11349953679295743,0.11441540349539459,0.11702651388376706,0.0011588623036378738,29,50,0.000446319580078125,1.6927719116210938e-05,10,True
672,0.11349953679295743,0.11441540349539459,0.11702651388376706,0.0011588623036378738,29,50,0.0004401206970214844,5.245208740234375e-06,10,True
673,0.11349953679295743,0.11441540349539459,0.11702651388376706,0.0011588623036378738,29,50,0.0004487037658691406,3.814697265625e-06,10,True
674,0.11349953679295743,0.11441540349539459,0.11702651388376706,0.0011588623036378738,29,50,0.0004248619079589844,3.814697265625e-06,10,True
675,0.11349953679295743,0.11441540349539459,0.11702651388376706,0.0011588623036378738,29,50,0.0003407001495361328,3.5762786865234375e-06,10,True
676,0.11349953679295743,0.11441540349539459,0.11702651388376706,0.0011588623036378738,29,50,0.00033354759216308594,3.5762786865234375e-06,10,True
677,0.11349953679295743,0.11441540349539459,0.11702651388376706,0.0011588623036378738,29,50,0.0003349781036376953,3.5762786865234375e-06,10,True
678,0.11349953679295743,0.11441540349539459,0.11702651388376706,0.0011588623036378738,29,50,0.00035381317138671875,4.76837158203125e-06,10,True
679,0.11349953679295743,0.11441540349539459,0.11702651388376706,0.0011588623036378738,29,50,0.00036454200744628906,5.9604644775390625e-06,10,True
680,0.11349953679295743,0.11441540349539459,0.11702651388376706,0.0011588623036378738,29,50,0.0004189014434814453,3.814697265625e-06,10,True
681,0.11349953679295743,0.11441540349539459,0.11702651388376706,0.0011588623036378738,29,50,0.0004191398620605469,3.5762786865234375e-06,10,True
682,0.11349953679295743,0.11441540349539459,0.11702651388376706,0.0011588623036378738,29,50,0.00037288665771484375,4.76837158203125e-06,10,True
683,0.11349953679295743,0.11441540349539459,0.11702651388376706,0.0011588623036378738,29,50,0.00034809112548828125,4.5299530029296875e-06,10,True
684,0.11349953679295743,0.11441540349539459,0.11702651388376706,0.0011588623036378738,29,50,0.00034427642822265625,5.9604644775390625e-06,10,True
685,0.11349953679295743,0.11441540349539459,0.11702651388376706,0.0011588623036378738,29,50,0.0003299713134765625,4.5299530029296875e-06,10,True
686,0.11349953679295743,0.11441540349539459,0.11702651388376706,0.0011588623036378738,29,50,0.0003325939178466797,4.5299530029296875e-06,10,True
687,0.11349953679295743,0.11441540349539459,0.11702651388376706,0.0011588623036378738,29,50,0.000324249267578125,3.337860107421875e-06,10,True
688,0.11349953679295743,0.11441540349539459,0.11702651388376706,0.0011588623036378738,29,50,0.0003266334533691406,3.337860107421875e-06,10,True
689,0.11349953679295743,0.11441540349539459,0.11702651388376706,0.0011588623036378738,29,50,0.00040268898010253906,5.9604644775390625e-06,10,True
690,0.11349953679295743,0.11441540349539459,0.11702651388376706,0.0011588623036378738,29,50,0.0003597736358642578,4.5299530029296875e-06,10,True
691,0.11349953679295743,0.11441540349539459,0.11702651388376706,0.0011588623036378738,29,50,0.0003514289855957031,3.337860107421875e-06,10,True
692,0.11349953679295743,0.11441540349539459,0.11702651388376706,0.0011588623036378738,29,50,0.0003218650817871094,4.5299530029296875e-06,10,True
693,0.11349953679295743,0.11441540349539459,0.11702651388376706,0.0011588623036378738,29,50,0.00033354759216308594,3.5762786865234375e-06,10,True
694,0.11349953679295743,0.11441540349539459,0.11702651388376706,0.0011588623036378738,29,50,0.0003218650817871094,3.337860107421875e-06,10,True
695,0.11349953679295743,0.11441540349539459,0.11702651388376706,0.0011588623036378738,29,50,0.00034427642822265625,5.9604644775390625e-06,10,True
696,0.11349953679295743,0.11441540349539459,0.11702651388376706,0.0011588623036378738,29,50,0.0003230571746826172,3.337860107421875e-06,10,True
697,0.11349953679295743,0.11441540349539459,0.11702651388376706,0.0011588623036378738,29,50,0.0003457069396972656,4.5299530029296875e-06,10,True
698,0.11349953679295743,0.11441540349539459,0.11702651388376706,0.0011588623036378738,29,50,0.00031828880310058594,3.337860107421875e-06,10,True
699,0.11349953679295743,0.11441540349539459,0.11702651388376706,0.0011588623036378738,29,50,0.0004355907440185547,3.814697265625e-06,10,True
700,0.11349953679295743,0.11441540349539459,0.11702651388376706,0.0011588623036378738,29,50,0.00037407875061035156,4.76837158203125e-06,10,True
701,0.11349953679295743,0.11441540349539459,0.11702651388376706,0.0011588623036378738,29,50,0.0003821849822998047,3.5762786865234375e-06,10,True
702,0.11349953679295743,0.11441540349539459,0.11702651388376706,0.0011588623036378738,29,50,0.0003941059112548828,3.5762786865234375e-06,10,True
703,0.11349953679295743,0.11441540349539459,0.11702651388376706,0.0011588623036378738,29,50,0.0004177093505859375,6.198883056640625e-06,10,True
704,0.11349953679295743,0.11441540349539459,0.11702651388376706,0.0011588623036378738,29,50,0.00042891502380371094,3.0994415283203125e-06,10,True
705,0.11349953679295743,0.11441540349539459,0.11702651388376706,0.0011588623036378738,29,50,0.0004260540008544922,3.814697265625e-06,10,True
706,0.11349953679295743,0.11441540349539459,0.11702651388376706,0.0011588623036378738,29,50,0.000537872314453125,3.5762786865234375e-06,10,True
707,0.11349953679295743,0.11441540349539459,0.11702651388376706,0.0011588623036378738,29,50,0.000396728515625,3.337860107421875e-06,10,True
708,0.11349953679295743,0.11441540349539459,0.11702651388376706,0.0011588623036378738,29,50,0.00046062469482421875,4.76837158203125e-06,10,True
709,0.11349953679295743,0.11441540349539459,0.11702651388376706,0.0011588623036378738,29,50,0.0004203319549560547,3.5762786865234375e-06,10,True
710,0.11349953679295743,0.11441540349539459,0.11702651388376706,0.0011588623036378738,29,50,0.0003871917724609375,4.5299530029296875e-06,10,True
711,0.11349953679295743,0.11441540349539459,0.11702651388376706,0.0011588623036378738,29,50,0.00033354759216308594,3.814697265625e-06,10,True
712,0.11349953679295743,0.11441540349539459,0.11702651388376706,0.0011588623036378738,29,50,0.00034880638122558594,5.0067901611328125e-06,10,True
713,0.11349953679295743,0.11441540349539459,0.11702651388376706,0.0011588623036378738,29,50,0.0003311634063720703,3.814697265625e-06,10,True
714,0.11349953679295743,0.11441540349539459,0.11702651388376706,0.0011588623036378738,29,50,0.00035643577575683594,4.5299530029296875e-06,10,True
715,0.11349953679295743,0.11441540349539459,0.11702651388376706,0.0011588623036378738,29,50,0.0003528594970703125,3.5762786865234375e-06,10,True
716,0.11349953679295743,0.11441540349539459,0.11702651388376706,0.0011588623036378738,29,50,0.0003325939178466797,4.5299530029296875e-06,10,True
717,0.11349953679295743,0.11441540349539459,0.11702651388376706,0.0011588623036378738,29,50,0.0004582405090332031,5.7220458984375e-06,10,True
718,0.11349953679295743,0.11441540349539459,0.11702651388376706,0.0011588623036378738,29,50,0.0005688667297363281,4.5299530029296875e-06,10,True
719,0.11349953679295743,0.11441540349539459,0.11702651388376706,0.0011588623036378738,29,50,0.0003478527069091797,4.5299530029296875e-06,10,True
720,0.11349953679295743,0.11441540349539459,0.11702651388376706,0.0011588623036378738,29,50,0.0003681182861328125,4.76837158203125e-06,10,True
721,0.11349953679295743,0.11441540349539459,0.11702651388376706,0.0011588623036378738,29,50,0.0003285408020019531,4.0531158447265625e-06,10,True
722,0.11349953679295743,0.11441540349539459,0.11702651388376706,0.0011588623036378738,29,50,0.0003407001495361328,2.384185791015625e-06,10,True
723,0.11349953679295743,0.11441540349539459,0.11702651388376706,0.0011588623036378738,29,50,0.0003204345703125,5.0067901611328125e-06,10,True
724,0.11349953679295743,0.11441540349539459,0.11702651388376706,0.0011588623036378738,29,50,0.0003228187561035156,3.814697265625e-06,10,True
725,0.11349953679295743,0.11441540349539459,0.11702651388376706,0.0011588623036378738,29,50,0.0003159046173095703,3.5762786865234375e-06,10,True
726,0.11349953679295743,0.11441540349539459,0.11702651388376706,0.0011588623036378738,29,50,0.0004181861877441406,4.291534423828125e-06,10,True
727,0.11349953679295743,0.11441540349539459,0.11702651388376706,0.0011588623036378738,29,50,0.0003132820129394531,3.5762786865234375e-06,10,True
728,0.11349953679295743,0.11441540349539459,0.11702651388376706,0.0011588623036378738,29,50,0.00033020973205566406,5.7220458984375e-06,10,True
729,0.11349953679295743,0.11441540349539459,0.11702651388376706,0.0011588623036378738,29,50,0.0003314018249511719,3.5762786865234375e-06,10,True
730,0.11349953679295743,0.11441540349539459,0.11702651388376706,0.0011588623036378738,29,50,0.0003311634063720703,4.76837158203125e-06,10,True
731,0.11349953679295743,0.11441540349539459,0.11702651388376706,0.0011588623036378738,29,50,0.0003311634063720703,3.814697265625e-06,10,True
732,0.11349953679295743,0.11441540349539459,0.11702651388376706,0.0011588623036378738,29,50,0.0004119873046875,4.76837158203125e-06,10,True
733,0.11349953679295743,0.11441540349539459,0.11702651388376706,0.0011588623036378738,29,50,0.00038361549377441406,3.337860107421875e-06,10,True
734,0.11349953679295743,0.11441540349539459,0.11702651388376706,0.0011588623036378738,29,50,0.0003986358642578125,1.33514404296875e-05,10,True
735,0.11349953679295743,0.11441540349539459,0.11702651388376706,0.0011588623036378738,29,50,0.0004203319549560547,3.5762786865234375e-06,10,True
736,0.11349953679295743,0.11441540349539459,0.11702651388376706,0.0011588623036378738,29,50,0.00043320655822753906,5.9604644775390625e-06,10,True
737,0.11349953679295743,0.11441540349539459,0.11702651388376706,0.0011588623036378738,29,50,0.0004627704620361328,5.0067901611328125e-06,10,True
738,0.11349953679295743,0.11441540349539459,0.11702651388376706,0.0011588623036378738,29,50,0.00038361549377441406,1.6450881958007812e-05,10,True
739,0.11349953679295743,0.11441540349539459,0.11702651388376706,0.0011588623036378738,29,50,0.0003871917724609375,3.5762786865234375e-06,10,True
740,0.11349953679295743,0.11441540349539459,0.11702651388376706,0.0011588623036378738,29,50,0.0004215240478515625,4.76837158203125e-06,10,True
741,0.11349953679295743,0.11441540349539459,0.11702651388376706,0.0011588623036378738,29,50,0.0005214214324951172,3.337860107421875e-06,10,True
742,0.11349953679295743,0.11441540349539459,0.11702651388376706,0.0011588623036378738,29,50,0.00046181678771972656,5.9604644775390625e-06,10,True
743,0.11349953679295743,0.11441540349539459,0.11702651388376706,0.0011588623036378738,29,50,0.0004818439483642578,3.814697265625e-06,10,True
744,0.11349953679295743,0.11441540349539459,0.11702651388376706,0.0011588623036378738,29,50,0.00042176246643066406,4.5299530029296875e-06,10,True
745,0.11349953679295743,0.11441540349539459,0.11702651388376706,0.0011588623036378738,29,50,0.0003478527069091797,3.5762786865234375e-06,10,True
746,0.11349953679295743,0.11441540349539459,0.11702651388376706,0.0011588623036378738,29,50,0.00038933753967285156,5.0067901611328125e-06,10,True
747,0.11349953679295743,0.11441540349539459,0.11702651388376706,0.0011588623036378738,29,50,0.0003504753112792969,4.5299530029296875e-06,10,True
748,0.11349953679295743,0.11441540349539459,0.11702651388376706,0.0011588623036378738,29,50,0.00036454200744628906,4.5299530029296875e-06,10,True
749,0.11349953679295743,0.11441540349539459,0.11702651388376706,0.0011588623036378738,29,50,0.0003478527069091797,5.0067901611328125e-06,10,True
750,0.11349953679295743,0.11441540349539459,0.11702651388376706,0.0011588623036378738,29,50,0.0003528594970703125,4.5299530029296875e-06,10,True
751,0.11349953679295743,0.11441540349539459,0.11702651388376706,0.0011588623036378738,29,50,0.0003809928894042969,3.814697265625e-06,10,True
752,0.11349953679295743,0.11441540349539459,0.11702651388376706,0.0011588623036378738,29,50,0.00034308433532714844,3.5762786865234375e-06,10,True
753,0.11349953679295743,0.11441540349539459,0.11702651388376706,0.0011588623036378738,29,50,0.0003559589385986328,5.9604644775390625e-06,10,True
754,0.11349953679295743,0.11441540349539459,0.11702651388376706,0.0011588623036378738,29,50,0.0003371238708496094,3.814697265625e-06,10,True
755,0.11349953679295743,0.11441540349539459,0.11702651388376706,0.0011588623036378738,29,50,0.00036454200744628906,4.5299530029296875e-06,10,True
756,0.11349953679295743,0.11441540349539459,0.11702651388376706,0.0011588623036378738,29,50,0.0003657341003417969,3.814697265625e-06,10,True
757,0.11349953679295743,0.11441540349539459,0.11702651388376706,0.0011588623036378738,29,50,0.00039649009704589844,4.76837158203125e-06,10,True
758,0.11349953679295743,0.11441540349539459,0.11702651388376706,0.0011588623036378738,29,50,0.0003552436828613281,4.291534423828125e-06,10,True
759,0.11349953679295743,0.11441540349539459,0.11702651388376706,0.0011588623036378738,29,50,0.0004038810729980469,4.5299530029296875e-06,10,True
760,0.11349953679295743,0.11441540349539459,0.11702651388376706,0.0011588623036378738,29,50,0.0003752708435058594,5.9604644775390625e-06,10,True
761,0.11349953679295743,0.11441540349539459,0.11702651388376706,0.0011588623036378738,29,50,0.00040602684020996094,5.7220458984375e-06,10,True
762,0.11349953679295743,0.11441540349539459,0.11702651388376706,0.0011588623036378738,29,50,0.0005199909210205078,4.76837158203125e-06,10,True
763,0.11349953679295743,0.11441540349539459,0.11702651388376706,0.0011588623036378738,29,50,0.0004394054412841797,4.5299530029296875e-06,10,True
764,0.11349953679295743,0.11441540349539459,0.11702651388376706,0.0011588623036378738,29,50,0.000484466552734375,4.76837158203125e-06,10,True
765,0.11349953679295743,0.11441540349539459,0.11702651388376706,0.0011588623036378738,29,50,0.00046539306640625,4.76837158203125e-06,10,True
766,0.11349953679295743,0.11441540349539459,0.11702651388376706,0.0011588623036378738,29,50,0.00047135353088378906,6.198883056640625e-06,10,True
767,0.11349953679295743,0.11441540349539459,0.11702651388376706,0.0011588623036378738,29,50,0.0004949569702148438,5.9604644775390625e-06,10,True
768,0.11349953679295743,0.11441540349539459,0.11702651388376706,0.0011588623036378738,29,50,0.00045108795166015625,5.0067901611328125e-06,10,True
769,0.11349953679295743,0.11441540349539459,0.11702651388376706,0.0011588623036378738,29,50,0.0004856586456298828,3.0994415283203125e-06,10,True
770,0.11349953679295743,0.11441540349539459,0.11702651388376706,0.0011588623036378738,29,50,0.0004949569702148438,5.0067901611328125e-06,10,True
771,0.11349953679295743,0.11441540349539459,0.11702651388376706,0.0011588623036378738,29,50,0.0004639625549316406,4.0531158447265625e-06,10,True
772,0.11349953679295743,0.11441540349539459,0.11702651388376706,0.0011588623036378738,29,50,0.0003933906555175781,1.9073486328125e-06,10,True
773,0.11349953679295743,0.11441540349539459,0.11702651388376706,0.0011588623036378738,29,50,0.0003838539123535156,5.4836273193359375e-06,10,True
774,0.11349953679295743,0.11441540349539459,0.11702651388376706,0.0011588623036378738,29,50,0.0003631114959716797,4.0531158447265625e-06,10,True
775,0.11349953679295743,0.11441540349539459,0.11702651388376706,0.0011588623036378738,29,50,0.000354766845703125,6.198883056640625e-06,10,True
776,0.11349953679295743,0.11441540349539459,0.11702651388376706,0.0011588623036378738,29,50,0.0003457069396972656,4.5299530029296875e-06,10,True
777,0.11349953679295743,0.11441540349539459,0.11702651388376706,0.0011588623036378738,29,50,0.00036215782165527344,4.76837158203125e-06,10,True
778,0.11349953679295743,0.11441540349539459,0.11702651388376706,0.0011588623036378738,29,50,0.0003597736358642578,4.76837158203125e-06,10,True
779,0.11349953679295743,0.11441540349539459,0.11702651388376706,0.0011588623036378738,29,50,0.000377655029296875,4.5299530029296875e-06,10,True
780,0.11349953679295743,0.11441540349539459,0.11702651388376706,0.0011588623036378738,29,50,0.0003299713134765625,3.5762786865234375e-06,10,True
781,0.11349953679295743,0.11441540349539459,0.11702651388376706,0.0011588623036378738,29,50,0.0005023479461669922,4.76837158203125e-06,10,True
782,0.11349953679295743,0.11441540349539459,0.11702651388376706,0.0011588623036378738,29,50,0.00045228004455566406,3.5762786865234375e-06,10,True
783,0.11349953679295743,0.11441540349539459,0.11702651388376706,0.0011588623036378738,29,50,0.0004036426544189453,5.0067901611328125e-06,10,True
784,0.11349953679295743,0.11441540349539459,0.11702651388376706,0.0011588623036378738,29,50,0.0003955364227294922,3.337860107421875e-06,10,True
785,0.11349953679295743,0.11441540349539459,0.11702651388376706,0.0011588623036378738,29,50,0.00036787986755371094,5.245208740234375e-06,10,True
786,0.11349953679295743,0.11441540349539459,0.11702651388376706,0.0011588623036378738,29,50,0.000392913818359375,3.814697265625e-06,10,True
787,0.11349953679295743,0.11441540349539459,0.11702651388376706,0.0011588623036378738,29,50,0.0003561973571777344,4.76837158203125e-06,10,True
788,0.11349953679295743,0.11441540349539459,0.11702651388376706,0.0011588623036378738,29,50,0.0003619194030761719,4.0531158447265625e-06,10,True
789,0.11349953679295743,0.11441540349539459,0.11702651388376706,0.0011588623036378738,29,50,0.0003681182861328125,4.76837158203125e-06,10,True
790,0.11349953679295743,0.11441540349539459,0.11702651388376706,0.0011588623036378738,29,50,0.0003788471221923828,3.337860107421875e-06,10,True
791,0.11349953679295743,0.11441540349539459,0.11702651388376706,0.0011588623036378738,29,50,0.00035381317138671875,3.5762786865234375e-06,10,True
792,0.11349953679295743,0.11441540349539459,0.11702651388376706,0.0011588623036378738,29,50,0.00039887428283691406,6.198883056640625e-06,10,True
793,0.11349953679295743,0.11441540349539459,0.11702651388376706,0.0011588623036378738,29,50,0.0004284381866455078,5.9604644775390625e-06,10,True
794,0.11349953679295743,0.11441540349539459,0.11702651388376706,0.0011588623036378738,29,50,0.0004181861877441406,1.9073486328125e-06,10,True
795,0.11349953679295743,0.11441540349539459,0.11702651388376706,0.0011588623036378738,29,50,0.0004048347473144531,3.337860107421875e-06,10,True
796,0.11349953679295743,0.11441540349539459,0.11702651388376706,0.0011588623036378738,29,50,0.00041675567626953125,3.5762786865234375e-06,10,True
797,0.11349953679295743,0.11441540349539459,0.11702651388376706,0.0011588623036378738,29,50,0.00044417381286621094,3.337860107421875e-06,10,True
798,0.11349953679295743,0.11441540349539459,0.11702651388376706,0.0011588623036378738,29,50,0.00046062469482421875,4.76837158203125e-06,10,True
799,0.11349953679295743,0.11441540349539459,0.11702651388376706,0.0011588623036378738,29,50,0.0004379749298095703,5.0067901611328125e-06,10,True
800,0.11349953679295743,0.11441540349539459,0.11702651388376706,0.0011588623036378738,29,50,0.0003917217254638672,3.5762786865234375e-06,10,True
801,0.11349953679295743,0.11441540349539459,0.11702651388376706,0.0011588623036378738,29,50,0.0004725456237792969,4.76837158203125e-06,10,True
802,0.11349953679295743,0.11441540349539459,0.11702651388376706,0.0011588623036378738,29,50,0.0004394054412841797,4.76837158203125e-06,10,True
803,0.11349953679295743,0.11441540349539459,0.11702651388376706,0.0011588623036378738,29,50,0.0004699230194091797,5.245208740234375e-06,10,True
804,0.11349953679295743,0.11441540349539459,0.11702651388376706,0.0011588623036378738,29,50,0.0005784034729003906,6.9141387939453125e-06,10,True
805,0.11349953679295743,0.11441540349539459,0.11702651388376706,0.0011588623036378738,29,50,0.00042629241943359375,5.9604644775390625e-06,10,True
806,0.11349953679295743,0.11441540349539459,0.11702651388376706,0.0011588623036378738,29,50,0.00037384033203125,5.0067901611328125e-06,10,True
807,0.11349953679295743,0.11441540349539459,0.11702651388376706,0.0011588623036378738,29,50,0.0003705024719238281,4.5299530029296875e-06,10,True
808,0.11349953679295743,0.11441540349539459,0.11702651388376706,0.0011588623036378738,29,50,0.0003609657287597656,7.152557373046875e-06,10,True
809,0.11349953679295743,0.11441540349539459,0.11702651388376706,0.0011588623036378738,29,50,0.0004038810729980469,4.5299530029296875e-06,10,True
810,0.11349953679295743,0.11441540349539459,0.11702651388376706,0.0011588623036378738,29,50,0.00041675567626953125,3.5762786865234375e-06,10,True
811,0.11349953679295743,0.11441540349539459,0.11702651388376706,0.0011588623036378738,29,50,0.0003490447998046875,4.76837158203125e-06,10,True
812,0.11349953679295743,0.11441540349539459,0.11702651388376706,0.0011588623036378738,29,50,0.00035262107849121094,4.76837158203125e-06,10,True
813,0.11349953679295743,0.11441540349539459,0.11702651388376706,0.0011588623036378738,29,50,0.00038361549377441406,4.76837158203125e-06,10,True
814,0.11349953679295743,0.11441540349539459,0.11702651388376706,0.0011588623036378738,29,50,0.0003502368927001953,3.5762786865234375e-06,10,True
815,0.11349953679295743,0.11441540349539459,0.11702651388376706,0.0011588623036378738,29,50,0.0003285408020019531,5.245208740234375e-06,10,True
816,0.11349953679295743,0.11441540349539459,0.11702651388376706,0.0011588623036378738,29,50,0.00034427642822265625,3.5762786865234375e-06,10,True
817,0.11349953679295743,0.11441540349539459,0.11702651388376706,0.0011588623036378738,29,50,0.00033473968505859375,4.76837158203125e-06,10,True
818,0.11349953679295743,0.11441540349539459,0.11702651388376706,0.0011588623036378738,29,50,0.0004248619079589844,5.9604644775390625e-06,10,True
819,0.11349953679295743,0.11441540349539459,0.11702651388376706,0.0011588623036378738,29,50,0.0003552436828613281,4.291534423828125e-06,10,True
820,0.11349953679295743,0.11441540349539459,0.11702651388376706,0.0011588623036378738,29,50,0.00033354759216308594,3.5762786865234375e-06,10,True
821,0.11349953679295743,0.11441540349539459,0.11702651388376706,0.0011588623036378738,29,50,0.0003409385681152344,5.9604644775390625e-06,10,True
822,0.11349953679295743,0.11441540349539459,0.11702651388376706,0.0011588623036378738,29,50,0.0004107952117919922,3.337860107421875e-06,10,True
823,0.11349953679295743,0.11441540349539459,0.11702651388376706,0.0011588623036378738,29,50,0.0003941059112548828,4.76837158203125e-06,10,True
824,0.11349953679295743,0.11441540349539459,0.11702651388376706,0.0011588623036378738,29,50,0.0004050731658935547,3.5762786865234375e-06,10,True
825,0.11349953679295743,0.11441540349539459,0.11702651388376706,0.0011588623036378738,29,50,0.0004239082336425781,3.337860107421875e-06,10,True
826,0.11349953679295743,0.11441540349539459,0.11702651388376706,0.0011588623036378738,29,50,0.000431060791015625,3.5762786865234375e-06,10,True
827,0.11349953679295743,0.11441540349539459,0.11702651388376706,0.0011588623036378738,29,50,0.00045490264892578125,4.5299530029296875e-06,10,True
828,0.11349953679295743,0.11441540349539459,0.11702651388376706,0.0011588623036378738,29,50,0.0004253387451171875,4.5299530029296875e-06,10,True
829,0.11349953679295743,0.11441540349539459,0.11702651388376706,0.0011588623036378738,29,50,0.0004086494445800781,3.0994415283203125e-06,10,True
830,0.11349953679295743,0.11441540349539459,0.11702651388376706,0.0011588623036378738,29,50,0.00042510032653808594,5.7220458984375e-06,10,True
831,0.11349953679295743,0.11441540349539459,0.11702651388376706,0.0011588623036378738,29,50,0.0004773139953613281,5.9604644775390625e-06,10,True
832,0.11349953679295743,0.11441540349539459,0.11702651388376706,0.0011588623036378738,29,50,0.0004582405090332031,4.5299530029296875e-06,10,True
833,0.11349953679295743,0.11441540349539459,0.11702651388376706,0.0011588623036378738,29,50,0.0003502368927001953,4.5299530029296875e-06,10,True
834,0.11349953679295743,0.11441540349539459,0.11702651388376706,0.0011588623036378738,29,50,0.0004820823669433594,4.5299530029296875e-06,10,True
835,0.11349953679295743,0.11441540349539459,0.11702651388376706,0.0011588623036378738,29,50,0.0003287792205810547,3.814697265625e-06,10,True
836,0.11349953679295743,0.11441540349539459,0.11702651388376706,0.0011588623036378738,29,50,0.0003464221954345703,4.0531158447265625e-06,10,True
837,0.11349953679295743,0.11441540349539459,0.11702651388376706,0.0011588623036378738,29,50,0.0003192424774169922,5.0067901611328125e-06,10,True
838,0.11349953679295743,0.11441540349539459,0.11702651388376706,0.0011588623036378738,29,50,0.00034332275390625,3.337860107421875e-06,10,True
839,0.11349953679295743,0.11441540349539459,0.11702651388376706,0.0011588623036378738,29,50,0.00032639503479003906,3.814697265625e-06,10,True
840,0.11349953679295743,0.11441540349539459,0.11702651388376706,0.0011588623036378738,29,50,0.00033354759216308594,3.5762786865234375e-06,10,True
841,0.11349953679295743,0.11441540349539459,0.11702651388376706,0.0011588623036378738,29,50,0.0003371238708496094,3.5762786865234375e-06,10,True
842,0.11349953679295743,0.11441540349539459,0.11702651388376706,0.0011588623036378738,29,50,0.0003249645233154297,2.86102294921875e-06,10,True
843,0.11349953679295743,0.11441540349539459,0.11702651388376706,0.0011588623036378738,29,50,0.0003230571746826172,2.1457672119140625e-06,10,True
844,0.11349953679295743,0.11441540349539459,0.11702651388376706,0.0011588623036378738,29,50,0.0003287792205810547,5.0067901611328125e-06,10,True
845,0.11349953679295743,0.11441540349539459,0.11702651388376706,0.0011588623036378738,29,50,0.0003561973571777344,3.5762786865234375e-06,10,True
846,0.11349953679295743,0.11441540349539459,0.11702651388376706,0.0011588623036378738,29,50,0.0003170967102050781,4.76837158203125e-06,10,True
847,0.11349953679295743,0.11441540349539459,0.11702651388376706,0.0011588623036378738,29,50,0.0003337860107421875,4.5299530029296875e-06,10,True
848,0.11349953679295743,0.11441540349539459,0.11702651388376706,0.0011588623036378738,29,50,0.00032901763916015625,2.1457672119140625e-06,10,True
849,0.11349953679295743,0.11441540349539459,0.11702651388376706,0.0011588623036378738,29,50,0.000335693359375,4.0531158447265625e-06,10,True
850,0.11349953679295743,0.11441540349539459,0.11702651388376706,0.0011588623036378738,29,50,0.0003132820129394531,5.0067901611328125e-06,10,True
851,0.11349953679295743,0.11441540349539459,0.11702651388376706,0.0011588623036378738,29,50,0.0003063678741455078,4.76837158203125e-06,10,True
852,0.11349953679295743,0.11441540349539459,0.11702651388376706,0.0011588623036378738,29,50,0.0003323554992675781,4.76837158203125e-06,10,True
853,0.11349953679295743,0.11441540349539459,0.11702651388376706,0.0011588623036378738,29,50,0.0003147125244140625,4.76837158203125e-06,10,True
854,0.11349953679295743,0.11441540349539459,0.11702651388376706,0.0011588623036378738,29,50,0.0003371238708496094,3.5762786865234375e-06,10,True
855,0.11349953679295743,0.11441540349539459,0.11702651388376706,0.0011588623036378738,29,50,0.0003266334533691406,4.76837158203125e-06,10,True
856,0.11349953679295743,0.11441540349539459,0.11702651388376706,0.0011588623036378738,29,50,0.0005638599395751953,3.814697265625e-06,10,True
857,0.11349953679295743,0.11441540349539459,0.11702651388376706,0.0011588623036378738,29,50,0.00041103363037109375,3.337860107421875e-06,10,True
858,0.11349953679295743,0.11441540349539459,0.11702651388376706,0.0011588623036378738,29,50,0.0004048347473144531,3.814697265625e-06,10,True
859,0.11349953679295743,0.11441540349539459,0.11702651388376706,0.0011588623036378738,29,50,0.00042510032653808594,3.814697265625e-06,10,True
860,0.11349953679295743,0.11441540349539459,0.11702651388376706,0.0011588623036378738,29,50,0.00041794776916503906,3.5762786865234375e-06,10,True
861,0.11349953679295743,0.11441540349539459,0.11702651388376706,0.0011588623036378738,29,50,0.0004405975341796875,4.5299530029296875e-06,10,True
862,0.11349953679295743,0.11441540349539459,0.11702651388376706,0.0011588623036378738,29,50,0.0004324913024902344,3.337860107421875e-06,10,True
863,0.11349953679295743,0.11441540349539459,0.11702651388376706,0.0011588623036378738,29,50,0.00039315223693847656,4.76837158203125e-06,10,True
864,0.11349953679295743,0.11441540349539459,0.11702651388376706,0.0011588623036378738,29,50,0.000484466552734375,4.76837158203125e-06,10,True
865,0.11349953679295743,0.11441540349539459,0.11702651388376706,0.0011588623036378738,29,50,0.00040602684020996094,5.9604644775390625e-06,10,True
866,0.11349953679295743,0.11441540349539459,0.11702651388376706,0.0011588623036378738,29,50,0.00041675567626953125,4.5299530029296875e-06,10,True
867,0.11349953679295743,0.11441540349539459,0.11702651388376706,0.0011588623036378738,29,50,0.00035381317138671875,5.7220458984375e-06,10,True
868,0.11349953679295743,0.11441540349539459,0.11702651388376706,0.0011588623036378738,29,50,0.0003848075866699219,3.0994415283203125e-06,10,True
869,0.11349953679295743,0.11441540349539459,0.11702651388376706,0.0011588623036378738,29,50,0.00031948089599609375,4.5299530029296875e-06,10,True
870,0.11349953679295743,0.11441540349539459,0.11702651388376706,0.0011588623036378738,29,50,0.000339508056640625,3.814697265625e-06,10,True
871,0.11349953679295743,0.11441540349539459,0.11702651388376706,0.0011588623036378738,29,50,0.0003170967102050781,4.76837158203125e-06,10,True
872,0.11349953679295743,0.11441540349539459,0.11702651388376706,0.0011588623036378738,29,50,0.0005164146423339844,3.5762786865234375e-06,10,True
873,0.11349953679295743,0.11441540349539459,0.11702651388376706,0.0011588623036378738,29,50,0.0003275871276855469,5.0067901611328125e-06,10,True
874,0.11349953679295743,0.11441540349539459,0.11702651388376706,0.0011588623036378738,29,50,0.0003323554992675781,2.384185791015625e-06,10,True
875,0.11349953679295743,0.11441540349539459,0.11702651388376706,0.0011588623036378738,29,50,0.00032067298889160156,4.5299530029296875e-06,10,True
876,0.11349953679295743,0.11441540349539459,0.11702651388376706,0.0011588623036378738,29,50,0.00033473968505859375,4.76837158203125e-06,10,True
877,0.11349953679295743,0.11441540349539459,0.11702651388376706,0.0011588623036378738,29,50,0.0003254413604736328,3.0994415283203125e-06,10,True
878,0.11349953679295743,0.11441540349539459,0.11702651388376706,0.0011588623036378738,29,50,0.0003230571746826172,4.5299530029296875e-06,10,True
879,0.11349953679295743,0.11441540349539459,0.11702651388376706,0.0011588623036378738,29,50,0.00032782554626464844,3.5762786865234375e-06,10,True
880,0.11349953679295743,0.11441540349539459,0.11702651388376706,0.0011588623036378738,29,50,0.00032401084899902344,2.6226043701171875e-06,10,True
881,0.11349953679295743,0.11441540349539459,0.11702651388376706,0.0011588623036378738,29,50,0.0003371238708496094,2.1457672119140625e-06,10,True
882,0.11349953679295743,0.11441540349539459,0.11702651388376706,0.0011588623036378738,29,50,0.00033736228942871094,4.76837158203125e-06,10,True
883,0.11349953679295743,0.11441540349539459,0.11702651388376706,0.0011588623036378738,29,50,0.0003409385681152344,3.337860107421875e-06,10,True
884,0.11349953679295743,0.11441540349539459,0.11702651388376706,0.0011588623036378738,29,50,0.0003445148468017578,3.0994415283203125e-06,10,True
885,0.11349953679295743,0.11441540349539459,0.11702651388376706,0.0011588623036378738,29,50,0.0005130767822265625,4.5299530029296875e-06,10,True
886,0.11349953679295743,0.11441540349539459,0.11702651388376706,0.0011588623036378738,29,50,0.00035953521728515625,5.0067901611328125e-06,10,True
887,0.11349953679295743,0.11441540349539459,0.11702651388376706,0.0011588623036378738,29,50,0.0003573894500732422,4.76837158203125e-06,10,True
888,0.11349953679295743,0.11441540349539459,0.11702651388376706,0.0011588623036378738,29,50,0.00043201446533203125,4.76837158203125e-06,10,True
889,0.11349953679295743,0.11441540349539459,0.11702651388376706,0.0011588623036378738,29,50,0.0004131793975830078,5.0067901611328125e-06,10,True
890,0.11349953679295743,0.11441540349539459,0.11702651388376706,0.0011588623036378738,29,50,0.0004107952117919922,3.814697265625e-06,10,True
891,0.11349953679295743,0.11441540349539459,0.11702651388376706,0.0011588623036378738,29,50,0.0004489421844482422,3.337860107421875e-06,10,True
892,0.11349953679295743,0.11441540349539459,0.11702651388376706,0.0011588623036378738,29,50,0.00047278404235839844,4.5299530029296875e-06,10,True
893,0.11349953679295743,0.11441540349539459,0.11702651388376706,0.0011588623036378738,29,50,0.0004572868347167969,3.0994415283203125e-06,10,True
894,0.11349953679295743,0.11441540349539459,0.11702651388376706,0.0011588623036378738,29,50,0.0004131793975830078,3.5762786865234375e-06,10,True
895,0.11349953679295743,0.11441540349539459,0.11702651388376706,0.0011588623036378738,29,50,0.0003771781921386719,2.86102294921875e-06,10,True
896,0.11349953679295743,0.11441540349539459,0.11702651388376706,0.0011588623036378738,29,50,0.000392913818359375,5.9604644775390625e-06,10,True
897,0.11349953679295743,0.11441540349539459,0.11702651388376706,0.0011588623036378738,29,50,0.0004572868347167969,3.5762786865234375e-06,10,True
898,0.11349953679295743,0.11441540349539459,0.11702651388376706,0.0011588623036378738,29,50,0.0004405975341796875,3.337860107421875e-06,10,True
899,0.11349953679295743,0.11441540349539459,0.11702651388376706,0.0011588623036378738,29,50,0.0004987716674804688,4.76837158203125e-06,10,True
900,0.11349953679295743,0.11441540349539459,0.11702651388376706,0.0011588623036378738,29,50,0.00034427642822265625,3.814697265625e-06,10,True
901,0.11349953679295743,0.11441540349539459,0.11702651388376706,0.0011588623036378738,29,50,0.00033855438232421875,5.9604644775390625e-06,10,True
902,0.11349953679295743,0.11441540349539459,0.11702651388376706,0.0011588623036378738,29,50,0.0003371238708496094,2.6226043701171875e-06,10,True
903,0.11349953679295743,0.11441540349539459,0.11702651388376706,0.0011588623036378738,29,50,0.0004818439483642578,3.814697265625e-06,10,True
904,0.11349953679295743,0.11441540349539459,0.11702651388376706,0.0011588623036378738,29,50,0.0003917217254638672,3.5762786865234375e-06,10,True
905,0.11349953679295743,0.11441540349539459,0.11702651388376706,0.0011588623036378738,29,50,0.0003705024719238281,5.0067901611328125e-06,10,True
906,0.11349953679295743,0.11441540349539459,0.11702651388376706,0.0011588623036378738,29,50,0.0003345012664794922,3.814697265625e-06,10,True
907,0.11349953679295743,0.11441540349539459,0.11702651388376706,0.0011588623036378738,29,50,0.0003619194030761719,5.245208740234375e-06,10,True
908,0.11349953679295743,0.11441540349539459,0.11702651388376706,0.0011588623036378738,29,50,0.00032901763916015625,3.337860107421875e-06,10,True
909,0.11349953679295743,0.11441540349539459,0.11702651388376706,0.0011588623036378738,29,50,0.0003299713134765625,3.5762786865234375e-06,10,True
910,0.11349953679295743,0.11441540349539459,0.11702651388376706,0.0011588623036378738,29,50,0.0003228187561035156,2.384185791015625e-06,10,True
911,0.11349953679295743,0.11441540349539459,0.11702651388376706,0.0011588623036378738,29,50,0.0003228187561035156,3.814697265625e-06,10,True
912,0.11349953679295743,0.11441540349539459,0.11702651388376706,0.0011588623036378738,29,50,0.00032401084899902344,2.6226043701171875e-06,10,True
913,0.11349953679295743,0.11441540349539459,0.11702651388376706,0.0011588623036378738,29,50,0.00033736228942871094,3.5762786865234375e-06,10,True
914,0.11349953679295743,0.11441540349539459,0.11702651388376706,0.0011588623036378738,29,50,0.0003361701965332031,3.337860107421875e-06,10,True
915,0.11349953679295743,0.11441540349539459,0.11702651388376706,0.0011588623036378738,29,50,0.0003192424774169922,5.0067901611328125e-06,10,True
916,0.11349953679295743,0.11441540349539459,0.11702651388376706,0.0011588623036378738,29,50,0.0003275871276855469,2.384185791015625e-06,10,True
917,0.11349953679295743,0.11441540349539459,0.11702651388376706,0.0011588623036378738,29,50,0.00032520294189453125,4.76837158203125e-06,10,True
918,0.11349953679295743,0.11441540349539459,0.11702651388376706,0.0011588623036378738,29,50,0.0005095005035400391,4.76837158203125e-06,10,True
919,0.11349953679295743,0.11441540349539459,0.11702651388376706,0.0011588623036378738,29,50,0.00035262107849121094,4.76837158203125e-06,10,True
920,0.11349953679295743,0.11441540349539459,0.11702651388376706,0.0011588623036378738,29,50,0.0003752708435058594,5.9604644775390625e-06,10,True
921,0.11349953679295743,0.11441540349539459,0.11702651388376706,0.0011588623036378738,29,50,0.0004239082336425781,3.814697265625e-06,10,True
922,0.11349953679295743,0.11441540349539459,0.11702651388376706,0.0011588623036378738,29,50,0.0003914833068847656,4.0531158447265625e-06,10,True
923,0.11349953679295743,0.11441540349539459,0.11702651388376706,0.0011588623036378738,29,50,0.00040340423583984375,4.76837158203125e-06,10,True
924,0.11349953679295743,0.11441540349539459,0.11702651388376706,0.0011588623036378738,29,50,0.0004451274871826172,3.5762786865234375e-06,10,True
925,0.11349953679295743,0.11441540349539459,0.11702651388376706,0.0011588623036378738,29,50,0.0004532337188720703,5.245208740234375e-06,10,True
926,0.11349953679295743,0.11441540349539459,0.11702651388376706,0.0011588623036378738,29,50,0.00039768218994140625,3.5762786865234375e-06,10,True
927,0.11349953679295743,0.11441540349539459,0.11702651388376706,0.0011588623036378738,29,50,0.0003941059112548828,4.76837158203125e-06,10,True
928,0.11349953679295743,0.11441540349539459,0.11702651388376706,0.0011588623036378738,29,50,0.0003848075866699219,5.9604644775390625e-06,10,True
929,0.11349953679295743,0.11441540349539459,0.11702651388376706,0.0011588623036378738,29,50,0.000522613525390625,4.5299530029296875e-06,10,True
930,0.11349953679295743,0.11441540349539459,0.11702651388376706,0.0011588623036378738,29,50,0.00040841102600097656,5.9604644775390625e-06,10,True
931,0.11349953679295743,0.11441540349539459,0.11702651388376706,0.0011588623036378738,29,50,0.0004985332489013672,5.9604644775390625e-06,10,True
932,0.11349953679295743,0.11441540349539459,0.11702651388376706,0.0011588623036378738,29,50,0.0003490447998046875,3.337860107421875e-06,10,True
933,0.11349953679295743,0.11441540349539459,0.11702651388376706,0.0011588623036378738,29,50,0.00032639503479003906,3.5762786865234375e-06,10,True
934,0.11349953679295743,0.11441540349539459,0.11702651388376706,0.0011588623036378738,29,50,0.0003314018249511719,4.76837158203125e-06,10,True
935,0.11349953679295743,0.11441540349539459,0.11702651388376706,0.0011588623036378738,29,50,0.00033020973205566406,2.384185791015625e-06,10,True
936,0.11349953679295743,0.11441540349539459,0.11702651388376706,0.0011588623036378738,29,50,0.0003204345703125,6.198883056640625e-06,10,True
937,0.11349953679295743,0.11441540349539459,0.11702651388376706,0.0011588623036378738,29,50,0.00035500526428222656,3.5762786865234375e-06,10,True
938,0.11349953679295743,0.11441540349539459,0.11702651388376706,0.0011588623036378738,29,50,0.0003407001495361328,3.5762786865234375e-06,10,True
939,0.11349953679295743,0.11441540349539459,0.11702651388376706,0.0011588623036378738,29,50,0.000339508056640625,2.384185791015625e-06,10,True
940,0.11349953679295743,0.11441540349539459,0.11702651388376706,0.0011588623036378738,29,50,0.00033354759216308594,3.5762786865234375e-06,10,True
941,0.11349953679295743,0.11441540349539459,0.11702651388376706,0.0011588623036378738,29,50,0.00034332275390625,5.7220458984375e-06,10,True
942,0.11349953679295743,0.11441540349539459,0.11702651388376706,0.0011588623036378738,29,50,0.000324249267578125,4.5299530029296875e-06,10,True
943,0.11349953679295743,0.11441540349539459,0.11702651388376706,0.0011588623036378738,29,50,0.0003159046173095703,3.337860107421875e-06,10,True
944,0.11349953679295743,0.11441540349539459,0.11702651388376706,0.0011588623036378738,29,50,0.000335693359375,4.0531158447265625e-06,10,True
945,0.11349953679295743,0.11441540349539459,0.11702651388376706,0.0011588623036378738,29,50,0.0003228187561035156,3.5762786865234375e-06,10,True
946,0.11349953679295743,0.11441540349539459,0.11702651388376706,0.0011588623036378738,29,50,0.0003299713134765625,3.5762786865234375e-06,10,True
947,0.11349953679295743,0.11441540349539459,0.11702651388376706,0.0011588623036378738,29,50,0.00033354759216308594,4.76837158203125e-06,10,True
948,0.11349953679295743,0.11441540349539459,0.11702651388376706,0.0011588623036378738,29,50,0.0003325939178466797,3.337860107421875e-06,10,True
949,0.11349953679295743,0.11441540349539459,0.11702651388376706,0.0011588623036378738,29,50,0.00030303001403808594,3.0994415283203125e-06,10,True
950,0.11349953679295743,0.11441540349539459,0.11702651388376706,0.0011588623036378738,29,50,0.0003254413604736328,3.337860107421875e-06,10,True
951,0.11349953679295743,0.11441540349539459,0.11702651388376706,0.0011588623036378738,29,50,0.0003299713134765625,3.814697265625e-06,10,True
952,0.11349953679295743,0.11441540349539459,0.11702651388376706,0.0011588623036378738,29,50,0.00033354759216308594,3.5762786865234375e-06,10,True
953,0.11349953679295743,0.11441540349539459,0.11702651388376706,0.0011588623036378738,29,50,0.00031948089599609375,3.337860107421875e-06,10,True
954,0.11349953679295743,0.11441540349539459,0.11702651388376706,0.0011588623036378738,29,50,0.0003113746643066406,4.5299530029296875e-06,10,True
955,0.11349953679295743,0.11441540349539459,0.11702651388376706,0.0011588623036378738,29,50,0.00033855438232421875,5.9604644775390625e-06,10,True
956,0.11349953679295743,0.11441540349539459,0.11702651388376706,0.0011588623036378738,29,50,0.00038123130798339844,5.0067901611328125e-06,10,True
957,0.11349953679295743,0.11441540349539459,0.11702651388376706,0.0011588623036378738,29,50,0.0003941059112548828,4.76837158203125e-06,10,True
958,0.11349953679295743,0.11441540349539459,0.11702651388376706,0.0011588623036378738,29,50,0.0003788471221923828,3.5762786865234375e-06,10,True
959,0.11349953679295743,0.11441540349539459,0.11702651388376706,0.0011588623036378738,29,50,0.0004062652587890625,3.337860107421875e-06,10,True
960,0.11349953679295743,0.11441540349539459,0.11702651388376706,0.0011588623036378738,29,50,0.0004036426544189453,3.814697265625e-06,10,True
961,0.11349953679295743,0.11441540349539459,0.11702651388376706,0.0011588623036378738,29,50,0.0004277229309082031,5.7220458984375e-06,10,True
962,0.11349953679295743,0.11441540349539459,0.11702651388376706,0.0011588623036378738,29,50,0.0005211830139160156,5.9604644775390625e-06,10,True
963,0.11349953679295743,0.11441540349539459,0.11702651388376706,0.0011588623036378738,29,50,0.00048828125,4.5299530029296875e-06,10,True
964,0.11349953679295743,0.11441540349539459,0.11702651388376706,0.0011588623036378738,29,50,0.0004782676696777344,3.814697265625e-06,10,True
965,0.11349953679295743,0.11441540349539459,0.11702651388376706,0.0011588623036378738,29,50,0.0005626678466796875,4.76837158203125e-06,10,True
966,0.11349953679295743,0.11441540349539459,0.11702651388376706,0.0011588623036378738,29,50,0.0004227161407470703,4.5299530029296875e-06,10,True
967,0.11349953679295743,0.11441540349539459,0.11702651388376706,0.0011588623036378738,29,50,0.0003464221954345703,3.814697265625e-06,10,True
968,0.11349953679295743,0.11441540349539459,0.11702651388376706,0.0011588623036378738,29,50,0.0003323554992675781,3.5762786865234375e-06,10,True
969,0.11349953679295743,0.11441540349539459,0.11702651388376706,0.0011588623036378738,29,50,0.00033593177795410156,4.76837158203125e-06,10,True
970,0.11349953679295743,0.11441540349539459,0.11702651388376706,0.0011588623036378738,29,50,0.0003287792205810547,4.76837158203125e-06,10,True
971,0.11349953679295743,0.11441540349539459,0.11702651388376706,0.0011588623036378738,29,50,0.000339508056640625,5.0067901611328125e-06,10,True
972,0.11349953679295743,0.11441540349539459,0.11702651388376706,0.0011588623036378738,29,50,0.000324249267578125,3.5762786865234375e-06,10,True
973,0.11349953679295743,0.11441540349539459,0.11702651388376706,0.0011588623036378738,29,50,0.0005283355712890625,4.76837158203125e-06,10,True
974,0.11349953679295743,0.11441540349539459,0.11702651388376706,0.0011588623036378738,29,50,0.0003361701965332031,3.337860107421875e-06,10,True
975,0.11349953679295743,0.11441540349539459,0.11702651388376706,0.0011588623036378738,29,50,0.0003540515899658203,4.76837158203125e-06,10,True
976,0.11349953679295743,0.11441540349539459,0.11702651388376706,0.0011588623036378738,29,50,0.00032782554626464844,4.291534423828125e-06,10,True
977,0.11349953679295743,0.11441540349539459,0.11702651388376706,0.0011588623036378738,29,50,0.000324249267578125,4.291534423828125e-06,10,True
978,0.11349953679295743,0.11441540349539459,0.11702651388376706,0.0011588623036378738,29,50,0.0003159046173095703,3.337860107421875e-06,10,True
979,0.11349953679295743,0.11441540349539459,0.11702651388376706,0.0011588623036378738,29,50,0.00032639503479003906,4.76837158203125e-06,10,True
980,0.11349953679295743,0.11441540349539459,0.11702651388376706,0.0011588623036378738,29,50,0.0003159046173095703,3.5762786865234375e-06,10,True
981,0.11349953679295743,0.11441540349539459,0.11702651388376706,0.0011588623036378738,29,50,0.0003123283386230469,3.0994415283203125e-06,10,True
982,0.11349953679295743,0.11441540349539459,0.11702651388376706,0.0011588623036378738,29,50,0.0003230571746826172,2.384185791015625e-06,10,True
983,0.11349953679295743,0.11441540349539459,0.11702651388376706,0.0011588623036378738,29,50,0.0003218650817871094,3.337860107421875e-06,10,True
984,0.11349953679295743,0.11441540349539459,0.11702651388376706,0.0011588623036378738,29,50,0.0003230571746826172,3.337860107421875e-06,10,True
985,0.11349953679295743,0.11441540349539459,0.11702651388376706,0.0011588623036378738,29,50,0.0003254413604736328,3.5762786865234375e-06,10,True
986,0.11349953679295743,0.11441540349539459,0.11702651388376706,0.0011588623036378738,29,50,0.0003361701965332031,4.5299530029296875e-06,10,True
987,0.11349953679295743,0.11441540349539459,0.11702651388376706,0.0011588623036378738,29,50,0.00032401084899902344,5.0067901611328125e-06,10,True
988,0.11349953679295743,0.11441540349539459,0.11702651388376706,0.0011588623036378738,29,50,0.00031828880310058594,3.0994415283203125e-06,10,True
989,0.11349953679295743,0.11441540349539459,0.11702651388376706,0.0011588623036378738,29,50,0.00034308433532714844,4.76837158203125e-06,10,True
990,0.11349953679295743,0.11441540349539459,0.11702651388376706,0.0011588623036378738,29,50,0.0003457069396972656,4.5299530029296875e-06,10,True
991,0.11349953679295743,0.11441540349539459,0.11702651388376706,0.0011588623036378738,29,50,0.0003323554992675781,3.5762786865234375e-06,10,True
992,0.11349953679295743,0.11441540349539459,0.11702651388376706,0.0011588623036378738,29,50,0.0003905296325683594,4.76837158203125e-06,10,True
993,0.11349953679295743,0.11441540349539459,0.11702651388376706,0.0011588623036378738,29,50,0.00038123130798339844,3.337860107421875e-06,10,True
994,0.11349953679295743,0.11441540349539459,0.11702651388376706,0.0011588623036378738,29,50,0.0003285408020019531,2.86102294921875e-06,10,True
995,0.11349953679295743,0.11441540349539459,0.11702651388376706,0.0011588623036378738,29,50,0.0003299713134765625,5.0067901611328125e-06,10,True
996,0.11349953679295743,0.11441540349539459,0.11702651388376706,0.0011588623036378738,29,50,0.00034427642822265625,2.1457672119140625e-06,10,True
997,0.11349953679295743,0.11441540349539459,0.11702651388376706,0.0011588623036378738,29,50,0.0004096031188964844,3.5762786865234375e-06,10,True
998,0.11349953679295743,0.11441540349539459,0.11702651388376706,0.0011588623036378738,29,50,0.0003833770751953125,4.76837158203125e-06,10,True
999,0.11349953679295743,0.11441540349539459,0.11702651388376706,0.0011588623036378738,29,50,0.00039386749267578125,5.245208740234375e-06,10,True
1000,0.11349953679295743,0.11441540349539459,0.11702651388376706,0.0011588623036378738,29,50,0.0004010200500488281,4.0531158447265625e-06,10,True
